time,return_percent,true_variance
0,0.4446094149214424,1.141331248995966
1,0.8846676985517589,1.0687949515356445
2,0.44599893238953625,1.050351575664871
3,0.7065340557671989,0.9888273938168484
4,-1.1265185850037618,0.9578744273370794
5,0.46737896084152325,0.9980898853173522
6,-0.08618441265463837,0.9443309338475613
7,-0.06122592702094494,0.8819132321451189
8,1.202058767367169,0.8266114563853375
9,-0.4408037629476253,0.8891991159798643
10,-0.5943928062524647,0.8494824306980159
11,-1.1750889905460489,0.8277428206442363
12,-0.2592879320049553,0.8926726977928778
13,1.0023463902568415,0.8417921139748208
14,-1.5338013006984654,0.867977414733894
15,0.2720912392949022,1.0069640035300063
16,-2.437186615391853,0.9412123225407447
17,-0.7853542619029515,1.3612881288647252
18,0.5187832460031057,1.299821192374178
19,-0.5733319821783818,1.2137454274087482
20,-1.2669412307560535,1.1462594034057567
21,-0.38189923556434074,1.1912056935106583
22,1.0626456686902064,1.1111828499331553
23,1.5952528591906745,1.1148097071762524
24,1.696813293583025,1.2295462679461737
25,0.8147818001624614,1.356936941515573
26,0.4302750143818021,1.294638757323263
27,1.1011676406120923,1.2027481534385505
28,-1.2477615494034395,1.201932252394462
29,-1.057637378716741,1.2362779297987911
30,1.4528873893493397,1.2308287638235353
31,0.9953184301935736,1.2973826138092206
32,1.0053115791611746,1.2677963833741346
33,0.26734601008721026,1.2433279300115654
34,-0.8643325549279779,1.1490229823066624
35,-1.12496117037209,1.1237037498462987
36,1.023199038328336,1.143734186397529
37,1.1746195712436716,1.1369987488700575
38,-1.1853346929440118,1.1572106073495643
39,-0.784872651692964,1.1845718722287715
40,-0.09006436009581588,1.14424884639678
41,0.9196057817929074,1.0579081178982304
42,-0.32823320721083177,1.045702388761261
43,-0.8236264980139052,0.9799194114382571
44,0.9931111364234062,0.9692655355177627
45,0.6108812383798565,0.9787092939621316
46,-0.6528176947033876,0.9391954297162208
47,-0.609918549037733,0.9127066701747528
48,1.0641599439354963,0.8849256600275267
49,-1.2058689233991564,0.9159561799057738
50,-0.26937879001004594,0.9762618077055455
51,0.4499781234596083,0.9158095975094943
52,0.1733911598485408,0.8707029407406627
53,0.8606456988003292,0.8181008956853577
54,-1.5354832147445958,0.8264636034760343
55,0.03735038463315625,0.9708502135670848
56,0.30640049413724757,0.9043722708067882
57,0.32799653697824427,0.8524096177533385
58,0.5384878150953186,0.8077094129661851
59,-1.0120612931864272,0.7822906525624282
60,1.3315260039902124,0.823627815286428
61,0.4537002741869333,0.9124005141834595
62,0.5423074965288321,0.8679601267078301
63,-0.507328799346134,0.8356293211773077
64,0.18243386546277493,0.8075998556456176
65,1.1820025664160485,0.7627986538200778
66,0.006176805472932105,0.8292828125102671
67,0.1925111106006871,0.7797841614655897
68,0.2921899828065761,0.7385908687521735
69,-1.3520494242773384,0.7058869554411322
70,-0.13642914334669468,0.8217820906009785
71,0.630140272305073,0.7751258458799156
72,-0.40643402106949783,0.7618924365254064
73,-0.016152931639078476,0.7350130220883977
74,-0.007338125438969341,0.696916022195078
75,-1.2668019830525041,0.6633458893798699
76,0.7240395680678315,0.7662131301413141
77,-1.1634696329283218,0.7639212915967675
78,0.406064714129661,0.834298766370235
79,-0.0992013139566761,0.7961065914854882
80,-0.2757586138182202,0.7517105167671495
81,0.07660644855772576,0.7185031073669056
82,0.6426593175766598,0.6825390776843424
83,0.6916092739553553,0.6816507584234238
84,-0.3364144558826406,0.6859373887616402
85,-0.11399373662193339,0.6637874032592129
86,-0.6651591944098556,0.63556926058442
87,-1.1554452667835682,0.6468563990490386
88,0.8323534899792249,0.7297673571794654
89,-0.9270689524389559,0.7449887297324437
90,-0.6282936155811162,0.7773452502184561
91,0.35242532444072305,0.7676865891525003
92,-1.1349365343690194,0.7344047261605618
93,0.4502114395969753,0.8029864308949202
94,-0.7210739593362808,0.771434609808338
95,-0.979022828581496,0.7727977056878457
96,-0.5025701862920915,0.809905709967462
97,-0.733826913917164,0.7845633927394746
98,0.22926299432021205,0.7858761869024078
99,1.2441013496740945,0.7450743245374678
100,0.6324433990666788,0.8255393347348869
101,0.43753571214241177,0.8064815679315283
102,-0.521213929657717,0.7736506654528865
103,-0.18941683217299676,0.7542455870109841
104,0.09822633910804832,0.7172445493374559
105,-0.04264644510532295,0.681664752227381
106,0.12046839432064872,0.6501789481268421
107,-0.9443356037154115,0.6229649862122105
108,1.446537288000682,0.6726046403941985
109,-1.2096542040378597,0.804692774271402
110,-0.15342340085535403,0.8790935982794723
111,0.7348150707634419,0.8260084205630746
112,-0.6924383832915305,0.8177642569267491
113,0.9263599410851583,0.8102380220945032
114,-1.305155084058626,0.8287285268674742
115,-0.7368983303547153,0.9197639833878912
116,-2.261738357274661,0.9052239119808447
117,1.1271615724196025,1.263103437027821
118,-1.376059321658362,1.2595955643798942
119,-0.8330014968319883,1.3143626270214435
120,0.8207989287898914,1.2648480360666794
121,0.3376356480901642,1.214368585686761
122,1.088834801922902,1.1267157477993623
123,0.6469792730243323,1.1329024847675644
124,0.8839060824389146,1.0784024272996262
125,-0.5362263135799396,1.0587008335656674
126,-0.1268600869607138,1.0064077504912856
127,0.6759305195532749,0.9373642512437
128,0.6787137471291292,0.9093001288129704
129,0.8513447231721801,0.8848964174079659
130,-0.7584923767426553,0.8839995712187083
131,-1.0645901606061958,0.8764036531241776
132,-1.2403428437018518,0.9153420800679781
133,-0.5112803758845234,0.9825781571534584
134,-0.1386888048761375,0.9372494853190434
135,-1.1561840990976642,0.8767941180241995
136,-0.2184814529379947,0.9322515466589103
137,0.5515610263142678,0.8749312333314744
138,0.8697384046494402,0.8425440553073996
139,-0.5794198693252327,0.8492031971774057
140,0.47861447593500905,0.8260431478954674
141,-1.1735005275887074,0.7937441491509827
142,-0.6518133107490588,0.8624503320012267
143,0.05966438952049943,0.8450629421210485
144,-0.6117654696858311,0.7937812501702053
145,-0.723973163729836,0.7804577088447694
146,0.20094929696052144,0.7810824692514116
147,-0.8873169630968197,0.7399719847868828
148,0.06123412447858133,0.7670332723343156
149,-0.1256614421511095,0.725125299895919
150,0.3891590404443672,0.689807644366772
151,0.5841765424059631,0.6679329988141038
152,0.07586673622508146,0.6632446526365032
153,-0.427308180209288,0.6339049816974383
154,0.7644371930055383,0.6238431525403173
155,0.12521944492947035,0.6433169129818764
156,-0.7230508644324706,0.6170045739513526
157,0.10491832684871073,0.6371339920478976
158,-0.5106910042449058,0.6112548027809326
159,-2.0046775926302924,0.610434861806138
160,-0.9609421622878153,0.9151282267173372
161,-0.4101503630521098,0.9322926415715683
162,-0.47354690913610553,0.885219871369689
163,-1.458330779812817,0.8484805709267506
164,-0.3904912755531563,0.9714998539788982
165,0.36493361157563087,0.9184001184858509
166,-1.1040971762732612,0.8677104399791175
167,0.20142702755907066,0.9146727441180649
168,-1.9187775343701619,0.8575452761302107
169,0.4805404607351549,1.105348509216861
170,-0.6260526876875279,1.0396744893887695
171,-1.3862243040792588,0.9983042766835795
172,1.1047864210592568,1.0867051069522056
173,0.43605120904759814,1.100441420463105
174,0.9145236460260489,1.0322363386915299
175,0.263556854396383,1.0223817823125252
176,0.29105126296767897,0.9544415637408991
177,-0.40894433220613774,0.8957860790645011
178,0.34498691645470553,0.8530112087873025
179,-0.11843675663958901,0.8090991834021652
180,-0.5991907229187783,0.7635404602410165
181,-0.20501901985536883,0.7525873771199889
182,-1.1175553969552963,0.7163275766093239
183,-0.06607190080179566,0.7838908499075747
184,0.33606754627318364,0.7404166176872765
185,0.06411365339600153,0.7095585190693754
186,0.4256922632728998,0.6745671779343257
187,-0.2893459454862241,0.6567860135805657
188,-0.011334072260065348,0.6356272850699991
189,-0.014377763947736415,0.6094305567883511
190,1.4358969427742105,0.5863934364260727
191,-1.1456257465299082,0.7264073562595323
192,1.750501913761058,0.7979331439862609
193,-0.7737470657395792,0.9917521165903644
194,-0.3800789704897585,0.9731446149491361
195,0.21644029881017937,0.9191723157654914
196,0.4890033956288414,0.8619587411533631
197,-0.06877071187466224,0.8261208270238702
198,0.15234165121157076,0.7776167469239446
199,1.1463370218331588,0.7357038823047036
200,2.2656195012487066,0.7989102233682983
201,0.3839674924630571,1.1564655521151819
202,0.6673541492101128,1.0782874727069476
203,-0.1485122869401947,1.0324183675420777
204,1.5680243730439136,0.9607998747050135
205,-0.16684039223210137,1.087214246503452
206,0.4601650881074788,1.0095412834965933
207,-1.056025317128107,0.9538959538600953
208,-2.6574136718450587,0.9820548780449353
209,2.683751087397062,1.4876918102941703
210,1.398015525679199,1.9268143815075922
211,1.1828187625580175,1.8975107988477147
212,-1.3134088988584154,1.8279813009505457
213,-2.2310388122000746,1.8008618881608651
214,-0.40635583975468437,2.0401325203040512
215,0.09302168090262965,1.8598589620349988
216,0.8663348549171117,1.6871024598613464
217,-0.044629501211080766,1.5919527796097903
218,1.4721443092780575,1.451252603850759
219,0.3645681387435573,1.4958001389861595
220,0.30697843894044313,1.3758022984867964
221,1.2456846600943752,1.2672945526217163
222,-0.7987061263092916,1.2854034371863636
223,0.3751986357107928,1.2347774024245093
224,-0.6336737420162052,1.1466973997984329
225,-0.7421021790581867,1.0932768607027383
226,1.4969320483123285,1.0585476159244287
227,1.1172320781877068,1.1560281640400614
228,0.5269872892693076,1.1636182430275832
229,1.312156476830382,1.0945469427827246
230,0.35425114633726357,1.146774778497974
231,1.3424888867457012,1.0680997113844393
232,-0.9314440412073798,1.1298458944635772
233,-0.19356767929162527,1.1166840482118703
234,0.3476437411047718,1.0363308547174868
235,-1.0162310429290051,0.9705591858381988
236,-0.6966790655741333,0.9899940654839936
237,-1.2380158820901166,0.9622850882684914
238,0.6422241030987261,1.0234191944435502
239,-0.48760264237934914,0.9815819178684853
240,0.22517173003798527,0.9344049231283069
241,0.4547146951003412,0.8756439674574525
242,-0.17120056136847847,0.8356848406534529
243,-0.0066471297958178195,0.7883272721484483
244,0.09167360598026812,0.743784805052743
245,0.32864951869544107,0.7049415969099511
246,1.0681467882333808,0.6779697673120312
247,-0.9543640529049178,0.7345023304093036
248,0.05233498696742361,0.7723128753676509
249,-1.035032902676818,0.7297189744341075
250,1.2370845885586736,0.7812002515604684
251,-1.698260779294606,0.855959813029775
252,0.13473673292719188,1.0394382439191707
253,-0.4345712417577109,0.9657588160794947
254,-0.5718082837564465,0.9163985592566071
255,0.6331428501938753,0.8844496957236343
256,0.4567322447992661,0.8583912646163077
257,-0.881783440214782,0.8206431171541433
258,0.3895242081193008,0.8372230129392947
259,0.22602817489633684,0.797680102617475
260,-0.6646811038867411,0.7553542990114672
261,-1.2720124286575967,0.7522148402516564
262,0.687522097581801,0.8454927486859138
263,0.5945864630883169,0.8296804789044048
264,0.4291745859974917,0.8065307897210237
265,-0.485409230193499,0.7731410023005983
266,1.0058312436368633,0.7507991612217094
267,2.980000315372811,0.7884523211495527
268,0.1403230537408381,1.4447661919721777
269,0.5538020622705961,1.322552459916438
270,-0.9425049294415554,1.2366417360612127
271,-0.9236628228971084,1.2123579868698107
272,1.8405541792396245,1.1881149903108845
273,2.561720252329982,1.3606945930373273
274,-0.3903577839514872,1.7642385891611991
275,-0.886778019524419,1.6160014393298212
276,-1.1920771054169763,1.537860976745653
277,-0.8077394612200939,1.5208481322942544
278,-0.0008405979882102586,1.4431585656718184
279,-1.478556625456021,1.3200142842331608
280,-0.8928438602492119,1.3912663269010326
281,1.0193988321924843,1.3409770807284833
282,-0.2565968110555734,1.3099636731040813
283,-0.9164775510407176,1.2088884960024806
284,-1.3320237982033594,1.1839810927704406
285,1.109778942975131,1.2381408297106469
286,-1.2249441314651488,1.2345733817095288
287,-0.23202439337316136,1.2604154471419464
288,1.0006721276949924,1.1642468970733217
289,0.5043110210318514,1.1514746951875492
290,0.23337004679485426,1.0820623049724765
291,0.23529645778344271,1.0058569705253184
292,-0.9728364046212746,0.938862339241008
293,-0.7606852423179025,0.955056788639391
294,-0.5083072710515331,0.9392075298085011
295,-2.762196860079747,0.8988313120431544
296,-0.5805853307637817,1.4602211040569841
297,-0.19318845546343225,1.3638507907324373
298,-0.16578919459085292,1.2538246412479757
299,-0.20117330046735452,1.156127094284356
300,0.1439053320533313,1.0713052532774032
301,0.2046678392888277,0.9939768253890146
302,1.5047834031535792,0.9274277832117411
303,0.09410022471482754,1.042502989568758
304,0.7750002317970744,0.9678418982847301
305,-0.6327156473990908,0.9473028984916534
306,0.25528906431237425,0.9177095679814241
307,0.21643637713330177,0.8620132953264527
308,-0.2526784542882516,0.8116586799081789
309,-1.5378043291016188,0.7702079214738398
310,-1.3360318199588506,0.9219233171183987
311,0.3954400695120532,1.0083983028034638
312,-0.10024956179552023,0.9486669261306653
313,-0.2777369131166199,0.8859836915639466
314,-0.6622214202340567,0.8367574301308501
315,0.038294605232387036,0.8235806238132419
316,0.4615972300114802,0.7747777243621017
317,1.5635935838146948,0.7474050465229545
318,-0.05339246680319264,0.8983309330997115
319,-0.19648147711757077,0.8409621374624228
320,0.20822143924721057,0.7937958193617325
321,0.9758418803331849,0.7513745058537079
322,2.006249149794418,0.7843002611671732
323,0.5376509649604037,1.0557990846318364
324,-1.466336505764555,1.000540196197971
325,-0.006935809265508849,1.1072110693236854
326,-1.1754113128199808,1.0244037840305062
327,-1.0211476864851488,1.0657959864922848
328,1.8417425674492507,1.0746195485190808
329,-0.42039156400042277,1.261164881261318
330,-0.8003011993218151,1.175340673881379
331,1.4336557859200634,1.1381313176243182
332,0.061374877511556736,1.2114293739946218
333,-1.2145954396832772,1.116194799554395
334,0.044432356970377423,1.1541894955828071
335,-1.4539280773911507,1.0657345113182406
336,-0.9407607639717818,1.1616434881458098
337,0.18443463961974707,1.146091169215324
338,-2.6317781986744873,1.0607233289660352
339,0.8687912950788483,1.5459907386873355
340,0.29138511281981744,1.4681075830529855
341,0.9611270755171106,1.3478266634434453
342,-0.45696425719998,1.3069450776119431
343,0.4561746559869178,1.2183112605102162
344,-1.0576783271044887,1.1373337756910147
345,-0.9909652468987378,1.1437649687449514
346,0.10503617101353827,1.1382772309305191
347,0.0248103341306184,1.0522624552493083
348,-0.010796258903180363,0.9759928117645472
349,1.2854106659575826,0.9089495471177962
350,-0.27087834885314865,0.9779767337451977
351,0.4301332162442685,0.9173883428022966
352,0.3218054960100321,0.8707584820713705
353,0.14533919545794358,0.8235543888165551
354,0.3655063461182754,0.775984655272012
355,-1.4872763250825691,0.7424164674560108
356,-0.5187848668624204,0.8850770449736427
357,1.0190299309455784,0.8520909301976021
358,-0.27265303981482725,0.8796848828079
359,0.6381611569134671,0.8309743610079807
360,0.4275389891597686,0.8118272949603507
361,-2.677460584421772,0.7776950617799379
362,-1.5031521144639244,1.3164751427270691
363,-0.7871299697323614,1.3940975147034946
364,-0.7859214038113974,1.3289225159822884
365,-0.5071439042458091,1.2714125587941205
366,-0.47194533823273704,1.1910735074015073
367,-0.8610802008549227,1.1175055037780401
368,-0.6974914992551665,1.0955090289517595
369,-2.0057416946746973,1.0552314695978224
370,2.2106070840961167,1.3068940463295649
371,1.7400371510576065,1.5839675125213843
372,1.1243164826613734,1.6805736351002878
373,-0.11640740519208594,1.6264659903984604
374,-1.1175943349083957,1.4827786299659442
375,2.9314942262292547,1.458374864035285
376,-1.351087095436933,2.0115137707003536
377,1.9919114379211775,1.9705225040782062
378,0.4300046712575033,2.095134581109171
379,-1.2743750858354292,1.9071667378123083
380,-1.13010730718806,1.8623392783013493
381,-0.5791760073603357,1.7946783103489772
382,-0.8191954323805699,1.6580378641308018
383,-1.783674584434732,1.5654132383333785
384,0.535060826035029,1.6878230102562375
385,-1.1604615557036224,1.5565072613867599
386,0.9289427875291264,1.531205548779886
387,-0.23016483001870638,1.463555042206397
388,0.15197952799006775,1.3429350325158924
389,0.11686045475355582,1.2331763162786638
390,-0.4238424350108199,1.1359457141408293
391,-0.11047172897431133,1.0653919170132367
392,0.16320849351338967,0.9889067167365719
393,2.209866794551618,0.9218786045373333
394,-1.4474689968170358,1.2448944982232355
395,-0.8213812096003412,1.317784378965983
396,-0.4509829753371735,1.266284040679548
397,-1.384106095691792,1.1820759528425988
398,-1.5083323174137755,1.247947952738195
399,-1.8169165093784427,1.3350581722057204
400,-0.10743213590355839,1.4947921725352007
401,-0.6628430968742319,1.3667162277718519
402,0.15366345152572358,1.2900122560351328
403,-1.592579507148801,1.1866400587728183
404,-1.0586393138207553,1.3022762650701818
405,0.9926676476693834,1.2890801348073369
406,0.8005018184666152,1.2600771068562717
407,-1.7561731355892254,1.2076025011238944
408,0.9169457375730551,1.365073481596136
409,-0.6780112958585499,1.3156255962966377
410,-1.2854246126195268,1.2467281062727318
411,0.7727439697577211,1.2834514070586314
412,0.9435149712111529,1.2247671169321246
413,-2.7768199403126634,1.1960254550643605
414,1.0650274582397032,1.7282785427390799
415,-0.7163246148628449,1.6582517086883852
416,-0.7279561558971365,1.5526354187220124
417,-0.5269912147398116,1.4610742413669247
418,1.1708250579138095,1.3596812835230965
419,1.3805725615946323,1.3524713946141107
420,0.3048374052757525,1.3882674428895516
421,0.7889634681361628,1.2781659375383434
422,2.2573754729414888,1.2220904102599819
423,-0.13707012363967794,1.525907481582396
424,-1.3050882899620104,1.3947722656917232
425,0.5124247201184005,1.4178683119042719
426,0.7005426050649579,1.317122682874454
427,-0.2776306247858327,1.2461190199142076
428,-0.3019653373497626,1.153671456629335
429,2.1295418359032556,1.0735238161101943
430,-0.4024935198002602,1.3507142987710572
431,-1.0962616682136253,1.2529086448603874
432,-3.0961292158935234,1.2522428164309862
433,1.0120460691040918,1.928794581670883
434,1.5993682990593543,1.8260716641283676
435,-1.70989363465025,1.8564954023588545
436,0.6877186889175189,1.9231185130520683
437,-0.5624983315480385,1.7780121512881983
438,-0.01973585368640875,1.6417950376341146
439,-0.8148653790646558,1.4949059481634759
440,-0.10498872347564175,1.4212772504767206
441,0.9005310491204829,1.3019737548991996
442,-0.6524626944770412,1.2577636985885132
443,-0.8175938457472501,1.1930085407949573
444,-1.1583659524007393,1.1559725919342558
445,1.1438622367262639,1.1783395863243293
446,-0.9828304941124921,1.1879841421365587
447,0.59906665728368,1.175879565073924
448,-1.3811600969658766,1.1115994727512686
449,-2.390188502041344,1.1852675054074702
450,-0.7871066812625636,1.5577560939883575
451,0.1993562382260637,1.4729390583048483
452,1.176324116007855,1.3487598641235148
453,0.8412026264031632,1.3438755173296009
454,0.2869699569823451,1.286560355538965
455,-2.782867704408118,1.1878749495087817
456,0.5388136720213907,1.7238153450408507
457,-1.9452615578666286,1.588490913738054
458,-1.0144340007493502,1.7568522433557572
459,2.223260647150043,1.6816342703055709
460,1.2894963847887553,1.9181867562113046
461,-1.5622529559621423,1.8669340311452856
462,-0.5663389935053639,1.8931839007399263
463,0.9514664523216382,1.7435053058755259
464,-0.2696307711896586,1.6536950493145155
465,-0.34023248030490333,1.511962522086367
466,-1.390887821223899,1.3909084146253328
467,0.5702037651465353,1.4332477603965266
468,0.7049682403052314,1.3354759638034575
469,-0.9577099788517618,1.26275336736519
470,-2.312374794995602,1.2376963075010723
471,2.1897843442263225,1.5743705253474058
472,-1.0185208184217083,1.8120831903416894
473,0.47374798966172993,1.7309152467243103
474,-1.1432988012861138,1.5896763961671578
475,-0.9936010820820862,1.5571763567129957
476,1.1054290120688826,1.5025061661952743
477,-0.4448973248768237,1.4664579174711079
478,0.8381956709418993,1.3577733291887852
479,0.8474131145326732,1.2983960621619763
480,-0.6254439333774888,1.247357531670592
481,0.26781945497832044,1.1810024575608253
482,0.7601803697649482,1.0941953212347864
483,1.2281024130562537,1.056721241069442
484,-0.32434656050839955,1.0966756073756965
485,-0.03220998334116522,1.02456049878933
486,-0.9525666990620015,0.9518313095234492
487,0.7269902630217209,0.963282431110584
488,0.06093942325493042,0.9376753579379157
489,-1.2772301815611808,0.8752883978954815
490,-0.37588013213064836,0.9548782816642841
491,-0.14161559720968978,0.9028305741858323
492,-0.5706853069084938,0.8465804733844481
493,-0.6798323863338728,0.8229035471221209
494,-1.4971672367359858,0.8133363509844075
495,0.06416793553883497,0.9498797028042871
496,-0.426634867368152,0.8860502029901537
497,0.8131525555351247,0.8456827950112527
498,-0.12118785591927823,0.8445281377180542
499,0.7203784226964639,0.7947794820446143
500,-1.0796575461466125,0.7886483389975636
501,0.3204707896872788,0.8407502758216311
502,0.6241142294381672,0.7970828583594591
503,0.6321785894839944,0.7806292355330977
504,-0.26050094583552413,0.766934737302935
505,-0.7727203940638373,0.7311970312757528
506,1.4164638666185738,0.7437258373758405
507,-0.1976686964211467,0.8604876433524435
508,-1.085654448100164,0.8110194990622849
509,-0.2100479250007786,0.8614948998631049
510,0.2827284396245696,0.8123492757033054
511,-0.632925977093304,0.7703894612579136
512,0.34872125470535714,0.7620477124320237
513,0.756245402186547,0.729246600003786
514,-0.0427377621739964,0.7351015913825982
515,0.8372525952565119,0.6972042825608945
516,-0.10147044875636431,0.7169719130098675
517,-0.3877635579030071,0.6821156890423692
518,1.2842358754446341,0.6635634958895824
519,0.5463966375226244,0.7617992642837333
520,0.09372883952361846,0.7425508261692955
521,-1.5016854109666353,0.70387960237118
522,-1.2715987588780935,0.8546561692825343
523,-1.6080047332380534,0.9355556172834647
524,-0.04839713951781857,1.0853208961250893
525,-0.033506819075397765,1.0054566420856161
526,0.39535799819012674,0.9350308834103476
527,0.9659658926442761,0.8840986675455298
528,-1.443988018195882,0.8995949450437688
529,-1.3532956345176996,1.013104425032205
530,-0.9587991975262158,1.0924071660111703
531,0.4685978566664997,1.087962135616067
532,0.286405055917298,1.023505882302601
533,-1.0161220783026683,0.9563629087317529
534,-0.6964363127752469,0.9774832765756418
535,0.36448344657408116,0.9512477626076041
536,0.06036713927508633,0.8965915386917762
537,0.9233208911619563,0.8391309145234235
538,-0.7514577098019306,0.8537142953733832
539,-0.1301840907316791,0.8488803397696044
540,-0.8856574072552487,0.798819119885964
541,1.0325243823722654,0.8185780526449523
542,0.9386407044554973,0.852365136319425
543,0.4477418756281952,0.8675933794716935
544,0.8804710916285188,0.8281192229083644
545,1.254723373948639,0.8379777561216306
546,1.3811931776353512,0.9093837702010438
547,1.6898575916680325,0.9984854671242005
548,-0.7626849114226906,1.1517411611854054
549,-0.8319874257537527,1.1125398754886564
550,1.3423881680752416,1.0871056963214183
551,-0.44251027291312534,1.1465498501280795
552,-1.8128922781162544,1.0760771283167239
553,-0.4974436683099184,1.2657074011729723
554,1.1196273958417269,1.1852423490221378
555,-0.49160046021958514,1.1897476999143337
556,0.8192740323865584,1.1179167783963648
557,0.33227977114065327,1.0848738832965985
558,-1.3320183939022328,1.0124905097380994
559,0.4858179380861619,1.0872279475655253
560,0.027384211698449932,1.0241195019730898
561,-0.5160406283908473,0.9512295238629116
562,-1.3431246293286951,0.9100691454222146
563,1.6131428856277779,0.9995095483781483
564,-0.9506102525847318,1.1326167428948826
565,-2.1363971541915885,1.1220694747413043
566,1.004506057362549,1.4094250327007942
567,-0.5039315400128458,1.3678342029353832
568,1.3526392497736273,1.2756544392727558
569,-0.10295253467129316,1.3146500961630023
570,0.000547860064854154,1.2081014706860098
571,0.6345545022003264,1.1131595650635333
572,0.13693327482449147,1.0597945961498845
573,0.12855949892426308,0.9837131158727928
574,1.0515258573482886,0.9166103551525926
575,-0.8577656871048049,0.9417407600845312
576,0.5557538145753732,0.9403696769910731
577,0.2901468941076891,0.9004878877387095
578,-1.4568185112064407,0.8482676887617469
579,1.109055506384708,0.9709549993136979
580,0.7857788924232474,0.9993237510750024
581,1.5357116326160516,0.9763182859124802
582,-0.43569366019195227,1.092950631862792
583,-1.0930477237596175,1.028409092994388
584,3.1667891922283102,1.0541100206643788
585,-1.3318238615634257,1.7697993958106455
586,-1.0291381500987047,1.7536176885287482
587,0.7375826761709584,1.681238834544701
588,-0.5221583882828982,1.5706841661705906
589,0.5163589672429306,1.4557169236689607
590,-1.5192244619874198,1.3507406707776828
591,-2.0078579054436783,1.428188745834798
592,-0.6799599887337952,1.635782711108256
593,0.8520683679278183,1.5286843046415224
594,-0.019714362550017666,1.4506292095970248
595,1.3954179594907148,1.3266798828928021
596,-0.28708043923945115,1.368820262008834
597,0.23123147432060828,1.2621057022608537
598,-0.9585806676622989,1.1642225168490439
599,-1.5458098897953918,1.15112542467695
600,-1.3401699874740303,1.2591312225942006
601,-0.8873855796804647,1.3060404674689048
602,2.226561198649358,1.2651834985896004
603,-1.5810804182503693,1.5528744646296397
604,-1.1016404775778685,1.6216062093304653
605,1.7386397707463397,1.5776596530860982
606,-0.840929158080646,1.6746383076430489
607,0.7594581961948108,1.582977631944559
608,-2.7554842510919624,1.4867641900247868
609,-1.3443868040188465,1.9746175134665733
610,0.7303274172222741,1.9365875199290454
611,-2.2545551695049597,1.7945622207101735
612,0.2738882999546654,2.0431028517546914
613,0.06492161135280029,1.853087251052438
614,-0.7109092639480901,1.680878217019468
615,-0.32662787604386323,1.571911099147143
616,0.8630081503764138,1.4428938380055403
617,-0.044580140206678665,1.3765995967729605
618,1.12044427735823,1.2617412927209344
619,0.8907247413265629,1.2572105462000605
620,1.71179356642339,1.21699820666871
621,-0.47607394923796387,1.3499316595797906
622,0.20517036630636798,1.2576270094792197
623,-1.119274063352863,1.159454813506356
624,0.6855307740587699,1.1741558671998769
625,-0.7364687238091461,1.118691660033433
626,0.6552360102003221,1.080228255237536
627,-0.2676663885751873,1.0328828477014496
628,-0.15263280742130983,0.9655570620665469
629,0.23301295201549557,0.9020743815144143
630,-0.6671365279472307,0.8474554171507931
631,-0.5949717599033069,0.8335332957358479
632,-0.5465435132152545,0.8137645214858318
633,-0.4669138351640908,0.7917905030968346
634,0.5568954005871813,0.7657424493551508
635,-0.3227911783466016,0.7469138891262662
636,-0.4735126439531609,0.7166846857872944
637,0.6972489739787648,0.7001669018721502
638,0.5887948109249489,0.7028401674679154
639,-0.12118578209906904,0.6943815503265774
640,2.0117196561630806,0.6626504382927423
641,-1.0125247901464902,0.9504881607973235
642,1.5886818268191416,0.9717181768830089
643,0.2760343403406195,1.101973009560459
644,1.0211225319863377,1.0249805350878964
645,-0.30087497542392644,1.0321625768014078
646,1.151201865041295,0.9665399275735033
647,-0.9819419006533698,1.0029245490225152
648,0.8059884055020726,1.0128846089226045
649,0.262301130243195,0.9907606777385872
650,0.8714241926198488,0.9265661834273271
651,-0.4595946872159978,0.9233720938783168
652,0.40161016951470735,0.8809683277333836
653,-0.7098121899939992,0.8369022341235411
654,-0.31976916851621057,0.8290840326418232
655,-0.21311787339918567,0.7888293957547402
656,-0.5163004362665361,0.748517383696024
657,-0.41188631842748763,0.7317047502876752
658,-1.0207954354944069,0.7088222436167422
659,-0.10168894073534898,0.7604239854664125
660,1.2365956525671087,0.7203577630742264
661,2.5475619577626274,0.8023232300529344
662,-0.9367770914589165,1.2671299984728899
663,-0.836898317631247,1.23830819087539
664,0.3720291363483765,1.198453186111084
665,0.5341053255532218,1.1145527648048088
666,-1.3156645116429844,1.0519507758892066
667,-2.426128413707416,1.1184366577955012
668,0.3247908830961761,1.512907796167782
669,1.5792821705216717,1.3887906592211319
670,1.726152964496956,1.466644651099138
671,-0.0029754245807699295,1.5735239280281816
672,1.6722250767341382,1.4347432862755733
673,-0.20102532670410847,1.530961908257635
674,-1.6425666759065582,1.4011546548702913
675,-0.15523754220087901,1.504146332432655
676,1.221806559557311,1.3761054282364649
677,0.16187012134124779,1.3765198973756876
678,-0.6257552950786,1.2629476801969557
679,0.06931400868727734,1.194753950663085
680,0.36353329872992923,1.1015780262997394
681,0.1518517238539427,1.028829873330672
682,0.30813891893165124,0.9567610786976518
683,0.3700273781557323,0.8985916721821817
684,0.9970242680528775,0.8505622047570061
685,0.13656665368605747,0.8748608538153062
686,-0.12437069043118461,0.8209645741375947
687,0.3288167674366528,0.7741162569415295
688,0.5215455727674014,0.7388517297765479
689,-1.4631589856680396,0.7203133591283686
690,1.0761726720613554,0.8598566021743921
691,1.6183728991785231,0.8959138669702029
692,0.03967818276182308,1.0427878769200472
693,0.6176167326025283,0.9676843101597861
694,-0.6976378649674151,0.9301338536675335
695,0.6558772282083547,0.9097181196462287
696,-0.7838655011434141,0.8828991332369964
697,0.18402391180480332,0.8786472167628411
698,0.5378127449563268,0.8253618582428002
699,-0.6867450558427154,0.7977688383608006
700,-0.9696382638969708,0.7919956636741543
701,-0.29802493699902116,0.8253068955027766
702,-0.4837576840288894,0.784361256886702
703,-0.2662735352711904,0.7605396503977498
704,-0.9206168627174712,0.7258310953097532
705,0.9588907642355261,0.7595121704668595
706,-0.22508085929510663,0.788891979384178
707,0.39678527572321987,0.7490301120655029
708,-1.3649224118938112,0.7205038701377884
709,-0.5227156830546543,0.8374842126785155
710,1.45039151129356,0.8105493321677721
711,-0.8301788351849915,0.9269650023540934
712,0.28734477580301143,0.9235535262153229
713,1.960846904138893,0.8684449614014171
714,0.01102816220791588,1.115582502457689
715,1.5414715337113931,1.0317190416726358
716,-0.9449853096788325,1.1431028069034475
717,-0.49576882471767114,1.13042620190671
718,-0.049364851205937685,1.0660564561219565
719,-0.5247450879329886,0.9885145999939475
720,0.3453595536433516,0.9436326248608433
721,-1.6610611727551956,0.8888654170093022
722,-1.0791527146198858,1.0582789002917918
723,1.3696688233994907,1.077936367461278
724,0.1388025548468984,1.14431247799445
725,0.5118924262618273,1.058124104398168
726,1.6926685891587603,1.0005058645914875
727,-1.8653050767657748,1.1542707775731775
728,-3.4594479944553824,1.3501083028627006
729,2.6344022590697698,2.206619974208743
730,-2.1811237916724235,2.538633511082023
731,0.1298607386564541,2.671593165453491
732,-2.5230476598017004,2.4019675361509236
733,-4.191048944006664,2.681098743814645
734,-0.16686084720026115,3.828001551262459
735,0.8446123521502742,3.421434723208276
736,-1.4722381077817237,3.1152613989287876
737,-4.393816576847077,2.9695719966826113
738,0.6023276575185535,4.221765499004702
739,3.670207911410422,3.7922820791810214
740,-3.683119118715942,4.453129653401158
741,1.6814063708617988,5.065801391584982
742,0.5650508694666235,4.728726914925998
743,-3.8422587645467248,4.2350461211593835
744,2.212416942870631,4.970204007765696
745,0.3666963134637141,4.808314890944709
746,-0.3260877416462147,4.29093297073289
747,2.471031828565763,3.835603152238366
748,0.0349286802741818,3.905935335941156
749,2.363377131127199,3.4872409248677956
750,4.9172414068488335,3.5580853241788555
751,0.4586626761456434,5.099752957033773
752,0.9191186496912306,4.553176597665181
753,-1.1739149640012638,4.121468553643166
754,2.981977615875219,3.7909269625072772
755,-2.486191264953648,4.087880638762072
756,-1.0407963315760964,4.149814534633021
757,-0.10301809329932236,3.7918598990438825
758,-0.31637026824657455,3.388047387260937
759,-1.2239409666609116,3.0405332973784462
760,1.5007255514586715,2.8494604319760155
761,-0.49353935398650095,2.732929032838301
762,-3.366722042479353,2.4760753623451346
763,2.078102330043683,3.14653721430496
764,3.0953219751004815,3.157815564662864
765,-1.0370870854516023,3.585486116946194
766,2.4845757487046005,3.294622431410936
767,-0.9688080104370588,3.435198429329851
768,-1.744346784928021,3.1511939203306283
769,-1.5959166746219884,3.0720842160898205
770,2.837923789124411,2.962329046104753
771,2.5013700463581974,3.292105119077245
772,1.309405857960998,3.43962828934507
773,-1.792599551105643,3.209878291947193
774,1.436288253121073,3.137534267527
775,-1.852193457519046,2.9714999486980593
776,1.0932566974566578,2.9453286222444617
777,-0.882088648885463,2.734039582665972
778,-0.8843170621143229,2.5210559471818956
779,-0.7787770436723161,2.333952381426555
780,-3.0232046387029134,2.154921676895199
781,-2.8579438798774834,2.6872186335096093
782,-0.24329545245350573,3.0773572755463974
783,-1.7664804522586837,2.7636203621034454
784,1.3802278264314816,2.7373069111552235
785,1.9166769888151498,2.6068476610004776
786,-2.510380355235648,2.6318166296724925
787,-2.53772801945222,2.878224613484792
788,-0.2795944704964661,3.106195469585895
789,3.267893158412498,2.790632560975752
790,-1.4256705776565575,3.3496614511356793
791,0.8984251004513628,3.1648991505275452
792,-2.803159984446352,2.896841705032479
793,-1.6308667563394763,3.2368392842509115
794,0.8527585697832841,3.116447453915748
795,-0.4135409757912311,2.847952706289658
796,0.7950635894424041,2.5712350037501004
797,0.18350249027956259,2.3607446887144357
798,-0.0283327806104423,2.129593971214913
799,-0.056932391090092266,1.9242295792836464
800,1.8028162383401187,1.743795517193516
801,-0.09906329652378015,1.838814754305431
802,1.1018055980160997,1.669291069275108
803,-0.3497002895528908,1.6126004091140127
804,0.09970220268832974,1.4800226243479706
805,-1.2600245440569529,1.352928104715284
806,-2.4710349024106786,1.3716537588205067
807,-0.5828960448426735,1.7534756985643
808,0.10237835208907468,1.6221373060075392
809,-0.6027942205463598,1.4780237247180674
810,0.6155914856300827,1.3816906890435752
811,-0.9320449981325127,1.2942661437787502
812,-1.5887234459230481,1.261465380802831
813,-1.7508857206891735,1.3671288251434937
814,0.7719089378171956,1.5039562649855396
815,-1.018240471184465,1.4187108772488255
816,-0.026085929611807075,1.3847010340593935
817,-1.6269946448015542,1.268706823004921
818,-1.0624833616414466,1.3834693130447304
819,-0.07216824250908066,1.361194613737808
820,1.1575936666235602,1.248530858883448
821,-1.2465148007539055,1.2522367038447972
822,-1.6979497823020981,1.280293078625718
823,-0.07771004481379382,1.4127660255515782
824,0.11297004298997196,1.29399788271399
825,-0.5334064290630494,1.1894096110997958
826,1.2315791553707625,1.1211811518260857
827,-1.9080104542434444,1.1540733375852699
828,-1.0315518833403545,1.3629624820087987
829,-0.06956957776592228,1.3378678932362746
830,-1.0386348408300032,1.227965562788815
831,0.303056726518122,1.2202663133516907
832,-0.05999668649526242,1.1302440445836601
833,-0.3170807106941673,1.0451267168216385
834,2.3256468085994144,0.9788013832448087
835,-1.2197733776883135,1.3366257937358048
836,-0.3788630303721708,1.3491937407294834
837,0.4767990032355881,1.250017829201759
838,-0.8800950567892393,1.1667089160461102
839,0.07840498280261253,1.1415175350210909
840,0.81477395893128,1.0548083221798539
841,0.15770155109280637,1.0287645751818955
842,0.6676017516277665,0.9568297635339372
843,-0.41853989483902954,0.9255612342067729
844,-0.3006155045729878,0.8798792652511943
845,1.701612032496339,0.8325172975628583
846,0.41587034375945164,1.008840744082233
847,0.885292275690266,0.9503169211178231
848,-0.6918183709707331,0.9461773483732234
849,-0.2651454254123996,0.9231708980285509
850,1.0329016432709877,0.8688950233558143
851,0.034164274092767434,0.8967051996684019
852,-1.1887093886432085,0.8391166258410397
853,-0.9086646656766862,0.9053009016356541
854,-0.1173112162006333,0.915658238341487
855,1.403605989741749,0.8572875993480683
856,0.4694806341684325,0.9575623302142398
857,-0.7776326376722201,0.9088174778279274
858,-0.06570794358248154,0.9006568064629716
859,0.013429576998860607,0.8431656578148661
860,-1.532551938363248,0.7919892325137553
861,-0.08015573089083457,0.9397839263173431
862,-0.3733871217421771,0.8778123487936842
863,-0.18097971750945197,0.8348551411426497
864,-0.8356663853046349,0.7879039519535461
865,0.29452258441691137,0.8019286747543446
866,-0.4000591688569568,0.7617262457322185
867,-0.7007750828648146,0.734435072671616
868,1.5540500193215305,0.7378642015573246
869,-0.396093050443241,0.8875852543128766
870,-1.2971549460539065,0.8449256979255044
871,1.1341163180758669,0.9323263863275855
872,1.344475279575483,0.9697476335845092
873,-1.0347874680630247,1.0437166988508924
874,-0.4951977015865371,1.0574768232114098
875,-0.22774140579937696,1.0018138981636446
876,-0.4368152463574638,0.9365062947158034
877,-1.35364763659816,0.8908199528942774
878,-1.1223338157791567,0.984874184909501
879,2.108740919468381,1.0210834064541663
880,-0.7576107873516702,1.2975804879725958
881,-0.6546634374931343,1.2402451123443392
882,0.7786053424455407,1.1778293591742228
883,-0.5712919697508949,1.1325284013202694
884,-0.7536920614928921,1.0745950886411886
885,-1.1281141071589145,1.0435316304856157
886,0.4910766050045205,1.0737611150719268
887,0.14646745806212147,1.0126628346859023
888,1.0314167648183006,0.9424228159594896
889,-0.4756084048837883,0.9611691878167923
890,1.1903932019820245,0.9154791005580935
891,0.09173016602538209,0.9652072282707811
892,-0.5579704654730482,0.8997939782157296
893,0.3730689834947784,0.8685426895465727
894,0.26429752901811976,0.8242901833694668
895,0.19488570397499388,0.7801498639798795
896,-0.6951558951146151,0.7389786810586803
897,-0.13310925293832035,0.7412170756770136
898,-0.20923176773875532,0.7041464220625984
899,0.557644117925964,0.6738526276823373
900,1.0053401526061834,0.6661152081636879
901,0.6578767779518355,0.7138530004910835
902,0.5854812613450653,0.7107415831401707
903,0.8810216589989011,0.7010341177179427
904,1.0061967165965426,0.7262186873730072
905,-0.38615142979798134,0.7668791619943105
906,-1.0451945816479662,0.7380503812691488
907,0.09659976862704747,0.7902554952586258
908,1.2598212622200275,0.7458942377918881
909,-1.1887497825758488,0.8293594702370906
910,-0.9564753387587573,0.8967224167588126
911,0.009255662329701023,0.9153960537240775
912,-0.5594507823175107,0.855557762540546
913,0.8588826474963923,0.8297518877659505
914,0.02615930092584241,0.836479588935681
915,0.7031140042698261,0.7861050732224308
916,0.22153654441900142,0.7791040438621036
917,0.3081051386847307,0.7388609168975594
918,-1.0292433435830317,0.7068379725447761
919,-0.6044113156756856,0.760090343363667
920,-1.7418983580250658,0.7500706614515342
921,-0.8028228018536546,0.958405047998264
922,-0.581158691345997,0.9475594312984962
923,0.28073484869732757,0.9127636413171432
924,-1.1110119933214584,0.8586706172651035
925,1.646400326039405,0.9079651935162494
926,1.2049687143605785,1.060623611937586
927,-1.116797717683533,1.0956808468261447
928,-1.996597839940136,1.1175838692814466
929,-1.9261708336099643,1.358807152811771
930,0.3180020017726445,1.5487567675618865
931,-1.5342422896761887,1.4200103708993006
932,-0.41776975288939583,1.492862653992815
933,0.6007411458895275,1.3790505240372646
934,0.3883806830216836,1.2905452834351194
935,0.7510853967683855,1.1965361956327867
936,-1.4292395509192173,1.1457107207462913
937,0.6764731904141402,1.2262490563326192
938,0.6950983017481785,1.1635757335513064
939,0.9523041366128941,1.1104072628870116
940,0.8179647028164067,1.0966936715922113
941,-1.361268074934299,1.066030244356416
942,-2.654212519314677,1.1407387346202624
943,0.406758203496015,1.6259630943425791
944,1.8953203113316566,1.4928140756591868
945,-1.0469109231302376,1.6450224881875293
946,-1.0419316002921741,1.588683703036595
947,0.16075976510714188,1.5382575565681313
948,1.2310326485799108,1.405251714697797
949,0.8190255654866786,1.403949515008179
950,-1.4151911873116196,1.336550921551302
951,-0.5617580254428549,1.3909467104961009
952,-0.6888286149098116,1.3011084972499423
953,0.5932663874122978,1.2351705180051462
954,0.7728969675258374,1.1632408039194684
955,-0.9729640572522104,1.1190002149459004
956,-0.8937057848239293,1.113598398671974
957,0.26319638051882965,1.096755251728994
958,-0.2557842632751055,1.0198761798813114
959,-0.7845119636988364,0.9535755950851694
960,-0.4709647100226984,0.9409256836537138
961,0.5402207395945543,0.8972983093342819
962,-0.35659826553940155,0.8612728816465125
963,-0.13745998125831138,0.8192662361375139
964,-0.7076856745869982,0.7729377794568416
965,0.4962834595404669,0.7725473612019514
966,-0.4737944555673894,0.7479893525642641
967,0.19984762820888652,0.7277372674044801
968,0.11813192780663072,0.6929964088657314
969,-0.3379079562624497,0.6606072298222473
970,-0.6903637015260843,0.6415822106560547
971,-0.08420694949457662,0.6549616724529954
972,-0.26416327179338484,0.6272349988244732
973,0.7702109250497022,0.6084267001684421
974,-0.6934349398342835,0.6304408107133435
975,0.5880797521681699,0.6455070664978501
976,0.9494997712968852,0.643863386903984
977,0.5249211641071018,0.6857173664627829
978,0.5925910382085866,0.6738269130443106
979,-0.2230204557802234,0.6691965232419362
980,0.34912944314458094,0.643617655807114
981,0.35199160260385176,0.6250496323378333
982,-1.2642137847519606,0.6088611503932512
983,-0.2836153711263266,0.7177342159418174
984,-1.008751217661167,0.6889806935155335
985,-1.6084870643646956,0.7409693357208162
986,-0.02765312976227256,0.9142106249385697
987,0.4017532495667009,0.8546870156080326
988,-0.6009947891645595,0.8137834172194476
989,0.4618701834338777,0.7969801694066767
990,0.5019851248940143,0.7669624897985066
991,0.08700186653898821,0.7435117638722137
992,-0.4091747567670438,0.7046494922171247
993,0.5645594161534939,0.6848268308987538
994,1.4593132979535628,0.6763712078086181
995,-1.8352827249215524,0.8109364844448609
996,0.7530578119994048,1.0389900254628648
997,-1.1481475656965285,1.0073011228659894
998,0.8769088266498182,1.0455904869414887
999,1.0218490261771296,1.0288630474837395
1000,-0.39729119029320864,1.0356955994858557
1001,-0.41055393082674424,0.9753426825472588
1002,-0.0008680516550151583,0.9231316956296166
1003,0.1298808175607197,0.8623907302004528
1004,-0.16270201791121514,0.8098697461018234
1005,1.0156735310592364,0.765355778757511
1006,-1.385526249818828,0.8028223477427672
1007,-0.46103122863022994,0.9145239891280175
1008,0.6279943995537508,0.873292393866056
1009,-0.24488270806796894,0.8480698817932273
1010,-0.2027444788862984,0.8019145239007136
1011,-0.24328109308725585,0.7596539892625743
1012,0.8294154475419216,0.724040865269243
1013,0.6169827694137364,0.7395682307744931
1014,-1.1124759604525494,0.7293311172397055
1015,-0.9945158395439366,0.7944115272511747
1016,-0.3582663316656122,0.8314215350758769
1017,-0.10297243766154654,0.7930977842805124
1018,0.8046499709871461,0.7491358278008047
1019,-0.08203750012328397,0.7584935746223185
1020,1.1401269260988218,0.7183072777821531
1021,1.6699394043388485,0.7824851508940223
1022,-0.8286877350608088,0.9563709358259422
1023,0.18729313155934713,0.9492280932582408
1024,0.9929996788885673,0.8875596814166065
1025,0.2455371213139501,0.9067907896559941
1026,0.34165177898223337,0.8520452543445215
1027,-0.3864128957552816,0.8080766131769738
1028,-0.4605780203074213,0.7743211349426323
1029,0.20288417483983598,0.7498790174377246
1030,0.8666275775196883,0.7125692650577454
1031,-0.8737949395022169,0.7344032136521645
1032,-0.0970349063258697,0.7601843795242865
1033,1.5558883847122882,0.7200580275252685
1034,-0.1531631521203812,0.872367314645766
1035,0.18067250665908718,0.8200820750684554
1036,0.733204551997894,0.7737374784119299
1037,0.5333970501963051,0.7715818396417397
1038,-0.10545529158429602,0.7500781413767523
1039,-0.15373373808239468,0.7113278868264621
1040,1.2865869539594637,0.6783832133471333
1041,-0.8003662248738203,0.7753166287007023
1042,-1.1687757919988897,0.7861186926897159
1043,1.0617233311210408,0.854839480258357
1044,1.2238989617201734,0.8890737425155075
1045,-0.904238116759001,0.9483347102161195
1046,0.8969959449951395,0.9528718327078032
1047,0.39550829970607754,0.9500569637859002
1048,-0.06189684927277399,0.8973306467834441
1049,0.14646873827384974,0.8401875366830954
1050,1.691319815559244,0.7906445796219703
1051,0.7883012809345995,0.9692320241378127
1052,0.6318460676137955,0.950147129904135
1053,0.5581099519972997,0.916077923151996
1054,-0.4991233137074187,0.8793135580088394
1055,-0.23214425297500377,0.8453550522345443
1056,-0.07009066407359518,0.7989985839110648
1057,-0.7054148788650527,0.7537680600619948
1058,0.5184169485006899,0.7554140325728593
1059,1.0444904187122803,0.7346379050283354
1060,-0.024313533364432583,0.7804478058675961
1061,-0.64433743306812,0.7369511643026239
1062,-0.617792905241775,0.7338245625843521
1063,1.4206536264225915,0.7283079982723695
1064,-0.47818103393223654,0.8478574849765457
1065,-1.0426893675888738,0.8159693341849436
1066,-1.3162215259210956,0.8583977094416656
1067,-0.39666553836686186,0.9482290216154579
1068,1.2146217767100633,0.8983303526906067
1069,1.2861687864946663,0.9547004055189265
1070,0.6626596384997386,1.0183910285281255
1071,-0.6663057935727897,0.9792250179812796
1072,0.8697543924642641,0.9493992672068522
1073,-0.1218711496877667,0.9432379573430149
1074,0.6393805206090185,0.8816595963109514
1075,2.083862624359079,0.8565510230984291
1076,-0.16475937672092467,1.1445272149047252
1077,-1.3266650644934455,1.0599148312990627
1078,2.1069976883077133,1.127805595217346
1079,-0.09982707896467441,1.3909136718714037
1080,-0.11597290438125891,1.2751527135550917
1081,-1.688513289096971,1.1736134783865506
1082,0.9518440589570589,1.3163012737018407
1083,1.2873046632628573,1.2778117888747051
1084,0.3904562673345306,1.3029592629719633
1085,1.3009747878043596,1.2075831790959224
1086,-0.3401673529060966,1.2439449101636457
1087,1.5517362570839746,1.155049162711959
1088,0.9748818551427978,1.2541405400877739
1089,2.0622863768999475,1.226587623859717
1090,-1.9051329617391248,1.4630718006182402
1091,-1.4762612723836221,1.6339941381740077
1092,1.2734908118549504,1.6670186652119314
1093,0.6090953969872259,1.6426755626188823
1094,-1.007986084812866,1.5233171660447393
1095,0.24027022531353592,1.4750595373648814
1096,1.2041093832194367,1.3519339106538697
1097,1.4515292975295988,1.3518710438896704
1098,0.4465363125154384,1.403588608997757
1099,0.23727310780132843,1.2997126339895677
1100,0.6420864272445942,1.1975237261807115
1101,0.07469473588457398,1.1347802008759815
1102,2.0790472664706305,1.0488458979015425
1103,-0.35613439803260144,1.3121584417981715
1104,0.1469887121470403,1.2160175956130588
1105,-0.07758075864829933,1.1213855747805128
1106,1.7009790941888663,1.0375810661635214
1107,-0.45481842099285685,1.1891265954319006
1108,1.0559069246780246,1.1144676066132047
1109,0.06166584487690034,1.1165797463472906
1110,-0.34444860228046165,1.0327290601959602
1111,-1.9434839431922948,0.9694273956687796
1112,0.05473499060369354,1.211517643802443
1113,1.8896180307870085,1.116232048111929
1114,-0.6741382644741386,1.311921928822009
1115,-3.1441365676932236,1.2430375317799414
1116,0.5495256850029852,1.9448138454874249
1117,-1.4733381794715275,1.7838679801151642
1118,-2.2645357499577967,1.7982085359627313
1119,-0.6296189243525251,2.049951799074022
1120,-1.7313914236919885,1.887717962935294
1121,1.570645107493731,1.9565815609016068
1122,0.3925060160688293,1.9641517935449537
1123,0.9155118837294356,1.789554436880157
1124,-0.7417535082482156,1.6889632271665895
1125,-0.0563839064991134,1.5827091124928758
1126,-0.606900992875109,1.443250779087496
1127,0.36176310587815896,1.3515010739864204
1128,-2.457778104709526,1.248665106751209
1129,-0.013333299496176152,1.6399760408352986
1130,1.2867902063278307,1.4932678046434869
1131,2.1038584950581436,1.492456262234117
1132,1.1103886171049278,1.7107588089601022
1133,0.20701080997366164,1.6505835387898498
1134,-2.0713404891126577,1.5053113575788282
1135,0.2185071420320471,1.7245703979815263
1136,-2.4430954088790897,1.5707743570587616
1137,-1.2271206620301414,1.9176285536710103
1138,-0.27206234091620735,1.861937922883489
1139,-0.34439174621958785,1.6953294050159866
1140,1.114968788934208,1.552512383991105
1141,-0.3351048305096282,1.5121274298113763
1142,-1.4774018032179648,1.3907600934861128
1143,-0.576968688609295,1.4532458550902123
1144,-0.8758612555563544,1.357366081693779
1145,1.2482421764463658,1.3086875430270861
1146,-1.6844945731730327,1.3223313453839722
1147,-0.5839662170571194,1.4460757239360011
1148,1.0701590121292133,1.351728652371384
1149,-0.9835049971025493,1.3277479301473143
1150,0.4414935731834245,1.2989799608664196
1151,0.03813450914813943,1.2073149121412436
1152,-0.3537527921189404,1.112463431518058
1153,-1.7861426645762786,1.0401431117052273
1154,0.03921767585886321,1.2262980442848161
1155,-0.545952704602453,1.1291718244958715
1156,0.29879701274464154,1.0692954026641135
1157,-1.4476138056097365,0.9971981762896467
1158,0.5570672335430337,1.0998456177281926
1159,0.6809334488157124,1.040939440668455
1160,1.4124211610411663,1.000973349689315
1161,-0.4954963690974,1.0859634829038156
1162,-0.6966473399021156,1.026906785479566
1163,0.9115863870250025,0.9947646440051202
1164,-1.031326424027633,0.9889869895667696
1165,-0.8521045547250234,1.0087315308074556
1166,-0.2978991588617264,0.9985290554603314
1167,-1.0872372641150634,0.9367903588214911
1168,1.431738436038764,0.972453464486513
1169,1.0038475564683054,1.0651994816912655
1170,-2.2299762791428313,1.0648120250378061
1171,-2.5172697494606338,1.3920260425697029
1172,-0.8557414153159487,1.7900019399835807
1173,0.6637334302034171,1.6865555493055175
1174,0.870490294055562,1.567320301721772
1175,1.7368429052779095,1.4871085647377769
1176,0.37707324935475256,1.594459501881491
1177,-1.2760483344202584,1.463324466088093
1178,0.5270176568046833,1.472104832969804
1179,-1.3359252703041191,1.3660176053583646
1180,-0.9718561158844725,1.3991781598073048
1181,-1.8565326214899833,1.3599790649998227
1182,-1.0977678908732318,1.5284915515611295
1183,-0.7454983593476494,1.4950249700031695
1184,-0.6649294722216057,1.4125009926559047
1185,2.0612970540952547,1.3305311440906173
1186,0.13994726769695004,1.5542188998443804
1187,0.43415825323994406,1.418863619625292
1188,0.19880959030030343,1.312322149968398
1189,1.7601488245390864,1.207401321538859
1190,-1.0874869965998273,1.354762597477777
1191,0.8884709683906871,1.3403132815914605
1192,-0.951001920366046,1.289815033635482
1193,-0.13572169317359928,1.2604648079475882
1194,0.5534556701467968,1.1611489706518658
1195,-1.392667479759108,1.0945770903345835
1196,-0.3986402992254801,1.1728781921639495
1197,0.025954167166937665,1.0961535851151236
1198,0.5281796418403609,1.014617991069841
1199,-0.1999379190700798,0.9635235560119398
1200,2.6979192839081403,0.9017705443500973
1201,2.260462970497575,1.4172582143182526
1202,-2.8503450586047316,1.6987611743737276
1203,0.19503569720698102,2.2040202938854083
1204,0.8018183444594188,1.9919888582428982
1205,0.4854762184299087,1.8518493891524117
1206,1.8314640064499637,1.6969609112480268
1207,-3.824269927913854,1.805837749631364
1208,-1.784966561047431,2.8214101219686234
1209,2.5978759278047874,2.79347325025234
1210,2.138288219165051,3.0398920041544906
1211,4.033649463921461,3.084076562012227
1212,3.351457197272074,4.052737936109723
1213,-2.7045073807365902,4.504297948357029
1214,2.2414375548546652,4.607617431969238
1215,-0.5798152258912813,4.499486124942423
1216,0.43949826782722806,4.038330054366212
1217,0.12659556498506513,3.6178087515790702
1218,-0.8193471594184353,3.2345807105475406
1219,-0.8451126685700354,2.9527913176037393
1220,1.2953932485859656,2.70832995383692
1221,-0.851491314221066,2.563460594459583
1222,0.3517856911163693,2.3666050919854538
1223,0.7299569877641036,2.141419020533565
1224,-0.7293972665608525,1.9747718520275435
1225,-0.36633292029083003,1.8327269308345484
1226,1.5095838891286508,1.674739949158438
1227,-2.1972279895895888,1.7012799682795565
1228,-0.9170083016194303,1.940414368711569
1229,-1.7896332109434052,1.827803409050479
1230,0.32076877567096207,1.9204487886163688
1231,3.594033828104124,1.7472318824958932
1232,-1.9649877394002702,2.6094614809509955
1233,2.021308041150001,2.6615402092824274
1234,2.359349234412609,2.7125740942142684
1235,-3.604903076206809,2.874869590152305
1236,-2.5375114355066275,3.6310790242855155
1237,-0.021067713906921855,3.7686187207910278
1238,-1.7919650357386592,3.3665193988661475
1239,0.5233745019800531,3.275194454261362
1240,2.3675342360836993,2.9524419908894917
1241,1.2582224030510751,3.089022311149559
1242,-0.3145809504687183,2.890995211365018
1243,0.9353573844231949,2.60303133899454
1244,0.5659081283734012,2.407697909612641
1245,-1.856569403135542,2.192615415229056
1246,-0.8853381385053682,2.261222583384328
1247,0.6988272861756758,2.105446844980798
1248,-0.0753754345678124,1.9396577423396328
1249,0.44751918622870257,1.757626531140397
1250,1.1498560778348421,1.6113331597710414
1251,-3.0112349043378686,1.5700991611281432
1252,2.201058548289273,2.1667580654148626
1253,-2.896534570821583,2.337308408850336
1254,0.03945302857760227,2.7873253120120904
1255,0.26220713447030947,2.502876548196307
1256,-0.1998185812567395,2.257224506091816
1257,0.2881395647933287,2.0402231820540564
1258,-0.7459228762749653,1.8511483063041743
1259,-0.9406321381456654,1.7259415377397787
1260,-0.11529351998126515,1.6426536815980703
1261,0.2296214928838077,1.4969995867302157
1262,-0.7881104977036886,1.3708749299448968
1263,0.3820670265204657,1.3086133444714214
1264,-0.9369871666628034,1.2120671456703207
1265,-0.6270170321201222,1.1898850431624663
1266,-0.24330489644681683,1.130589321171253
1267,0.4697247897800801,1.0504649601101321
1268,-0.29813042963608044,0.9905893558203352
1269,0.38849207717349177,0.92981519074273
1270,1.5220004044851914,0.8791002807287732
1271,-0.46827635398276957,1.0040886642472149
1272,1.2796294564449762,0.9526711283662457
1273,-1.3242012535419934,1.0152839023658056
1274,0.6823698407146321,1.0879999948838184
1275,-0.1897304202991107,1.0425386999688264
1276,2.085723085508225,0.9709530039084746
1277,-0.5624300161042038,1.2458155927195875
1278,-0.8965415667946115,1.1734556994859684
1279,1.1346676861998761,1.1498448910406378
1280,0.44797176669161065,1.1612622281684162
1281,0.08403450116269788,1.0865635474350175
1282,-2.418309458590445,1.006503955129948
1283,0.4703036303406753,1.4113517217824847
1284,-0.12260442942107781,1.3082113839284257
1285,0.09328945160334215,1.2028528997202554
1286,-0.8213008268016952,1.1089402592511302
1287,1.3564505245838105,1.0824903946351718
1288,-0.018861210577872666,1.1454795476517785
1289,-0.2566352845835194,1.0581428174285712
1290,-1.5530718919200326,0.987287845791271
1291,-0.21704163907242835,1.1167777184682282
1292,-1.122014546186416,1.0372594913443722
1293,1.4026860568558825,1.0671241302791568
1294,0.2533977353835206,1.1420148931915515
1295,-0.6344300083845044,1.0593310662391378
1296,-0.19537279697300805,1.0164736291603726
1297,1.4017843272215085,0.948207628995206
1298,0.12993168463286028,1.037168947672181
1299,-0.02452908337351972,0.9636754719744168
1300,1.7491012336429899,0.8981930424787736
1301,0.3713665400374267,1.0795931634761775
1302,0.896489945856583,1.0099186594956662
1303,-0.3644516372221554,1.0001871903712003
1304,-0.38151426688771484,0.94198897243568
1305,0.785767375436289,0.8918473922645487
1306,-0.05570702369693088,0.8817376790554095
1307,0.3162070002617825,0.8263876818437241
1308,-0.066774638942566,0.7842402469828039
1309,-0.008465978768953074,0.7407338043819565
1310,-0.11954044969513782,0.7019105728119037
1311,-1.0829743574547908,0.669239027042565
1312,1.1104283121770064,0.7362545384536819
1313,-0.5433372561572194,0.7930267061590157
1314,-1.0614865016505897,0.7732514105539134
1315,0.0628182526200731,0.8240302855476382
1316,-0.5872779072988951,0.7752933235025166
1317,1.0915194827512924,0.7617610412176806
1318,0.5671615499735577,0.8122020364248067
1319,-0.5308703616231174,0.7886886529953872
1320,-0.7849055584329038,0.7683226670611235
1321,0.5580481221262815,0.7779537836534834
1322,-0.614895048389827,0.7577589921529548
1323,-1.1946060756033046,0.7490752508921938
1324,-1.521275318564911,0.8272076542965274
1325,0.6822417597689217,0.9679851043903336
1326,-1.5234555498507507,0.9369120237340407
1327,-1.2325917786522986,1.0650629836351624
1328,0.7110028958923672,1.1127743187147292
1329,0.8148543826235987,1.0674402006394927
1330,-1.2090473569396512,1.0398908557288289
1331,-0.6539319217814232,1.085948545489397
1332,0.9779171949990599,1.0419694588463495
1333,0.1975618331267292,1.040341551982777
1334,-0.47129039721707483,0.9680228221115097
1335,0.0975575630742924,0.9211693838099455
1336,0.37338357597521893,0.8611102717999539
1337,-1.008719121057543,0.8177674353254821
1338,-0.9534072168977283,0.8542963854887766
1339,1.0288792054685798,0.8775825480228099
1340,1.653242239319377,0.9036996223582258
1341,0.9149765583750952,1.0586540846589965
1342,-0.20843145862166212,1.0456942377031913
1343,-0.6852083610850174,0.9743854036818499
1344,0.043690366694560875,0.9472446618435653
1345,0.9765570664616012,0.8836202011002673
1346,1.1838268681427289,0.9007858906800451
1347,-0.021120199574339426,0.9510510221193127
1348,0.3673858931294266,0.8870601691300378
1349,-1.332075502513377,0.8402671055340597
1350,-0.1419027855325327,0.9356837060297167
1351,1.35736752301326,0.8754986622632063
1352,-0.14848062991372946,0.9635229741204714
1353,0.4237983080670855,0.900171075038505
1354,0.8208072070980718,0.8551947919217118
1355,0.7470952753285564,0.8538747915263235
1356,0.08148338102710324,0.8437032196955735
1357,-0.507093732150251,0.7927612498235066
1358,-1.9041531159029639,0.7698561240424523
1359,-1.184084652507922,1.0236626062324847
1360,-0.33119420715242576,1.0668086815169964
1361,0.7037020836670106,0.9986586294259505
1362,0.19019091295875784,0.9662154770316854
1363,1.07608920826129,0.902586815536182
1364,-1.1863233322015592,0.933502350936317
1365,-1.77616968599863,0.9878993473690687
1366,0.6372442751405328,1.1774494689568138
1367,1.8658862902126812,1.1166347722974972
1368,0.20953526349130253,1.3052222953334083
1369,-0.6132924694600432,1.2014695091819367
1370,0.9311599780352753,1.1393779162300883
1371,1.4744001515454594,1.1190695667283372
1372,-1.3434486391334772,1.2040036027861731
1373,-0.39785672817238765,1.258242545776227
1374,1.0767088003264278,1.1712217799053943
1375,0.25403339397008884,1.1700058454117326
1376,-0.8384213403329683,1.0839868743217773
1377,-0.3163802510186505,1.062859425206288
1378,-0.888060313808092,0.9943684280435631
1379,-1.4590670400515697,0.9910100993593955
1380,0.31720391037366547,1.097100032153621
1381,-1.3155610339809423,1.0225144414424983
1382,-0.13650183832670756,1.092510570508458
1383,-0.9505159603470944,1.013368728079414
1384,0.4213797786470771,1.0171165790529597
1385,-0.36340928554058477,0.9579510477031467
1386,-0.2612929672419895,0.9047571363978684
1387,-1.4359226985937037,0.8525163387037084
1388,0.20703206294497314,0.9697912504016932
1389,-0.4386514346654322,0.9062147797590462
1390,-0.7634644152119126,0.8642978972696134
1391,0.36049412493019056,0.8596874687895273
1392,0.7888693137137165,0.8157998724637421
1393,1.4862013403299332,0.8151966894937411
1394,0.15427757961885935,0.9393527963853157
1395,0.18680228909207824,0.8780728982901417
1396,-0.8760067544002036,0.8249299907870333
1397,-0.6423250164701622,0.8401646402070523
1398,1.0262488330171686,0.8244388375775821
1399,-0.4367163101975862,0.8565091141841453
1400,1.612652897671297,0.8204152035220877
1401,-1.2351899775837134,0.9748888392962995
1402,-0.1724013331025127,1.0339423289668719
1403,-0.1955731057681,0.9628307113292172
1404,-0.6399511814923503,0.9010087670841515
1405,-0.2880458415882419,0.8777305599903052
1406,-0.17468050900956303,0.8299942720330533
1407,0.1508832307567622,0.7834269994361447
1408,-0.07186648994224219,0.7407861931112735
1409,0.8701444822931457,0.7025670060958653
1410,2.1207629452984453,0.7260786166262398
1411,0.7612661462171519,1.042005578818211
1412,0.4048739587716764,1.010922949322236
1413,-0.954799948837571,0.9514624325348143
1414,-0.5244574027955473,0.963305735850935
1415,-1.614814223723767,0.9214237566255327
1416,0.511891056468138,1.0746623095176322
1417,-1.4753264188555046,1.0150593772901837
1418,0.7342549271226406,1.1221323399295398
1419,-0.7687709409021345,1.0782892672115125
1420,0.3829520670977178,1.048667322923062
1421,0.5325794064778363,0.9833659804131352
1422,-1.804604028070581,0.9363810745991726
1423,-0.8291960142992654,1.1403497343873832
1424,0.39656004066498507,1.1111984759170377
1425,0.5071995553301684,1.0391984559450425
1426,0.8119917325409793,0.9834837137687504
1427,-0.3162974942264602,0.9656457404695613
1428,-0.06842111113884544,0.9088159319830537
1429,1.665719845153465,0.8503834835766895
1430,0.22075788536860919,1.0150089702460423
1431,0.8199804638174729,0.9464321920995312
1432,-0.23438404365372487,0.934057828446757
1433,-1.3891736997086575,0.8771477883663958
1434,0.4819288012541494,0.9807516950384751
1435,0.5460963932468043,0.9301317490281058
1436,0.9099866416086737,0.8906581323437168
1437,-0.8317717855281507,0.8971452542418217
1438,-0.6494566917010705,0.8975290377025482
1439,-2.0019661292551683,0.8756793341433098
1440,0.6207620495799502,1.1476655762745227
1441,0.8686703466491731,1.0888189103388202
1442,-0.6736753731757419,1.065779949680692
1443,-0.4265649734397294,1.0263811975870494
1444,-0.19172083133619414,0.9691690759168615
1445,1.534108692310828,0.9064548436405734
1446,0.9409742801270538,1.031082272974201
1447,1.1743206761367602,1.0252078901897406
1448,-0.13145127319254069,1.0587794412355178
1449,-0.42099514084692147,0.983560907339387
1450,1.082410995404523,0.9310917355987082
1451,-1.604188105763236,0.9596580971793776
1452,0.5589533892491063,1.1055380857500738
1453,-1.309191881108547,1.0461111759227129
1454,0.8477778661863156,1.1119179193563775
1455,0.5484131013154481,1.08330506469345
1456,-0.8803579553697785,1.0256460893815806
1457,0.24008849299482146,1.017420114479603
1458,-1.0851857400321887,0.9492048163219491
1459,-1.020846689592859,0.9830150799609549
1460,-0.3761269860551476,1.0017222168645534
1461,-0.7220364376850931,0.9440688779672979
1462,0.9677929696634461,0.9248300585994128
1463,2.0356731428598716,0.9357153726349596
1464,0.020740966662637646,1.1984645854264917
1465,0.011484199170726303,1.1046488790978404
1466,0.7694382134759874,1.0220968151152006
1467,-0.30372103406753703,0.9943778081668229
1468,0.4494032130521155,0.9334360958186245
1469,-1.757596194762241,0.886174733870748
1470,-0.711258748942578,1.0826216243369142
1471,-1.5668751290602208,1.0454861780488898
1472,-2.060492770297923,1.1714816507014145
1473,1.141680172497272,1.427179865998199
1474,-0.3527274249989699,1.4065715948282957
1475,1.7932058792294019,1.2988970621166094
1476,1.813339860705344,1.4445701418733137
1477,-0.07646821099893467,1.578507153328089
1478,-0.4963349298502313,1.4398307841873852
1479,-0.8697726719946197,1.3383792308675746
1480,-2.769367608177947,1.2911093557897413
1481,-0.7179233345091409,1.808621965379161
1482,-0.3551646533976208,1.685149797342709
1483,-0.8355332992185244,1.5441917030343004
1484,-1.1756222667839116,1.4674436767559231
1485,-0.10434091052391556,1.4557114439315724
1486,-0.42628526191644855,1.332262923622177
1487,0.1521852947796107,1.2383250155878223
1488,-1.0531648581619137,1.1411238498897613
1489,2.0132962355227026,1.1463236129264844
1490,0.6327761821883713,1.3766231699792246
1491,-0.1850155322516914,1.2914679615383062
1492,-0.8550116925555123,1.189854315630865
1493,-1.0429376653122775,1.1583234347238702
1494,0.8468723507357131,1.159711540984167
1495,-0.43615544963735375,1.1252435868189632
1496,0.04950891747276036,1.0568605799393962
1497,0.40801846761947397,0.9801069724435019
1498,-0.522069417036444,0.9245388022473828
1499,0.24073203415222716,0.8871012862085953
1500,-1.696660515113208,0.8345469423356423
1501,-0.9739558661741856,1.0201551751872648
1502,-1.9578849112205712,1.026772415276959
1503,-0.46580186385235717,1.2665220232064445
1504,-0.4673437370603732,1.183419656495465
1505,1.8419126900228562,1.110409611160167
1506,-0.9001944478082002,1.2927097258262523
1507,0.15035749627854572,1.2553251844692652
1508,0.435111071176618,1.1560456084798343
1509,1.4360037811852435,1.081105511575326
1510,0.47446079051681733,1.1617781868527595
1511,0.7606357468238051,1.088887573239802
1512,1.8193090793311575,1.052104369208886
1513,-1.8752015655178502,1.2348528979409028
1514,-0.7120212970301649,1.4240136681032993
1515,-0.46001280805580846,1.3460004422753615
1516,-0.09672391135461728,1.252913372874128
1517,-0.7003422780336729,1.1536537258477864
1518,1.1003649682998233,1.1067267185478713
1519,-0.6753279553441325,1.1172945895004849
1520,-0.694870852743005,1.0718977159990708
1521,0.4466019759402016,1.0341532169673031
1522,-0.750477586761459,0.9746139706013135
1523,-1.0446776288341815,0.9551511510652968
1524,-1.3127733744550325,0.9812160892046592
1525,-0.16446015226029312,1.0555729479126006
1526,0.9783708280268124,0.9816262379848398
1527,0.7598316154209332,0.9873090609476829
1528,0.4108983920768161,0.9626200391680687
1529,0.0838853411812896,0.9093297587021597
1530,-0.5390702792462921,0.8505366946033285
1531,-0.11244568493439962,0.8234770574218513
1532,-1.101267256256164,0.7760631592878485
1533,0.11607154186269147,0.8335148009694848
1534,0.8579330709034063,0.7842314041456167
1535,-1.4714598766495546,0.7962941821532317
1536,1.239002698615819,0.9286950853872843
1537,-2.171880682254366,0.9861290814794221
1538,-0.9231032376302969,1.3021408657210807
1539,-1.2499979051475791,1.267039459180851
1540,-0.8564795253466095,1.294026298405488
1541,-0.4380045069508545,1.250200451264975
1542,1.3117460345020877,1.1669578473841615
1543,-1.1463778492692458,1.2104115311102117
1544,-1.0631117738184337,1.2239971303582624
1545,-0.862302716085474,1.2209679638820001
1546,-0.6439202508425506,1.1867284548411043
1547,-0.7234353708764206,1.1295842482184788
1548,-1.4308046824196377,1.0882498304858743
1549,0.22762254867911394,1.1760465889500291
1550,-0.18384492616814693,1.0883695680936265
1551,0.9532499477673887,1.011089440236351
1552,1.1954515612180001,1.0094351446086156
1553,-1.6389404982257478,1.0488378370771685
1554,1.6679267384997865,1.1931439827601877
1555,0.5347988609173291,1.3172197076659686
1556,1.3550018579220606,1.2303547721221946
1557,-0.1536060196949705,1.2752905963199597
1558,0.654022076338632,1.174666848767511
1559,0.5494089346132015,1.1158655463781897
1560,1.3361710112285605,1.0543835864166697
1561,-0.68713479511711,1.1164420465105422
1562,-0.6638252285262222,1.0724721704065026
1563,-0.2945408128323542,1.0311848654112374
1564,1.293092175774178,0.965357555396868
1565,1.5119657835990312,1.0291757437906381
1566,-1.2218600922375233,1.1337516064901831
1567,0.5459761431566152,1.1710787328067362
1568,-0.060655144858604376,1.1026813571235206
1569,-0.261055122448993,1.0208800144600712
1570,0.5040609358900204,0.9546937712732481
1571,1.7536173120505294,0.908875717892836
1572,0.5974663041463604,1.090244950517
1573,-0.4790227530774798,1.0360929430489165
1574,-0.6331951052695727,0.9816836865301688
1575,0.48355952052234946,0.9480147517903988
1576,0.24372695676494202,0.9014439759009037
1577,1.0417344472781038,0.8472749988874595
1578,1.3121282448244063,0.8791173014813398
1579,0.2499816567929324,0.9571908573894192
1580,0.5827211485138455,0.8965592794995867
1581,1.5635451734518389,0.8643045732384156
1582,1.3087270799871846,1.001190560648723
1583,-0.9188894715568096,1.0639130923062599
1584,-1.4576590260043212,1.0567645964135268
1585,-1.4543679103840474,1.1546309406144668
1586,-1.9431738199809923,1.2399760865543485
1587,0.47795203366127376,1.4495030719645277
1588,-1.4408824761888384,1.3423403085395442
1589,0.8170661210384802,1.4019936802536495
1590,-0.9388332320666318,1.334579590727798
1591,1.0962940532787449,1.2979789331936895
1592,0.7236946877991137,1.284894172340302
1593,0.18088877884055327,1.220321768750401
1594,0.4852268539316259,1.1259539724328973
1595,-1.3225900059208144,1.0581543777904792
1596,-2.618179700180434,1.125379686375498
1597,-0.7123329224220393,1.5971334944459683
1598,0.5212386868457544,1.4983823958535085
1599,-1.5637832073575924,1.388675726046356
1600,0.7635495261052674,1.4727041787534254
1601,0.6764469033466821,1.3902089491247238
1602,0.10745732138068767,1.3078576781828328
1603,0.2577114616194486,1.2015266594459397
1604,-0.12510380365829873,1.1118639994312474
1605,0.11869310763577098,1.0301247286063862
1606,-1.2694492336064376,0.9572889875332042
1607,1.0394075053664134,1.0254286551130782
1608,0.3198333388244115,1.0355125494592987
1609,0.5010643205740682,0.9684430460098304
1610,-0.7490048276986319,0.9207437109310019
1611,-1.4474912825908415,0.9075639396211859
1612,1.213484185236366,1.0209387200250526
1613,-1.5549992158155261,1.0623784336547912
1614,-0.39979320696763804,1.183342824001778
1615,-0.15353895242349186,1.1054397920508585
1616,0.21844351218629943,1.025196278445415
1617,0.2874102256317219,0.9553231112342718
1618,-0.04838963167714387,0.8964049961879519
1619,-1.3415683052404226,0.8392105679830725
1620,-0.29898157817007254,0.936814759811926
1621,-0.11504933575560504,0.8825369284114445
1622,0.46068875589409625,0.8280915628491136
1623,0.1850203204460648,0.7942571016729388
1624,0.9583015327701194,0.751124785964996
1625,0.7167356933009654,0.781422592961097
1626,-1.1514722322257818,0.7764871319113315
1627,0.03344538669784772,0.8430964513520561
1628,0.366518329458481,0.7919393394636858
1629,-0.4666707107176261,0.7565126149400992
1630,1.2707622730970292,0.7346789716009193
1631,-0.5258382957762139,0.8216699961130369
1632,-1.179806373443861,0.796904752190343
1633,-1.68100339859065,0.8664390086280227
1634,-0.5091055298371586,1.0439393325540154
1635,-0.490624394749547,0.9910628255838744
1636,-0.39242793899917383,0.9429942683148768
1637,-2.1154145444407884,0.89344270050646
1638,-0.015283473325969615,1.2010291985744255
1639,1.1866968238749753,1.10700528862469
1640,-0.7079372976466421,1.1330591722969237
1641,0.6122611340151559,1.0894834883657005
1642,-0.6454947922000845,1.03680732983101
1643,-0.833775094946241,0.9978211157269236
1644,1.3295409948431152,0.9863971348597298
1645,0.7401785670994837,1.0552212880505378
1646,0.8949824289540185,1.0200873069652305
1647,2.350073577314757,1.008924370207665
1648,0.009514450270133833,1.3721928758387762
1649,-0.007829258131828127,1.2575385264783743
1650,0.1676724490735716,1.1566958607096227
1651,1.5045140468783844,1.069636929601699
1652,1.0407545304255086,1.1675830544798342
1653,-0.9407841458574541,1.1608282728529904
1654,-0.8604728041844841,1.1453773741051145
1655,0.41642747828957805,1.1199506779251798
1656,0.5387084011077596,1.048128976217601
1657,0.4881320953056462,0.9938781715018703
1658,0.553435322086498,0.9421446036140663
1659,-0.1611894036709442,0.9018515106083403
1660,0.5873228168046873,0.8462556973355501
1661,0.6038844162096431,0.8204534279326605
1662,-0.7797152623148261,0.7992726975001393
1663,-1.1080838240723623,0.8045235338624643
1664,0.23967387837226287,0.8597865589296666
1665,-0.348336557503847,0.8104727008852355
1666,-1.2466190123333514,0.7740697223465101
1667,0.7379837457583435,0.859527253457274
1668,0.4083110161309014,0.8476240357762556
1669,1.2736650449322826,0.8079719871029939
1670,-0.03033740689157605,0.8867494322414397
1671,0.08889656242578212,0.8305422087350723
1672,-1.2560962034831769,0.7812568825919908
1673,1.3340742245450463,0.867779778324486
1674,0.6214480909229324,0.9517894903346409
1675,0.8753605712585043,0.9165139359804713
1676,-0.22069443174754858,0.9150636002119087
1677,-0.037054382722613965,0.8598906729444217
1678,0.3120122994760748,0.8069642083981198
1679,-0.6472629245135502,0.7669501980339698
1680,-0.6622212161799421,0.7605353591043236
1681,1.7527899335632606,0.7565051790362879
1682,0.3487923673060075,0.9559294338605869
1683,-0.6421316948435033,0.8998662554612116
1684,-1.3215793719825741,0.8769557753111726
1685,-1.1464375489041638,0.9657078991801646
1686,0.3398093596517113,1.0086690757180292
1687,-0.9229733290826858,0.9458110287535327
1688,-1.0498894197453865,0.9534496012520115
1689,-0.20050423168934084,0.9806087187404197
1690,0.35165149715572785,0.9168254417870019
1691,1.2023749146276235,0.8656058060178125
1692,-0.7827182073165242,0.9235739443949293
1693,-0.6611369758999697,0.9142935926961342
1694,0.3544870963148505,0.8916941679676506
1695,-0.4401598814529269,0.8436413972196237
1696,0.7597571757061885,0.8093441988731707
1697,-0.41419740853737186,0.8060021493290939
1698,-1.1653699760966294,0.7743640825760482
1699,-0.6502865312208678,0.8438485510854283
1700,-1.4108147285181283,0.8285294476700652
1701,-0.513112594635649,0.9428843769372098
1702,0.4594494659575732,0.902474974789477
1703,0.05078410219363619,0.8596272444651715
1704,-0.10219638253255937,0.8065477880051803
1705,-1.1128177724680661,0.7609566099168822
1706,-0.6874916649079627,0.8223039051764172
1707,-0.34801067762076693,0.8136709930283863
1708,0.21984915502972496,0.7768650225724116
1709,2.172118595864441,0.7368363946450099
1710,-0.7115629727875191,1.0689451833408514
1711,0.9554807432444299,1.0334865119922463
1712,-1.1744105546916925,1.0294780682316689
1713,-1.0766439164980022,1.070070025896582
1714,-2.062881216967783,1.0878718531563585
1715,-0.9207885962247643,1.354398763897371
1716,1.1857190996363418,1.3126775668526114
1717,-0.03772312508824374,1.3138683403708549
1718,1.328495802470499,1.2064706962599485
1719,-0.570767494009265,1.248667113915388
1720,1.1443691056161154,1.1767475588037803
1721,-0.6182471679168209,1.1866743226004455
1722,0.929072644838361,1.1268621596766994
1723,1.7077698235326357,1.1077517464029685
1724,-0.27045963270050155,1.252706895012803
1725,-1.4670068692407412,1.1591314114695477
1726,2.03692632410036,1.246930796426734
1727,-1.073863082240599,1.4727384446034453
1728,-0.6967170325590168,1.441732746666144
1729,-0.37878082838569527,1.3598194814470228
1730,1.0112821852752745,1.2593632356004187
1731,0.7518162817039072,1.2368508769958984
1732,0.698252768063729,1.1812731773697451
1733,-0.3033541334114618,1.1263225414762648
1734,-0.20944059081707408,1.0495284681466552
1735,0.8029095422706568,0.9777964907462157
1736,1.6232300258502856,0.9594966999669458
1737,-1.318979561602265,1.0999848172339448
1738,1.3416853142812797,1.161415940476959
1739,1.0552773607948036,1.2117941932186684
1740,0.7201667962744167,1.2021228271343687
1741,-0.7479247383784616,1.147086771286659
1742,0.1061960145907081,1.1066130310373503
1743,0.3986960572556847,1.024413847547374
1744,-0.6212383620383345,0.9629570421441693
1745,1.1482592013521677,0.9302971280428376
1746,-0.451998277455961,0.9704989787125635
1747,1.4905606136469627,0.9218616911807676
1748,-1.508280516198801,1.0342421697118538
1749,-1.4557131515763166,1.1469844162418612
1750,-2.089853168323886,1.2335646307516623
1751,0.8858032334769255,1.49165530641237
1752,-1.064823196110226,1.4226258887708136
1753,-0.956650939486808,1.3960580914638205
1754,1.0759260156789514,1.3548388850961994
1755,2.018587860798212,1.3314565989316656
1756,-0.9232795314222717,1.5412300820462637
1757,1.67223112680571,1.4774645741527297
1758,0.6888072388642488,1.5685582409652554
1759,-0.005173025002078134,1.4661155018700025
1760,-1.3760365593295896,1.3402323361406228
1761,-1.651970983298825,1.385317901802532
1762,0.08531557251122036,1.4927187111056872
1763,0.16384954870136734,1.363933755694002
1764,-0.7658060050547416,1.2519171204236488
1765,-1.0790975015347388,1.2010863521792183
1766,-1.4376291909461005,1.2035972153481045
1767,0.41003914075465764,1.2791401781701865
1768,0.7447724979720165,1.1878137992954148
1769,0.777007126456095,1.1372997572852925
1770,0.6527252823516615,1.0966685695714826
1771,-0.5472916133667725,1.047095643857064
1772,1.6086763295696644,0.9971897485619184
1773,-1.0631985030449216,1.1294383771452836
1774,0.6169179608343637,1.1377712916477503
1775,-0.40848620717544476,1.0797436208073525
1776,-1.1164059157359671,1.0148624206896382
1777,-0.6525665749151711,1.0463924026324578
1778,0.5581588094911984,1.0070129781320127
1779,1.0765976907464307,0.9593406130948099
1780,0.3313733597028625,0.9835316339306879
1781,-2.8090356152761626,0.9232641073896172
1782,0.9106887583724159,1.5027478155029415
1783,-2.53917977096775,1.435884194785868
1784,2.6223995076329634,1.8375301794220076
1785,0.3302220899420831,2.20882521367763
1786,0.2167215189657994,2.001465207643357
1787,1.363161491437977,1.8143853312080909
1788,-0.3696156318016459,1.7909857148296713
1789,-0.3196971405783159,1.6382114562936463
1790,-0.45740748413977045,1.5008576133237754
1791,0.16293895642704587,1.3889881321979356
1792,0.1055019950151677,1.2739440799553394
1793,0.25919681082478135,1.1716556376528247
1794,-3.4574290201302613,1.0856341702791854
1795,-0.1235723154180808,1.9727590770492118
1796,-2.1268930823007164,1.7876770285836672
1797,3.862889407526296,1.9918877777000807
1798,1.3842552901668834,2.9842851642542954
1799,1.575699742942547,2.825066344283646
1800,0.7928468523043393,2.7296745181849293
1801,1.0706459853073205,2.499896956572076
1802,-1.3666189877061128,2.338217880698818
1803,1.1960025649821628,2.26144871238033
1804,1.2690283534233624,2.1507134295222605
1805,0.27032229192683815,2.067433564192027
1806,1.0726569168138578,1.8743544364758244
1807,1.4357243109300994,1.7880788308600102
1808,0.03353650295267281,1.7838513971214893
1809,-1.4114245226229578,1.6198038884198858
1810,1.0694309071455739,1.6393455149268086
1811,1.941070976680232,1.5807284714453822
1812,-1.5586636740539634,1.7362821506673876
1813,1.574912120428585,1.7773026122495057
1814,0.3701804455103052,1.8074464349600226
1815,0.8125342228528653,1.6503629703182434
1816,1.076795205018251,1.5525682534314937
1817,-1.2836838865494464,1.50560535144768
1818,0.3808388601575291,1.510900043357852
1819,1.2279110589299416,1.3900084127948926
1820,1.7040923640581502,1.3899313333623258
1821,1.093143786752958,1.5000329406131643
1822,-1.1074123495106567,1.4621599947033028
1823,0.2680610391892893,1.4383854838052377
1824,-0.2630675115576099,1.3207019680817027
1825,0.09277633626383786,1.218627909199852
1826,1.2029690018710981,1.1228162717054686
1827,-1.4762324700238634,1.1500315718518446
1828,0.6061428329108509,1.24112471157792
1829,0.5066083589787226,1.1696748198343903
1830,-0.997502667395775,1.0982568570565008
1831,1.2073011432661154,1.099290968462322
1832,-0.6019251586288211,1.1301507726309252
1833,0.06903587060959832,1.075475952150053
1834,-2.573211831522586,0.996611199220562
1835,1.3826016748013024,1.4649976635659927
1836,-0.32239311119652914,1.4877326098717787
1837,-0.3476479753550157,1.3685833400947525
1838,1.6718047132213385,1.2651665419859937
1839,-2.259420570444446,1.3816232617972926
1840,1.1549874173544412,1.6814891213388403
1841,1.3779399751860353,1.632766141782412
1842,-2.5359948679539297,1.6343542828651825
1843,0.3982832996322014,2.010880550121907
1844,-0.4962867256785245,1.831022744489728
1845,-1.348825689059989,1.6826241737999088
1846,-1.661358482746357,1.680603974306364
1847,0.9882921123385878,1.755088805189851
1848,1.544857635111637,1.669485317752439
1849,-1.452726716232817,1.7051623442108066
1850,-1.2287606020617947,1.7240567813619814
1851,1.1018977195392163,1.6919222108994827
1852,3.1411092842649433,1.6325317596350772
1853,-2.338588320930921,2.265933801624854
1854,-2.3013124126003897,2.489056854840411
1855,-1.774556011488043,2.6714493376109734
1856,-1.7447443789894086,2.6585099193670865
1857,1.9409010872252765,2.638634546897013
1858,-1.6766386176469958,2.667187280221632
1859,3.715967476715138,2.6274114145063248
1860,0.9056672384600413,3.4549360918804513
1861,1.8775640590829392,3.153096277437312
1862,1.1611960501375862,3.100768262832569
1863,-1.764279872876634,2.882862345280631
1864,-2.3777037267531815,2.841611237027168
1865,1.7116192048061605,3.0105365414867955
1866,2.1708709411314993,2.928198199233902
1867,0.8024038873666408,2.996914079758146
1868,0.044503103761614676,2.736256857624483
1869,0.1998317139500466,2.457954066877061
1870,0.3796687295088812,2.2155867344791904
1871,-1.930837104690508,2.0100652539406103
1872,0.13197393081914802,2.1233186561907167
1873,0.0428551932764326,1.919523470342478
1874,-2.3743627174764987,1.7392224426901568
1875,-3.922829938432891,2.0391535753946535
1876,-0.4238049346640486,3.088127780219512
1877,-3.474321400316978,2.783309472195744
1878,-4.472608524186402,3.4761348994293115
1879,-3.837870109407605,4.723681219625179
1880,0.4932741446243928,5.39749241575501
1881,-0.07105651406477144,4.817712399142005
1882,0.19787452375237993,4.290250214345254
1883,3.453488723906138,3.8279513363198343
1884,1.1535118203925594,4.361704761336702
1885,3.212327824709613,3.99108811373387
1886,0.44184093726159707,4.377434095319023
1887,2.2137271754320444,3.91637798598872
1888,3.2222612957471695,3.8814077412883976
1889,4.280356508174794,4.285997004833018
1890,-0.48957669920290514,5.273728370392842
1891,-2.6707247502698817,4.711654438935343
1892,0.15802178437223496,4.775455880800296
1893,2.9185450859240825,4.253925176141164
1894,3.4746876680026073,4.465579244214996
1895,0.3192332383767747,4.93449908558514
1896,0.834091564449331,4.399522437790878
1897,3.3096434466508975,3.974599351280578
1898,0.4081011124355361,4.413387749614364
1899,1.412286977478406,3.945831017538536
1900,1.8644595594972695,3.677408337646388
1901,-0.4100126794807813,3.5582818224584902
1902,-1.554218924205997,3.196080876124611
1903,4.49728993824092,3.0608043886959204
1904,-1.2402243143882685,4.347197877338281
1905,-2.185018171629074,4.002587357863717
1906,-0.5093419344638888,3.9612452858972254
1907,0.33056958095992683,3.558312082276116
1908,0.5629603096915352,3.1890309095723923
1909,-0.5518331468506555,2.8799316722557315
1910,0.8590586057290032,2.6104993234120135
1911,2.7783679601143763,2.4035609521104035
1912,-0.5496198755508532,2.773821142127999
1913,0.09139434798123831,2.5169199492824443
1914,2.1994050099572666,2.265297327602444
1915,-1.6043422357996597,2.4234461440842976
1916,-1.8961386373657303,2.393711622714393
1917,-1.1088671440102937,2.4501932101971295
1918,-0.1562782432407201,2.3081173072795504
1919,1.3648764231374917,2.083629151929207
1920,-2.4019698699990815,2.0282890611785898
1921,-1.041452596495685,2.3041694179318286
1922,-1.6866969829778158,2.1678036169486035
1923,-2.425594624795254,2.1906923502512172
1924,-2.0797503536746538,2.4562839137272663
1925,1.2649660848461293,2.5642459679005407
1926,0.18304181566797242,2.430531695945844
1927,0.26148017156315695,2.1909945031248474
1928,0.9229958508358104,1.9827401766105195
1929,0.6406199196341276,1.8600434759473923
1930,0.6044490567660855,1.7176517856054387
1931,2.5230788755952203,1.5888600273291675
1932,0.9949509021508189,1.94942913264575
1933,-3.833465388808057,1.8415399776566357
1934,1.0232822023709216,2.8584908205571704
1935,1.662539065775697,2.64599793629785
1936,0.8545440359906631,2.594312950550052
1937,-0.9484334241271026,2.3887124963246524
1938,-1.584866121414414,2.2270960605230177
1939,0.09009925874323138,2.215892154673355
1940,1.0220316923257868,2.0003782085986606
1941,1.2687238489365071,1.8906582245608436
1942,-2.589314906287305,1.8385241376857668
1943,0.5408714065806483,2.2125831835773253
1944,1.9190857765761016,2.0187777633235107
1945,1.1889256419065721,2.115046574668182
1946,3.8030462954019657,2.0205519582125353
1947,-1.2366153357131906,2.973000865079394
1948,-2.096159319252819,2.792567329425833
1949,1.5825738727971808,2.8657096710515773
1950,2.6360814260254197,2.767155479161258
1951,-1.817608728563485,3.0326073838695224
1952,0.10542927372225241,2.988838964948596
1953,0.4278121995940861,2.6807621420194616
1954,0.7028831359477697,2.4223755481881475
1955,1.976490582975015,2.218996832594519
1956,3.7438517865877836,2.3089456447847696
1957,-1.0454122711995069,3.19123793768844
1958,-0.5361377676301976,2.9490976497756263
1959,-2.537000198184344,2.669949069129327
1960,1.4064603698516642,2.92261518191499
1961,-1.9368698926453602,2.7756831486587283
1962,0.24041153349413916,2.7989483529590298
1963,0.7852824139627562,2.516961050131725
1964,2.1280402658966833,2.3117782979655717
1965,-0.06428534291849802,2.439871603221044
1966,-0.7313618861737958,2.1976553323569896
1967,-0.9282497579822715,2.0291002671937224
1968,1.43155495000838,1.9075424434115504
1969,-0.47325629167590166,1.8880363403536171
1970,0.09666984012561673,1.730936121053412
1971,1.012139413719725,1.5736940476777936
1972,1.6788789931627202,1.513598011256948
1973,1.5402095089986025,1.602116611022639
1974,-1.8571965547619191,1.644745573799904
1975,-1.491820441719104,1.779285457360717
1976,0.518272528041233,1.7986192863174109
1977,0.7877865407344499,1.6526470129353699
1978,0.375110932267331,1.5514890651537634
1979,1.6393559573156247,1.4253986792725735
1980,1.9883752865134492,1.514135935079353
1981,-0.08225771166889104,1.692399724354383
1982,0.25195898638847364,1.5401482885995177
1983,1.3620629515599658,1.409634891676885
1984,1.1011536986359016,1.4345693419516468
1985,-1.2163516132401548,1.4059324865233762
1986,-1.5770769573998944,1.4095058130654938
1987,-2.2210115822453003,1.494417500126251
1988,-0.001880632133139229,1.7668580330517076
1989,-0.7621880229366593,1.6048733700505062
1990,-0.8538993517744584,1.5112340139024902
1991,-1.9012408168529065,1.4409819383967368
1992,-0.061577113303805206,1.6133574078964583
1993,-1.8884809546709835,1.470286904982082
1994,-1.5426559863126192,1.6352364407315816
1995,-0.4754699511085241,1.684359566368485
1996,0.6006071125365086,1.5518756562003853
1997,0.043480277192571914,1.4426189469865776
1998,0.8168131281547326,1.3195487792215514
1999,-0.07483752963469104,1.2619958186109437
2000,-0.4670914648031713,1.1612758529398075
2001,-0.3487949350060142,1.0909033981937584
2002,-0.9321204677834184,1.0208757667373947
2003,0.03113641020098783,1.0208933455426765
2004,1.1793230773310241,0.9483960656481285
2005,0.7527059652517942,0.9921109375809352
2006,0.7246211398655067,0.9660062675924681
2007,0.372777968435214,0.9398047915410012
2008,0.2206166415885212,0.8869844001571432
2009,0.09393394247149728,0.8337660350888666
2010,-0.9704184188940163,0.7841514091061529
2011,-1.0335557032423168,0.8185275315721763
2012,-0.8953606434513428,0.8591025973702682
2013,0.8865305625872361,0.8730410942922084
2014,-0.602663274628652,0.8783461802489636
2015,0.5915496090929913,0.8539614029047902
2016,-1.0569191117200014,0.8276195510085634
2017,-0.2625728839487506,0.8710855867425595
2018,-0.9004170579632753,0.8229431111129015
2019,0.639930793276568,0.841963342626535
2020,1.808061179812088,0.8216728765875521
2021,-1.276448498922016,1.0288451540171255
2022,0.30569521939653377,1.0898460323636423
2023,-0.8459574497585582,1.015594249150888
2024,0.7213126483636413,1.0037135236361692
2025,1.6764629544396763,0.9726150552602149
2026,-0.5619154272943697,1.1254108101834708
2027,1.053913033311956,1.0674515581233093
2028,-0.11504779074874148,1.0748754639846985
2029,-0.7265038042271628,0.997349440769424
2030,-0.3774068581790618,0.9722489422551432
2031,1.1461208644066656,0.9182136460587463
2032,0.4391003729071937,0.9594798646318581
2033,-0.05608028108102363,0.9083938906817111
2034,-0.1381033688372064,0.8498496805334552
2035,-0.5417622717416486,0.7998674528884545
2036,0.6076111292942601,0.7791295065380269
2037,1.9377735152641185,0.7632569128951018
2038,-0.14579952101820756,1.0158945038155691
2039,-1.0021211106651082,0.9461863218512901
2040,0.4089557550036402,0.9662224884185173
2041,0.547474256994615,0.9123787161563314
2042,1.0564552563310992,0.8751515975609333
2043,-1.1476069295524338,0.9060725657237305
2044,0.3208872428970232,0.9564083331919919
2045,-0.7950090549571671,0.8988819838440066
2046,1.356669629366399,0.8941553265556998
2047,0.7921349553079621,0.9797915432146563
2048,-0.16246253376535222,0.9599119491655719
2049,-1.1498093287067295,0.8973859213639491
2050,1.924598183724208,0.9491759200426184
2051,-0.13547835781437653,1.1754743489531485
2052,0.9932986578640879,1.0863513086586631
2053,-2.0105728562067835,1.0817739738116263
2054,0.18596913420854072,1.3318191869033331
2055,0.9070620160775305,1.224204544755728
2056,-2.3838517620355297,1.190250321014443
2057,0.379440019067496,1.5597005460000157
2058,1.5845476911265577,1.432872250664593
2059,-1.8179456102886224,1.5067523388095974
2060,-0.14109069050631817,1.646185583462783
2061,-0.4079207577959485,1.5007193302926731
2062,-0.7291119340256134,1.385282304653765
2063,-0.7062430478325484,1.3139419232712808
2064,-0.9982915306354838,1.2484632096407358
2065,-0.8466742890609251,1.231601035792964
2066,-0.048663884887309175,1.1938988573633493
2067,0.10364472825873844,1.1010081728067729
2068,-1.3520619216885335,1.0194469073151984
2069,-0.6212491116209986,1.097717591793185
2070,0.12385318417743547,1.0488875146303804
2071,1.2190815029783728,0.9738838515838382
2072,1.260099846356944,1.0220415054565675
2073,-0.009310173315095378,1.0724243351165406
2074,0.13586403570382893,0.9938021418033366
2075,-1.3623458271428814,0.9256198427685024
2076,0.09693917839499244,1.017415860501829
2077,-1.8422254103506945,0.9457995282153773
2078,-0.40164732328249564,1.159734263145997
2079,-1.3624430809431585,1.0847890687869808
2080,-0.8114568714055254,1.157506290296352
2081,0.1650780304992501,1.1239111777813868
2082,0.23055015908383353,1.0407256472423037
2083,1.2684405552500946,0.9693850791324454
2084,0.24174434015826232,1.027747175236005
2085,-0.49105571812888493,0.9583511583990623
2086,0.6313108550227547,0.9142432551537533
2087,-1.5731338133284616,0.884430141452795
2088,1.7333543804833214,1.0313445522520985
2089,-2.3483008613125835,1.1924298646315576
2090,0.8386066449762501,1.5480461984512848
2091,0.6714859557769725,1.4658900017730725
2092,-0.6808211768583745,1.3739379176062747
2093,-0.5053226981196101,1.2983573932481742
2094,-1.6485394383313738,1.2146316210311667
2095,0.13197706883456006,1.3415977350888009
2096,0.6092182163122838,1.2316091159937272
2097,-0.5819701083146268,1.1615902705892183
2098,0.4561886451562807,1.101188879022858
2099,0.7063341897805628,1.0342670562731768
2100,-0.7645755145931458,0.9978393791253349
2101,0.8528204849456946,0.9773433526782227
2102,0.4589028285300713,0.9655493471684505
2103,0.07756785013472382,0.9150942809395722
2104,0.7217795230375931,0.8555480918163543
2105,0.2956655298634047,0.8422818807147815
2106,-0.6409038876696233,0.7972873737773976
2107,-0.5643955075473336,0.7865564048230557
2108,0.20599286952974077,0.7694910849836094
2109,0.9553852244820243,0.729919622586849
2110,0.16564740303157488,0.76232490933077
2111,-0.32595621722143336,0.7225429734918649
2112,0.043764125493570186,0.6954126730115742
2113,-0.9484501629171875,0.6620083309430232
2114,0.9719628592172869,0.7075989886742067
2115,1.2282505817990197,0.745185772859634
2116,1.5188253926622952,0.8225530375898915
2117,0.8705737854688217,0.9535648776942471
2118,-0.6549074007330464,0.9470151535330784
2119,-0.12343014027631395,0.919813335074248
2120,-0.36679468373898055,0.8610815112765129
2121,0.38970699656892305,0.8197205401128305
2122,1.1896916478739525,0.7822887363642519
2123,-2.2538209843476227,0.8478683720890283
2124,0.44405564145096726,1.2097451169471123
2125,0.2595513291581698,1.1289615578771701
2126,0.2818244259120004,1.0480769580760254
2127,0.6518815595069137,0.9777918855072343
2128,-0.8457246469974474,0.9423988036659573
2129,0.9043181425890631,0.9392692803795508
2130,0.3067250287780887,0.9391184529189783
2131,-0.1937690081336845,0.8830011379389247
2132,0.01616401546290028,0.8306967764933304
2133,-0.3814902040035212,0.7810143404963203
2134,0.07684488200990704,0.750188170349625
2135,0.48903145004160087,0.7104240971565277
2136,-1.0621643976790867,0.6927724455879944
2137,-0.29943918270684655,0.7533261348057664
2138,-0.3957008182868063,0.7210903099449479
2139,-0.02971462024529801,0.6983840463774998
2140,-0.23020770307627755,0.6647756842894906
2141,-1.4024104472488006,0.6400109137490483
2142,0.40406129460153123,0.7750697225345652
2143,1.0203675921525936,0.7438616020712977
2144,-0.6182913541320814,0.7846570353770762
2145,0.14057871943569247,0.7730914593526084
2146,-0.5884508307452594,0.7314836224367555
2147,0.16640822772512884,0.7233225808191126
2148,-0.17680060360588,0.6882387006524682
2149,0.883445299850936,0.6587484947805431
2150,-0.4596214003839221,0.6893416982736518
2151,0.5238274445630665,0.6750236294973123
2152,-0.582138033253913,0.6643281614692309
2153,-0.43556166468850205,0.6636143989801945
2154,0.08795350968658715,0.6505835855292719
2155,-1.2789444259735716,0.6228829696240572
2156,-0.754010522180408,0.7331175430105952
2157,0.7081993396313973,0.7430708209250028
2158,-0.588217369179794,0.7417917888995298
2159,-1.1461956402295503,0.7323710436853454
2160,-1.2814139849035642,0.8032875001463369
2161,0.07056969561264505,0.8923872689369824
2162,-0.5129697092994823,0.835505380193693
2163,0.038836563133324134,0.8079692714529119
2164,-2.432776843691519,0.7610413441674164
2165,-0.8890506270258606,1.201005522463273
2166,-0.8596666023255477,1.172994703167369
2167,0.7801436684588418,1.1441404052870427
2168,0.8966867212227458,1.103069028388443
2169,0.6576290042288753,1.082187113555293
2170,-2.0573030728779678,1.0348503196913703
2171,0.9284202839240981,1.3058833258554656
2172,1.3100446510357147,1.265195519732389
2173,-0.9404109786445951,1.296509273497771
2174,0.27388569498288023,1.264719300510124
2175,0.42084219508849496,1.1681096201382644
2176,-0.46537837035602814,1.0907904229507417
2177,0.09752459986314568,1.0287429451894106
2178,-0.8172718532441793,0.9557745968533966
2179,0.12126305693932674,0.9471635777297844
2180,-0.1505928374348948,0.8843242849382661
2181,0.215025361926796,0.8305335240404013
2182,1.6460017102883622,0.7839122924991274
2183,-1.0545919160681045,0.9513533423480864
2184,1.1423176457676192,0.9795707641526297
2185,0.06931373378942556,1.0127900242944237
2186,-0.008437029279019712,0.9414497689263132
2187,-1.9973990711894234,0.8785404898258928
2188,1.0157904758081373,1.1487075520416616
2189,-1.2586086498029958,1.140190539533478
2190,-1.0494193248964832,1.1841548811375437
2191,-0.31826384235464417,1.1835489107980026
2192,-0.3624536391432493,1.1006768356658045
2193,-0.8972811395823357,1.0302972782734212
2194,1.4490806467011699,1.023973980003288
2195,0.6882863786603861,1.1144788219849602
2196,2.4716651241243,1.066469898059006
2197,-0.9184109796800108,1.4693464607597186
2198,-0.951326607851362,1.4134740988112722
2199,2.287572545802935,1.3693352372835221
2200,-1.6453456558271113,1.6663658288478358
2201,0.36260664094555817,1.738272021656674
2202,-0.3830512114734896,1.589069723891473
2203,-0.30989996928880653,1.4613773793501161
2204,-1.6339206665550856,1.3447188130070427
2205,-0.8104437095521757,1.4521888411468389
2206,2.3139925360264866,1.3830971205880007
2207,0.22137426925996234,1.6881176065450592
2208,1.8903879285221368,1.5387876214652507
2209,-0.7999011289941267,1.684001187142327
2210,0.19419393962995954,1.5857000735913154
2211,0.8040440777027306,1.447843547048662
2212,0.7667703749138738,1.3732803306652805
2213,-0.1909653570330696,1.3030999704133674
2214,0.09985361820274867,1.2002884845132107
2215,1.1764455297423957,1.106763994398831
2216,0.3679016333608901,1.1309416161318648
2217,-1.7931756366292602,1.054911465915655
2218,-0.6513709280290998,1.2413305611470502
2219,-1.1728178427355296,1.1784300076496166
2220,-1.8287999370441186,1.200843559207522
2221,0.9772145504422041,1.3801872286797663
2222,1.2674862413228978,1.3378655368844559
2223,-0.868339895546885,1.3518194262415155
2224,-0.3338328796020563,1.3027329166941537
2225,2.203452903276992,1.206420783225854
2226,-0.16308212042468492,1.4930476157050496
2227,-0.07162993222352931,1.3665634268459796
2228,0.3789643378794314,1.2532474991828053
2229,1.4346738056339383,1.163166230950406
2230,0.5886289936916984,1.233690441344102
2231,1.186663381441889,1.1615147029801565
2232,-1.0179253839624443,1.1810212142703316
2233,0.9675271297297701,1.1754817967717788
2234,-0.05802202967967572,1.1562485940850802
2235,-0.7966364798269914,1.0679857577640974
2236,0.5989676611339733,1.0431790780471433
2237,2.56733270490276,0.9948138728926015
2238,0.30034123179779276,1.4445485209028663
2239,1.2287493315770566,1.3274899948941947
2240,-0.26424297240819783,1.3350771912339299
2241,-1.6803987609105082,1.231331453674934
2242,0.6799061029557981,1.3648801549224214
2243,-1.1016037114645385,1.2859326215091955
2244,-0.2124058302225418,1.2822602977737745
2245,2.1745745844034157,1.1827100596346358
2246,-2.1341272249836853,1.4621601836590516
2247,0.5152430606593607,1.7079220897332386
2248,0.6895765441547262,1.57259269409575
2249,0.4341554800746123,1.469748190682835
2250,-0.638879413136597,1.3571003887349613
2251,0.2551100544696244,1.2789781085711842
2252,-0.9917942460330185,1.1799228745596588
2253,1.7189264580000398,1.1702303373169418
2254,0.22960582458949064,1.3107107856143139
2255,1.4899429067990588,1.2069402594767433
2256,-0.28385368626117524,1.2849660002794434
2257,0.9912562901152805,1.1881562452582706
2258,0.7919683511362046,1.1710445983143578
2259,-1.1696847279798623,1.128194057329111
2260,1.7495263814777289,1.156038750608699
2261,3.1377525989869333,1.306615020873851
2262,1.5532219794756628,1.9774517198481711
2263,-1.8344392701153818,1.9782190845341723
2264,-1.152280386816285,2.0659483949137574
2265,-3.0753280428138567,1.9779738919492376
2266,-1.235061431049766,2.5571014803257177
2267,2.821110853653511,2.4262636383433263
2268,1.7986337698369064,2.812809762898567
2269,-1.54310819920753,2.7783556383270787
2270,-2.012141970518092,2.6904175411222138
2271,-1.0137923644119073,2.7479355152548406
2272,1.7928438548310137,2.5536813856415685
2273,0.8478563150963743,2.5486776460535476
2274,2.3496601707488227,2.3476640148027177
2275,-0.9655221992980052,2.5501296539202665
2276,0.25041652629413985,2.3718144158745686
2277,-0.98461211098314,2.141444028016777
2278,-0.22270098940992336,2.0152103841374838
2279,-0.36420967943326354,1.8280974396618301
2280,-0.32871676855861004,1.6705351131240274
2281,0.7817928143372019,1.5297991703230607
2282,-0.5158157684818135,1.4426495332423568
2283,-0.11404159798874051,1.3424994722735744
2284,-0.9373299768215969,1.2328369076000554
2285,1.3766211643443333,1.208214933449748
2286,1.9879573850037522,1.2604628201195363
2287,2.428471052418669,1.4690357832404564
2288,1.157918612844556,1.806810114078697
2289,0.015997920845329895,1.7435816019458996
2290,-1.1094712224999357,1.5843530910433965
2291,-1.2474922455103594,1.546287139514629
2292,-0.03336684898241625,1.5392556101671848
2293,-1.4090899537870196,1.4047727785927477
2294,0.979990690115608,1.4495838928428169
2295,0.36004702117628923,1.3993603957103702
2296,-1.4635037917923976,1.2906877063539952
2297,-0.18986946264900395,1.3618678616125095
2298,1.0123979461793018,1.251967333527215
2299,1.3442747850098382,1.230519548190421
2300,0.31215131705632404,1.2731534989045987
2301,0.7583330159212045,1.1772032704006665
2302,0.4138720047060452,1.129549729344531
2303,-0.3928038154448344,1.0564145743104798
2304,0.22112294079807754,0.9932773845968873
2305,0.19248529152234625,0.9273201334304821
2306,-0.46946007025218484,0.8684218114821481
2307,0.2965590289372449,0.8333768869339923
2308,0.051957646270552854,0.7894904522208501
2309,0.39821170740001904,0.7448333012467605
2310,0.07982464457103267,0.7168968327463043
2311,0.06042388763148815,0.6811555318645919
2312,-1.3836141867331897,0.6495475952961403
2313,2.1393661185423696,0.7792125066764972
2314,0.833195744161176,1.0950440254293454
2315,0.5306685835375464,1.0665417278435718
2316,1.8433894128333386,1.0094193126793227
2317,1.175625219921178,1.2042689112244207
2318,0.6134080565150059,1.2165942137909198
2319,0.7883493112423854,1.1487735578589626
2320,1.8335156632215297,1.108149584042819
2321,0.38927090276036364,1.2882787588176667
2322,-1.3766234317345125,1.1945941877295831
2323,-1.5918863909388472,1.2572874460076242
2324,1.7031352801406376,1.3642671714702181
2325,-0.1413292290067677,1.47719066059412
2326,0.7181263411735441,1.352009950933379
2327,-0.003865431888885742,1.2787591878806024
2328,0.5727955341123312,1.1753536500420696
2329,-0.7990648218467638,1.1087578442397843
2330,0.5719616135314692,1.0793762775219597
2331,-2.205335059827701,1.0242240540443057
2332,-0.22566332801901098,1.3474864578388577
2333,-1.414530796386187,1.2406161205568649
2334,0.09253748266064422,1.306372474552472
2335,0.18647880266468386,1.200028712517435
2336,-0.0813998245016924,1.108242482354276
2337,0.2266269594359143,1.0260759384244809
2338,-1.64327150556698,0.9563624018428016
2339,-1.0575529610858363,1.1129166817201492
2340,-0.15395058125528002,1.1222563106293197
2341,0.4584396588233466,1.0400062577313254
2342,0.3207891712136057,0.980583853557897
2343,-1.5725988867605085,0.9201517211724988
2344,1.398339762534214,1.0626432117606637
2345,-0.05730630466884433,1.1371116664280139
2346,1.7107493503371873,1.0511363676359764
2347,0.8026472110901208,1.2036906727729089
2348,1.298943097399684,1.1582507246023312
2349,0.636484786592489,1.2001162733609552
2350,-0.43587125526783893,1.1365065999256394
2351,-0.21643039089478092,1.0667512960449208
2352,0.9161826068904314,0.993213086898623
2353,-0.3045780788397152,0.9882789776622226
2354,-1.777795973109156,0.9281135746838184
2355,0.04718561070794605,1.12530557459596
2356,0.29195523118034244,1.0403280302388098
2357,0.48768406713575385,0.9714054384314609
2358,0.7133630678146415,0.9223350567518969
2359,1.9371641429325583,0.9001150374464157
2360,-1.5471691440779431,1.1361427010285523
2361,2.0161511079582546,1.2462871069971255
2362,0.914194725077662,1.4655021938217079
2363,0.03373450429134136,1.4036086670716401
2364,-1.4865604058773423,1.2851907179516937
2365,0.12773642421588918,1.3625457723220746
2366,0.7111384949352771,1.2499688506116517
2367,-0.0054883713276499095,1.1881863820727656
2368,-0.4484959335129433,1.0956559887898685
2369,-0.572423762396552,1.0317363453125374
2370,-0.7530974859412992,0.9860052570151998
2371,0.66361277212572,0.9654990039948764
2372,0.5849568693186431,0.9327781155509596
2373,0.9384544918991886,0.8963788428200703
2374,-0.7065855979724056,0.9062980739768456
2375,1.2906571838155683,0.8897764355940976
2376,2.4647926560174676,0.9621688376253748
2377,0.14908836536907968,1.3748694675836852
2378,1.318027713058765,1.2612182359595359
2379,-1.4726213051016799,1.2946621231538769
2380,2.813318975186267,1.367536137210887
2381,0.8937050272881311,1.877642272516433
2382,1.6691538423614543,1.7633940377911452
2383,0.4284391650913305,1.8193634249182515
2384,-2.009609011840274,1.6643856180545016
2385,0.7027374266841484,1.8442043631634215
2386,0.02289318314610212,1.7101902710874344
2387,1.1814478750123434,1.5549681081976396
2388,-1.0033807292600205,1.526288828523578
2389,-3.650414406011728,1.4769188184624105
2390,-0.08058199083684667,2.4274439131955954
2391,-0.46546878740729253,2.18695998256258
2392,1.0612641093664061,1.993379180138807
2393,-1.152741080613777,1.8909121541585194
2394,-0.48508519121306715,1.8240284270322307
2395,-0.4513785054400757,1.6755538998189823
2396,-0.8857571085620171,1.542263247471978
2397,0.70874786886043,1.4728233329521907
2398,-0.3022826372854392,1.3840344231467105
2399,-0.5295970410864307,1.2762595802327579
2400,-0.7222427163280785,1.1972729832105036
2401,-0.2997699201571422,1.14767416522061
2402,1.6145284026490558,1.0681334895411212
2403,-0.23272623096704378,1.1933591369445506
2404,-0.6646864775998008,1.105265684336709
2405,0.1361506106429349,1.0601374480249457
2406,0.8199030501084867,0.9840002314101703
2407,0.036361402074785734,0.9671077948067788
2408,0.4216093415515704,0.9010762750681935
2409,0.6133709307003479,0.8558503271177291
2410,0.7169704037780581,0.8313154127756175
2411,0.23242366522159935,0.8204189827419474
2412,-1.190484003722278,0.7755786098966079
2413,-0.08011200722785304,0.8497308985704162
2414,-0.5528503581926957,0.7985649838612615
2415,0.6711635099311691,0.7789897884284301
2416,1.1520637846398862,0.7694321271502889
2417,-0.31311382761677164,0.8296257448917088
2418,0.6836983486724258,0.7889478412766634
2419,0.3570089930433633,0.7795137401659042
2420,-0.17067351808588915,0.745058096257364
2421,1.2001033071522114,0.7085596359464204
2422,-0.3795219059205143,0.7849439848769769
2423,-0.5669793952682114,0.7535201269565684
2424,-0.7215628759805728,0.7406612965593351
2425,0.9332828831631035,0.7457751808948212
2426,-0.6280462301570846,0.7730090091617396
2427,-0.6353056817192917,0.7638450413759956
2428,0.9539191564493941,0.7565376793303631
2429,0.33422598834267014,0.7855295570733714
2430,-0.11270306992291397,0.7491650479645611
2431,-0.6949059771976951,0.7106740505901711
2432,0.21910815086252472,0.7162804090179898
2433,-0.8544809327509532,0.6834982843950226
2434,0.18489912158482122,0.712655842407218
2435,0.14066446682586123,0.6793124789423075
2436,-0.036939043182506195,0.6489597745535801
2437,0.16950853124762297,0.6213439659782336
2438,0.49242594714697974,0.5985709141341113
2439,-1.364442709634936,0.5945973064810357
2440,-0.8683042573867696,0.7265801590042174
2441,0.6462427613244883,0.7525172962190281
2442,-0.1106095915346862,0.7435896203616503
2443,0.7301579508587156,0.7057235751503209
2444,1.4455758681015431,0.7113826913457104
2445,1.4366144787369743,0.8385980928413026
2446,0.9805450975453363,0.9485100482097246
2447,0.1224442372263912,0.958500593178028
2448,1.139932423121233,0.8943201077359364
2449,-0.5502317792222031,0.9373415853962798
2450,0.21339276686553102,0.9008737377115198
2451,-0.2066521833299483,0.8457609501682098
2452,-0.3876197511806663,0.7983793331246832
2453,-0.6134898421719693,0.7658661220739282
2454,0.3957378869839231,0.7560669378358622
2455,-1.2704549997827663,0.7266332220727701
2456,-1.7194360055027906,0.8226591639411849
2457,1.0297084686330051,1.015991073647403
2458,0.4376697803825724,1.0256330401400513
2459,0.83266270674537,0.9665129189588313
2460,-0.08818407631329794,0.9533650226785484
2461,0.4697919659484495,0.8898975235065435
2462,-0.4232968231480111,0.8492948456963
2463,-0.4399958820139937,0.8131004300857936
2464,-0.956846885780621,0.7824560753930849
2465,1.631364870876109,0.8148997334066586
2466,-0.9139442230755821,0.9748315051653458
2467,1.5683909652227186,0.9776318694908045
2468,-1.2346656878664717,1.1021172116465754
2469,-0.9346947036545606,1.145798025313742
2470,1.313297671383958,1.1312176204509787
2471,0.6509401210063916,1.1792810153414348
2472,0.4583098388763707,1.1196141284041075
2473,-0.9190688946052964,1.050629674184081
2474,1.0048145219345614,1.0451021443872084
2475,-0.8492694810323339,1.0472786584697993
2476,0.3299332511958678,1.0320555739057613
2477,-0.678836097859542,0.9658935946528172
2478,1.5126240732783385,0.9390561146282033
2479,0.43132311949117147,1.0546035108032203
2480,1.3523159471460706,0.9915860261970698
2481,-0.13415195745249756,1.064600965695
2482,-0.6791872343836131,0.9887498758905149
2483,-1.3056933185135176,0.9592089138816535
2484,0.2794732568579423,1.0347008661959658
2485,1.1866149987103272,0.9659228719344074
2486,0.5564306780808028,1.0088913717195502
2487,-0.668399953237989,0.9608450369041026
2488,-0.407627908672736,0.9334551921250555
2489,-0.39605666969043524,0.8860698193321143
2490,-0.0036021513462298448,0.8435896932037722
2491,0.637933222060396,0.7924034949431732
2492,0.14432553779749385,0.7778623929040678
2493,0.6299152587125614,0.7357554529034704
2494,0.3973592308615244,0.7272245283798868
2495,-0.8228296579752201,0.7013495841036126
2496,0.10168709546232962,0.7240165806001891
2497,-0.8022671827233798,0.6876684134533723
2498,0.10268741184743313,0.7092380694216751
2499,0.37854665886945593,0.6746764777373163
2500,-0.6026712002545745,0.6539997569357544
2501,-1.0396059138001583,0.6565373399935817
2502,0.20166637216736621,0.7175740345991732
2503,-0.0739547096293368,0.6841053641093886
2504,0.9578881049358854,0.6527189194131846
2505,-0.518313239605858,0.6947633768740206
2506,1.3691195430824663,0.6845742631639343
2507,0.6077307163182699,0.7980352349064257
2508,-1.2993104193474185,0.7799051983099736
2509,-0.6012211798105929,0.8755629731206698
2510,0.05205330394372813,0.8513686766858106
2511,-0.08112840012227374,0.79928662862701
2512,-0.7420094377664486,0.7541903894566722
2513,-1.5496745311311113,0.7601402133814826
2514,-0.26953983812235793,0.9160336384702386
2515,-0.18312123121787519,0.8628162672826036
2516,0.5389253425748679,0.8125789739744084
2517,0.19235220912923187,0.7866121779907949
2518,-0.8983776072286399,0.7445951393512376
2519,0.7017809922670368,0.7727171169858091
2520,-0.4926925755558864,0.767177088660842
2521,0.8446957648321989,0.7461441321839513
2522,-0.38265620343204443,0.7610166846844504
2523,-0.4434806747349433,0.732665243975301
2524,0.016989671163013653,0.7119305615664855
2525,0.6521353998785265,0.6764996191448838
2526,0.2364458813207795,0.6772872779498645
2527,-1.017369738290222,0.6497607101591392
2528,0.8351519927061598,0.7078803028536684
2529,-0.5437441348823581,0.726092488208254
2530,-1.1897137054663671,0.7143859855924042
2531,-1.4844345350975363,0.7957322472567692
2532,1.2724448177419192,0.9313102392174881
2533,1.5333320788775013,0.9950424522304766
2534,-0.5468908651726351,1.1088512764395955
2535,-0.2740887640980724,1.0514983435081382
2536,-0.030889239249428598,0.9822375983806602
2537,-1.1753074506385885,0.9145762637486917
2538,0.15225315526369929,0.9691279042230185
2539,0.5435157924190104,0.9042318274824326
2540,-0.3711807157081979,0.8676495109775091
2541,0.23764913814564703,0.8257733578475662
2542,-0.34367173539687906,0.7804702466927017
2543,0.8986247686119047,0.7473943875797038
2544,-0.7811166822334248,0.7694655797916051
2545,-0.3906941133821418,0.7784727453008278
2546,1.25293065920908,0.7485495882460679
2547,0.1868358131765354,0.8303330784899587
2548,2.145583388286858,0.7829198441558257
2549,0.7955749918563627,1.1004178421020099
2550,1.219583480370916,1.0664890264892084
2551,0.7014455799650102,1.1036303854208074
2552,-0.7547781112176507,1.0583441854466185
2553,0.9694139292709778,1.0293653729227834
2554,-0.9823397280308772,1.02795247289955
2555,-1.6437445683972025,1.034972970582725
2556,0.44439495500957615,1.1822198932224937
2557,1.0682136598124037,1.104762392262801
2558,1.3239980090185608,1.11009105532065
2559,0.46644715574662227,1.1629129932841216
2560,-0.052006225376812806,1.089308639119967
2561,-0.11603792646560775,1.0090063941450123
2562,0.5344077330593472,0.9394061322425757
2563,0.9699089809294249,0.8978466216399672
2564,0.04598561161194547,0.9122911928072014
2565,0.6071904507308483,0.8528702698312051
2566,1.0733788103411643,0.8281092474858203
2567,1.1387287551256382,0.8675046912335832
2568,1.1349180750291104,0.9135284504891501
2569,0.8367541462755719,0.9533484215525814
2570,1.7014000784452425,0.9423135978029387
2571,-0.9023711902784345,1.1054044639702394
2572,1.7741606054889671,1.090817417306263
2573,0.10691669295321965,1.256085681617465
2574,-1.6362606990101063,1.1559597607444831
2575,0.1628359300410239,1.2867005497019808
2576,0.3708145376154467,1.1839286519705978
2577,-1.3628974188089389,1.1017028809183131
2578,0.052234397983652495,1.1724909568839896
2579,-2.25298186466741,1.0818751665709805
2580,2.04257206679578,1.4153658711510175
2581,-0.30999743639911465,1.6227857878434997
2582,0.014257911636703625,1.4867633579446786
2583,1.135567900073876,1.3583543927176192
2584,0.03292414569735666,1.344911204765524
2585,-1.3763968541954579,1.2335352228770218
2586,-2.173747183845893,1.2915049300843369
2587,0.8495758333739979,1.5715264750047593
2588,0.9945241464127011,1.4879989830696414
2589,-0.4991625856336308,1.4354148900565966
2590,-2.2941382056718993,1.3347274864755487
2591,0.4392107059355752,1.6529790388945114
2592,-0.001176940990377566,1.5186805635048504
2593,0.745695851854974,1.386474772910645
2594,-0.8889755719305458,1.312228557713329
2595,-2.3385013880580803,1.2708600580170466
2596,-0.6772412613682373,1.6133591548527524
2597,0.9686286102423145,1.5086476863947718
2598,1.2722143058130002,1.4496016632410202
2599,-0.39883781370570126,1.4510927170667165
2600,-0.6315691452525926,1.340995600153892
2601,-2.0115630570602954,1.2640395162190405
2602,1.4726898233141854,1.4925346506577295
2603,-0.5420371965404488,1.53225511039965
2604,-0.8358355359648664,1.4236553619752959
2605,-1.024090429958268,1.361413075707882
2606,-0.4420936922755064,1.3352534926973714
2607,0.4805460159298014,1.2421055200089517
2608,-0.3928960307966169,1.1600210682309826
2609,1.4224731572459384,1.0844571906230729
2610,0.7152075780228618,1.1616768042919354
2611,0.40501038112009247,1.1109406739001364
2612,1.3372063751719478,1.039486432517739
2613,-1.2480362848640612,1.1035506713991001
2614,0.16799170358825263,1.1497578724097561
2615,0.8334672978991488,1.0635390512670615
2616,0.851699080645292,1.0388526886951215
2617,-0.4101673073182411,1.0195282349114048
2618,-1.1576647945370746,0.9619883597048703
2619,-1.8440753516829576,1.00750130600365
2620,0.5633790167233442,1.2145833026233674
2621,-0.07157863369863135,1.1424541667737815
2622,-0.15968227406772023,1.0560305984529363
2623,0.19481194897011633,0.9818897842077158
2624,-0.027986169734648698,0.9165077475030083
2625,-0.44871123562009746,0.8567110316015115
2626,0.6991212359816197,0.8214809256010517
2627,-1.189507764252483,0.8097996667818217
2628,-1.031323769429466,0.8796564293109663
2629,-1.2244801902648172,0.9125201912470409
2630,-0.3183680097834361,0.9769162438143205
2631,0.6171641974821982,0.9188457273601863
2632,-0.6985546687514884,0.8871126463773286
2633,0.15610620461735294,0.871964793770814
2634,0.8678067253665377,0.8188110104331436
2635,1.6276082287683546,0.8280557886673049
2636,0.8675564264251739,0.9854414314035264
2637,-0.4696175500060056,0.974656611313072
2638,-1.4093579431069196,0.9268758455774141
2639,-2.5047940140056166,1.0290958744699519
2640,-0.6761515501267059,1.4655711545862453
2641,0.16005319095158377,1.3784727744954013
2642,-0.456904708921514,1.2646252332596106
2643,2.1420052660898894,1.1810652533797785
2644,-1.512743452551267,1.449569930919263
2645,-0.7146845972734444,1.5135657385160537
2646,-2.691848833337585,1.4251187664917946
2647,1.6138888527432047,1.8924344421027328
2648,-0.8046884352661616,1.9185808430423288
2649,-2.3886962607738207,1.7927600230981895
2650,-0.21776149302412245,2.0917742344596695
2651,2.021684571904187,1.895283768529714
2652,2.825609127524504,2.0383890063380883
2653,-0.372607620124806,2.4734977316934224
2654,0.9523482079218829,2.2390092633606167
2655,-0.5945746698745782,2.0898700062225544
2656,-0.290293358388491,1.9193017674639634
2657,-0.6695636985585397,1.7466881128290885
2658,2.010715391224647,1.6251253868391764
2659,-0.9216091437686411,1.7971461619271714
2660,-2.61787850964588,1.7024188448662079
2661,-1.6158531742664937,2.1048008260143884
2662,-0.8772931402178332,2.116305975513283
2663,0.2563594989224526,1.9767600568102477
2664,-0.740833017576431,1.794018115011488
2665,0.25910305109608994,1.675045291660866
2666,0.26999627207995613,1.5286134781850387
2667,-0.4254433833602841,1.4001797116871442
2668,0.7756338390571621,1.2980317309070435
2669,-1.0126829659613066,1.2379465230964595
2670,-1.1104777903668854,1.2247076689798155
2671,1.0469685932186763,1.2299811514632615
2672,0.08125606602195204,1.216756572604274
2673,-3.035191027417215,1.12104596834172
2674,-0.5844274220722914,1.7832558292615663
2675,0.7197779051412543,1.6484917304344147
2676,1.826187165322004,1.5398478521041954
2677,0.8831036143272495,1.6660510759456066
2678,0.41645233040179874,1.5757207747573148
2679,1.246629087428972,1.4492082378089184
2680,1.2222052405066008,1.4456727627219947
2681,1.3832386074215406,1.4378158264194782
2682,-1.3534292182746916,1.4639514873103106
2683,-0.0945852468665755,1.4891819342419237
2684,-1.7377248886804768,1.3615304844368508
2685,1.3027461091725392,1.4953145690473721
2686,-0.8068557309258084,1.4975118272094705
2687,-1.1943127095327966,1.4225056399255223
2688,2.1506827763979968,1.4197693916570902
2689,-1.379497475104052,1.6625817921493653
2690,-0.5124370286880985,1.6697594317172508
2691,-0.0023565836841144133,1.5420674350726375
2692,-0.2184963274486217,1.407059328210643
2693,1.2797489231752468,1.2927626486818842
2694,0.6867255003109244,1.3145885187953537
2695,-1.1061572484070867,1.2423997279610994
2696,0.8757461541810523,1.244770172456953
2697,-0.3143821004346059,1.2039818701937717
2698,-0.6024673092494693,1.1184489568978038
2699,0.5948113558195999,1.0652323261568093
2700,0.4227115495469082,1.0138370946003255
2701,0.12323474100445939,0.9551507706193642
2702,-0.8050075419952757,0.8913852710850612
2703,0.0687263383078467,0.8888700341027808
2704,-1.10559488654062,0.8323955704940383
2705,0.6943138348207052,0.883865209923265
2706,-0.2804081677348112,0.8641773165589216
2707,-0.09574153155273905,0.8176956439511939
2708,0.5887005270689524,0.7706438548471445
2709,-0.18504376885018678,0.7540402154245675
2710,0.3854476840689102,0.7169188253451625
2711,-0.6037781640848555,0.6915727270870494
2712,0.21591387732807998,0.6897119356757293
2713,0.7318423024973635,0.6600170831810196
2714,-1.5104948873728135,0.6713525902892772
2715,-0.427155200533725,0.8281834474765097
2716,0.0667654224276017,0.794797255648477
2717,-0.1653789851331393,0.7495965453494463
2718,0.3697002658945869,0.7123941893578322
2719,0.9236988244833094,0.6866901087122319
2720,0.05646183553962389,0.7196210208965653
2721,0.3571191432684763,0.683372855625051
2722,0.3121558588785943,0.6604600582906907
2723,0.7730974647646754,0.638033254965975
2724,0.5902303929334584,0.6568417276848565
2725,1.1937741205695687,0.6540337364446774
2726,0.9195217176954024,0.7357693429608252
2727,-0.5345138249652929,0.7622081674539811
2728,0.21674585480892236,0.7453420339257146
2729,0.8012372616312772,0.7089977043653883
2730,0.10743300172256848,0.7227445125584326
2731,-2.2848707256412273,0.6866267334346382
2732,1.8378732020255917,1.0792258503759151
2733,0.4770249600975951,1.2640917866222274
2734,0.303008312206367,1.179110517359737
2735,0.32896418260559374,1.0940247516588002
2736,-0.8234024397882285,1.0203784907503957
2737,0.01905126640612662,1.0048392858956072
2738,-0.34300318031401045,0.9342586435957689
2739,-0.7724385586022591,0.8826893110777235
2740,0.130944115901527,0.8770033032811668
2741,0.36388005207817337,0.8227475946356805
2742,0.9689123104096644,0.7834781624967818
2743,0.25728963578983827,0.8114955488249286
2744,-0.11437819144370177,0.7686205926661991
2745,0.5019229282191388,0.7278307214131097
2746,0.9062041638604038,0.7090710115430012
2747,0.8529655978273821,0.7368111157613225
2748,-0.17871478181532124,0.753900316843078
2749,0.09600418972755924,0.7165912839828615
2750,-0.21443706273989196,0.6810624608534096
2751,1.7430811435880487,0.653731824461889
2752,0.9367906896413899,0.8628046957175582
2753,1.1638092526002706,0.8765085457205021
2754,-0.9170530313975904,0.925991488740761
2755,0.38361725215937076,0.9351179807839828
2756,1.3402342573169592,0.8834812235753393
2757,-1.2005619122437272,0.9669049562817595
2758,-0.06743447345891426,1.0200580720575536
2759,-1.8303126565871977,0.9482626863825702
2760,3.259725738271137,1.1583637181868036
2761,0.3610556169944207,1.9090259007417043
2762,-0.6270693406228811,1.7392483073633753
2763,1.1749382404851834,1.6140344090057006
2764,-0.45048327047632775,1.5770608670718174
2765,0.8263251067957195,1.4555219236470474
2766,-0.49751844114858856,1.3828721070373318
2767,1.341329996373404,1.288353481147161
2768,-0.705054972443699,1.323424100154793
2769,0.21448494414181224,1.2566695851814447
2770,-1.0416962842133901,1.1588951864394987
2771,0.22488587976651062,1.1600036840597603
2772,-0.0721251787210094,1.0741614998708047
2773,-1.2052544056462653,0.9959410837706584
2774,1.887116138419223,1.046528022402626
2775,-0.17221094142512433,1.2498344736619518
2776,0.03887095580030383,1.1528099405028
2777,1.0085235173046971,1.0645012366802893
2778,-0.9352409139702195,1.0649353878198107
2779,-1.066654227660936,1.0601419575792461
2780,-0.6353057341027455,1.0773903155092075
2781,1.1284609339920544,1.0324575260599378
2782,-0.9571384965204944,1.0568574743076682
2783,2.712941929213551,1.0564185487013347
2784,0.3569926958974373,1.5598032215864865
2785,0.5119370665105543,1.431711961163166
2786,0.6121035658585124,1.3292666920161467
2787,-0.6384782274389792,1.2478016195903983
2788,0.026991987708537262,1.182752911320445
2789,-0.5677750521091053,1.0908264729933608
2790,-0.03324841647679884,1.0375656571847065
2791,-0.1697980338126194,0.9632846098311247
2792,1.4080714246037964,0.9005723201425206
2793,0.2622660414010986,0.9966430241095472
2794,0.08451954768223376,0.9317412880016942
2795,-0.08879261759158101,0.8702653552041405
2796,-0.6083073252764643,0.8167803792710379
2797,-0.7663953660340874,0.8003483413581984
2798,-0.13535178678027787,0.8037799541328056
2799,1.1309998514920911,0.7592570938493348
2800,0.4978109845196637,0.8168918961886504
2801,-0.4904293337667296,0.7871291356002245
2802,-0.6243081442817348,0.7635166877097612
2803,-0.21054338089795527,0.7551053239676117
2804,0.9164776147734099,0.718744705129567
2805,0.9139962258424165,0.7467891096172048
2806,-0.29370256591428967,0.771112756608779
2807,-0.4733324743842912,0.7364519698046222
2808,0.45513548913550594,0.7175478878506378
2809,-0.5889294042979908,0.6965895728209769
2810,-0.16218447075208858,0.6926624256359561
2811,1.337137765633082,0.6621982290702989
2812,-0.5105782107809318,0.7715225930744156
2813,0.14317559686278786,0.7514609409259253
2814,0.028058540019963968,0.7124994062278146
2815,0.7842056747145474,0.6770046726858572
2816,0.2443067482131585,0.6924849370248276
2817,-1.0998628262040915,0.6634118259653652
2818,-0.8499843770463237,0.7341298268106266
2819,0.5214144964695505,0.7565840728977258
2820,-0.010702626855410215,0.7359073039315838
2821,-0.3638578139179123,0.6976738395634595
2822,-1.0634602377580429,0.6757407245203115
2823,0.2597158343134644,0.7385627245220913
2824,-0.3453615124036043,0.7045322920770883
2825,0.6037508506661775,0.6806675398075056
2826,0.2939324989130733,0.6762486394828838
2827,-0.6895107062843252,0.6511019238617987
2828,-0.984745233658888,0.6632421283849494
2829,-0.43561073735515965,0.7144141117435758
2830,0.33075423064252607,0.6952909098538117
2831,0.5941137663901981,0.6695814560203325
2832,-1.5305392717737356,0.6656002106385918
2833,1.2563815618784175,0.8280619480269709
2834,0.27337687815738965,0.9009856635879676
2835,-0.26882056037322166,0.8480033713481943
2836,-1.7144242299508676,0.8029163520739552
2837,-0.9968359714555521,0.9972245825803334
2838,1.179885693910306,1.01027406409837
2839,0.08909272718180691,1.046667962241589
2840,0.1160215983379324,0.9714497111685519
2841,-0.2991671822236809,0.9056133576161154
2842,-0.4328827203712241,0.85508916991887
2843,-0.27730787061428713,0.8188866902014728
2844,0.7974389874301124,0.7776916449716321
2845,0.7726060780146142,0.7827215579091449
2846,0.5807715380627619,0.7841082436532106
2847,-0.18152795652188988,0.7651724318469274
2848,0.3625844322450174,0.7266008214060872
2849,1.3164353915130913,0.698797850294688
2850,0.8038131590103635,0.7994016862087416
2851,1.2389413432185339,0.8026225293227172
2852,-1.2493848532564165,0.8751732656605834
2853,-1.8609506380907688,0.9490595062354585
2854,0.9063187202691907,1.1682103897219291
2855,-0.10581337313935162,1.1408700128672669
2856,-3.6386727881603034,1.055231931712051
2857,1.1386833731361816,2.0494750255725798
2858,1.5986047416190565,1.9536542216503778
2859,0.5163567595578885,1.968575149473306
2860,0.24764965470024336,1.8020557341572139
2861,-1.8920499305211955,1.6399549952811594
2862,1.5023706772197438,1.7856351907919088
2863,3.4374195669103313,1.7971527938713536
2864,4.2178487086340315,2.565794978310919
2865,0.16546262087116648,3.7176542833600412
2866,0.3561423802953881,3.323228519282493
2867,1.4346970428257966,2.9834804329550457
2868,-1.861185277046663,2.8355721988388445
2869,-0.8311452871083911,2.8284121787043537
2870,1.2120279921862396,2.5969585812411773
2871,0.5201860994458513,2.4489980102246807
2872,-0.7218886660968327,2.2251331397240275
2873,-0.058983152854522464,2.0521490663877793
2874,-1.5829372095974372,1.856390245496033
2875,-0.4662021893463572,1.8891760318694706
2876,1.5513353050820862,1.7313863135591494
2877,-0.766386938596463,1.7612189812593193
2878,-0.86832272695544,1.6493450568838104
2879,-0.4687078254182764,1.564553031435797
2880,-1.3742957760262375,1.4459134947535062
2881,0.8802747468033155,1.477928732266654
2882,-1.770330998386575,1.4097830955936563
2883,-1.1053485644375451,1.5470319308251272
2884,0.3711067860960127,1.5127008504446435
2885,-2.3114378657374828,1.3910388264107
2886,2.0583356891765816,1.70896236898498
2887,1.9029435436585354,1.88627187524846
2888,0.1384742821850972,1.9935573613070738
2889,1.7502783681383929,1.8054533703933668
2890,0.49112882861153956,1.8783080244459756
2891,0.9153963035690021,1.720668051364369
2892,1.5590828225108684,1.6283266484362473
2893,2.9685120399295353,1.6724295253877393
2894,0.4793964606679081,2.217235842309965
2895,3.515740026152498,2.0180511498787053
2896,2.0312535614495824,2.803500878328834
2897,2.8958445052572834,2.8406920440048644
2898,0.25974177572577406,3.2114475281977617
2899,0.8407819684756793,2.8806719143362822
2900,3.8490643674188676,2.6388859277979133
2901,-0.9625445059978097,3.545158330849112
2902,-1.9914250527326156,3.246970827648537
2903,4.351404532849349,3.231000787751545
2904,-4.1028107015082895,4.394165911396391
2905,2.434021248980597,5.2766714484665265
2906,-1.3709021204989449,5.159670761892931
2907,-0.25256383864741067,4.7452789671704565
2908,-3.604997893304713,4.231788774801059
2909,-0.3092906609813573,4.82522289994202
2910,-2.7379556835239462,4.30487073910174
2911,-0.038726722731831226,4.446791814592094
2912,0.971744803623572,3.963452703078069
2913,-2.7011687695762276,3.6103038324066583
2914,2.006373659480152,3.8194481303192194
2915,1.8582513430323575,3.726768779887039
2916,-4.004697882504109,3.599889966313415
2917,-1.005474909024469,4.51375861399045
2918,-1.5344719533189264,4.106235483434696
2919,7.131088552014624,3.856797869714945
2920,0.10837793475313859,7.489388556916627
2921,-3.5930055848950295,6.641286782834731
2922,0.5533697034809926,6.938637117413178
2923,-3.2242847037708766,6.178759322570909
2924,-1.8660262233460723,6.3293388629921346
2925,3.325379722630476,5.9043857926450025
2926,0.05980337724745742,6.119902306389741
2927,0.34539788899809987,5.435640774330197
2928,2.548297215168676,4.841834584303727
2929,4.522927523128214,4.8221973788456545
2930,0.9253413042916699,5.915642195667823
2931,-2.4937141436420562,5.321336562368208
2932,-0.05227362181293453,5.238276878559712
2933,0.7733900958496669,4.660101531245344
2934,-0.2244831337360349,4.196297078417852
2935,1.3986435721277277,3.7475231892222216
2936,-1.3273859895804334,3.4998730544330834
2937,3.497320529343004,3.275124208294525
2938,1.1052333983280471,3.899449948402407
2939,-3.049274478562366,3.5757344769018493
2940,0.11781310936809314,3.9502820056539703
2941,1.4855119384379334,3.527013557324634
2942,0.8918175574092361,3.3255899497820067
2943,2.8709358504300186,3.0373244240807264
2944,-1.8543723698601196,3.37307231105241
2945,-2.8178421973168333,3.2993653761977244
2946,1.7528895867032417,3.59770939800376
2947,-0.7360806420385452,3.4562167758196716
2948,-0.5955437137364645,3.137203397702544
2949,1.5410982974511354,2.841050515059877
2950,-1.587156835851004,2.735223655693391
2951,-2.184720645611391,2.663633064611993
2952,-1.8978497739784175,2.7828605468733625
2953,1.2732802876288518,2.7931691016924844
2954,-0.2028044264503005,2.633645727838111
2955,-1.1276597097538335,2.3715795854932056
2956,-3.151191859212344,2.242359859985401
2957,1.2271603126873376,2.8277933014219245
2958,-1.7514792920935516,2.6550369868934847
2959,1.126252352561444,2.637483659051568
2960,-0.6448898250971673,2.4688891613691983
2961,0.48269671185707735,2.2579887403663137
2962,-1.0145157727205527,2.054157151295424
2963,0.513737236224043,1.9432761238605816
2964,-2.834023278258995,1.7795851056720442
2965,-1.1701495824862491,2.2676708028189365
2966,0.825686124104301,2.1588667887760398
2967,2.191762340908883,2.001733184568852
2968,0.7508636546021069,2.188849335651792
2969,-0.9824781658849973,2.018920349903045
2970,-0.8680778704902572,1.9070469057607713
2971,0.15514029787969214,1.7912958613938397
2972,-1.5435196502542734,1.6278013900354598
2973,1.4039990189733973,1.6780327189697042
2974,2.706076457894296,1.6799050554548858
2975,-0.7359348248552686,2.105516987812617
2976,-3.1602094044401947,1.9485699460294204
2977,-1.2639438468363688,2.5738401009930785
2978,-0.29549523236029446,2.446860233020227
2979,-0.8319815180746024,2.211199984389166
2980,1.8402486345970768,2.053925786833722
2981,1.5366157938705596,2.122519099753877
2982,-1.1946461650394136,2.1018266850808223
2983,1.767874078242059,2.0176367073707198
2984,2.5070744586283613,2.0699254059574757
2985,-2.602911065066256,2.366377506263503
2986,-0.3674847367007399,2.682785201931643
2987,0.22949163329074934,2.422862531393929
2988,2.1947863837372394,2.185629967180164
2989,-2.4149859815561965,2.3517300363096565
2990,-0.49920833294493083,2.5938549703825133
2991,-1.0635346257914915,2.354158557376568
2992,-1.3099217381761208,2.215583313314508
2993,-0.2752951821435788,2.141208662090639
2994,1.0966425406708789,1.941239562207539
2995,0.9070870939026208,1.851023547573214
2996,1.8243266843760608,1.741854602837916
2997,-0.6683681074423847,1.8432796332134869
2998,0.2214860079374451,1.7099941293353733
2999,0.7001378739438389,1.5580425627266938
3000,1.8264881924349825,1.4580844574053182
3001,-1.1379881582801517,1.594186289669241
3002,0.049698996411816174,1.5601588608862966
3003,-1.164699105047409,1.4230103600109707
3004,0.4995514689944279,1.4145300743696647
3005,-1.7880652161158492,1.313184034358482
3006,-1.441643851075582,1.4671299362937085
3007,0.056428502212703666,1.5119865637294283
3008,-1.3100367350631084,1.3806543389437738
3009,0.40435667650286766,1.4064956355999074
3010,-0.9531755962534953,1.2995345637097049
3011,-2.634150126281688,1.269356075356008
3012,-0.9472827999304578,1.7305943777405752
3013,1.4249831778474045,1.6477739336150106
3014,0.534895443413705,1.6579592799839447
3015,0.7229307593186418,1.530213551797727
3016,-3.350882736128891,1.4361168577737022
3017,-0.7729637115190267,2.222810868499402
3018,0.8809335249627269,2.0563768801023565
3019,-0.3518498439454465,1.9189081772424534
3020,1.1088150078009624,1.7497009804887393
3021,0.6749253657588824,1.6845783125270994
3022,-0.6844436835620471,1.5667430938009999
3023,1.205678211308308,1.4684331948097171
3024,1.8601945603665495,1.4546878370942526
3025,1.0010438333611305,1.6010305782431535
3026,0.8389099947260545,1.5359026690920472
3027,-1.445518518494828,1.4552434351579797
3028,0.21532802690815445,1.5024337851831242
3029,0.34808693261735096,1.375193974008816
3030,-1.1024583580556564,1.2687819799560989
3031,-0.3603759803965136,1.267321163606887
3032,-0.6992572055595204,1.1768174948910695
3033,1.3261871627678432,1.1269858697240844
3034,-1.0942240828822003,1.178237557691555
3035,0.2499258690429668,1.1861686753185428
3036,-0.02876932039158447,1.0980577067007307
3037,0.5636722390091792,1.0164810576255596
3038,-0.030637592408188603,0.9681496909880328
3039,-0.8365344593960024,0.9021768613306607
3040,0.25425141354882436,0.9026077403816055
3041,1.8271689134517324,0.8486847095157826
3042,0.5038635437240389,1.0581113029135938
3043,1.0731828834702657,0.9998678608795774
3044,-1.6119508725649765,1.0186192524568076
3045,1.9803664806438124,1.1594460341992379
3046,1.4456459592313293,1.377755449169874
3047,-0.11257196504724719,1.4250221073552984
3048,0.8335251524419266,1.3054254805459817
3049,1.972630790262329,1.2517202767729168
3050,-0.05374231012969337,1.4565352038066057
3051,-1.256655983121315,1.3321860136140742
3052,0.9862090118015611,1.3527117319195414
3053,-0.2576807738958234,1.3150711124481205
3054,0.589753921426238,1.2134311079296567
3055,-0.32606330581512166,1.143788937456544
3056,-1.5771842689589008,1.066115049892294
3057,-0.5047848771948713,1.192261051026001
3058,0.5861164757264307,1.1212216582894758
3059,-1.1392028631505677,1.0623140884218518
3060,1.7427120260811606,1.0923365000461476
3061,-2.2706262812968956,1.2486750580249826
3062,-1.1072585849648198,1.5685915519074283
3063,0.3479358046693668,1.532017519068688
3064,0.2417999689501116,1.406778768139177
3065,0.9305443027558922,1.2919009340605774
3066,0.20101909713968544,1.2532000961558052
3067,1.7736375149655688,1.15543751769945
3068,-0.5334362237714164,1.3128045782870852
3069,0.6884849516803468,1.2297713611952241
3070,-0.7036096942962111,1.1679485683016433
3071,1.2559634627163276,1.1196836192798028
3072,-0.19642492943230516,1.1575300394598051
3073,-0.2941307585954138,1.0723736147310108
3074,0.013531561061446179,1.001583031642948
3075,-0.863701236513723,0.9313964151019783
3076,-0.34485966895750747,0.9321030753230116
3077,-1.4883600593377915,0.8809005125267928
3078,-0.28631450999526536,1.0072044565120182
3079,-0.04910524021652647,0.9438462080532671
3080,0.6304060312432672,0.8809667058249058
3081,-0.3720229515313265,0.8550583429641696
3082,-1.1515004513974132,0.814745901370656
3083,-0.0204843466741693,0.8767694578161247
3084,-0.5272918577176737,0.8216882414642406
3085,-0.8049414147489036,0.7970479226904568
3086,1.583888752357321,0.8058444389890357
3087,-0.21489637821959712,0.9548029486903304
3088,2.770684178933105,0.8946406995275455
3089,-0.4155758805601381,1.4425848917628712
3090,-1.2109777260614134,1.3346528125693857
3091,-0.267940997136469,1.3457189680258057
3092,-0.9034052586874058,1.2408654932892647
3093,0.8551382637066953,1.2101758158362772
3094,-0.5292213423737202,1.1707511914964868
3095,0.056829714631016354,1.1043925751504116
3096,0.8453775341412272,1.0219739803627463
3097,-0.07008747992214036,1.0038369486284209
3098,0.22403192327649213,0.9340257751161082
3099,-0.5212224875044145,0.8752730041594476
3100,0.897153370854248,0.8436739861387512
3101,1.5968673650214533,0.8539849506821786
3102,-0.1679555704198075,1.0004276115498933
3103,-0.9025025554302947,0.933202481880053
3104,0.16476235295759284,0.9392990612364804
3105,1.6806341919947563,0.8782596649948082
3106,-0.15226510686565276,1.0434849787651974
3107,1.4992169980127419,0.9706408026768485
3108,-0.8500303792556976,1.0792105405324128
3109,-0.12083838584528163,1.0602615045347483
3110,1.0860643264771903,0.9846169600647788
3111,0.33551370825076937,1.0073823767119867
3112,-0.37702650126239834,0.9444604035140804
3113,1.714816990409931,0.8937355585087637
3114,0.023068373049518937,1.0662796619662862
3115,0.18315333471376966,0.9883268557233855
3116,-0.18360705809155295,0.9218571538868372
3117,-0.7323036170769335,0.8645507621487925
3118,0.22998959080045936,0.8560815292723004
3119,1.2110496832534952,0.8068793960191879
3120,-0.060602528005448755,0.8735418163351454
3121,1.1822403898997784,0.8192365397765975
3122,-0.7552137720103999,0.878992372916557
3123,0.24922197353164446,0.8715897995517375
3124,0.6496932904591233,0.8212024406575085
3125,0.5135633544586463,0.8043792389825465
3126,-0.10936291053545923,0.7773421130937986
3127,-1.610928892128184,0.7353998405323192
3128,-0.09108196240467308,0.9099461837627181
3129,0.8813004868836701,0.8517397779009257
3130,0.6407170410696631,0.8588780868492984
3131,-0.04817984219240884,0.8366358880333249
3132,1.259618306863739,0.7866114607398365
3133,-0.9483985578935352,0.8651503691879939
3134,0.44727931975641133,0.886355986239857
3135,1.5814690966345095,0.8445986772583942
3136,1.627434496825319,0.9883016951669543
3137,2.155298669091734,1.1264131446736452
3138,-1.411000120695208,1.4060035998108023
3139,-0.42849359224842976,1.451104075467882
3140,0.24253950031620014,1.3430633065947681
3141,0.9641526397385117,1.2358576161394748
3142,-1.2567057657303466,1.2088686387727539
3143,0.38693175229581317,1.2442026110999524
3144,-0.8422801228370614,1.1556694106353882
3145,-0.05808949493509398,1.1264712421783334
3146,-1.5948674318155083,1.0417825306544708
3147,0.7398316204471452,1.1753923727630076
3148,-1.9888638856251628,1.1257978929750918
3149,0.5139797759068697,1.363544874695603
3150,-1.3627746223856496,1.2694407712525306
3151,-0.8739167221028876,1.320073131207329
3152,0.7241692789047122,1.2755913239468633
3153,0.38523477391858285,1.2121887149414943
3154,-1.288951346944777,1.1273977843548637
3155,-2.574435117852176,1.1791783405257639
3156,0.2889969422678471,1.626164426122243
3157,0.29226322728159526,1.4868134433835298
3158,-1.7338112267771086,1.3643260113718894
3159,2.233050690389553,1.4966751955408168
3160,1.2020621066493071,1.758881640734613
3161,-1.914333254593046,1.7095975097645555
3162,1.2528082890628576,1.8537774197787709
3163,-1.7925468014927646,1.8029094316118857
3164,2.2016263989784495,1.8993863724265916
3165,2.4947562843634628,2.102219507312975
3166,2.7896663110407047,2.3899066597951344
3167,-2.0703508977767493,2.7668019785808244
3168,-0.5512246615363253,2.8343510912180108
3169,-2.027396001149261,2.5703327693876328
3170,-1.5510034410454376,2.647239267902876
3171,3.355322415891382,2.577014700696659
3172,0.29010972170150306,3.207722986048862
3173,-0.37147869879444256,2.8786329686636116
3174,-0.26057192136455765,2.5954574581527616
3175,-1.2510564207041097,2.3403002114190863
3176,-0.7889622423824191,2.2387109400178478
3177,0.7919329979867206,2.0724192199837375
3178,-0.39026774578293993,1.9213993578561501
3179,-0.4759117619309479,1.7542970047717974
3180,-0.20632635753699166,1.6134556422488984
3181,0.1552659551374483,1.4739388547883074
3182,-0.16878454888478475,1.3485299425032502
3183,-0.5275102503656219,1.2395575178746707
3184,-0.43752167063348807,1.1647920136701442
3185,0.5072012762254462,1.0917630583576674
3186,-0.3212032589726181,1.0297406980392037
3187,-0.1794121476619577,0.9654853873891821
3188,-0.6180685260132053,0.9028083572732926
3189,-0.05895107996884259,0.8770418699115906
3190,0.5060299877126389,0.8222955073644594
3191,-1.5992112535884029,0.7925180583972001
3192,0.21566250082622132,0.9571634980893222
3193,0.6313638378638954,0.8953665834569692
3194,0.048879675057848876,0.8678238528219466
3195,-0.5374930570486277,0.8137517133338288
3196,0.879826016521828,0.7909653884263633
3197,0.903235827649086,0.8051936041102233
3198,-0.7959013475390857,0.8209788137964338
3199,0.4420675509033891,0.8257169568541494
3200,0.22884645067685902,0.7908822034336983
3201,-1.7577969388902528,0.7494656862184803
3202,0.35364755596281305,0.962374760346467
3203,-1.3180775882583293,0.9057954444328875
3204,0.05052202600396476,0.9903361216768791
3205,-1.4078722437863507,0.9215703146013646
3206,0.5504163438007004,1.0240874084152383
3207,2.3620118223144106,0.9737042392270819
3208,-0.7155663940592846,1.3456612805886694
3209,-1.054648096976716,1.2774665605235795
3210,-1.8005306733647588,1.2665600558476042
3211,-1.2207509242337977,1.4297194037588472
3212,1.2688351037483836,1.4313101037867475
3213,0.07284443895383029,1.4343200206406765
3214,-1.9676768777538436,1.312425020942063
3215,-0.284894066534518,1.5210027680575968
3216,-0.44215355390071037,1.3959192672353218
3217,0.7065696601801785,1.2954958277577278
3218,-0.5366005985869147,1.2277465602891946
3219,0.44457578657058866,1.155201311162276
3220,-0.09344952001399758,1.0809983217061658
3221,-1.6876692005749645,1.0023081865887384
3222,-1.1168051274500401,1.1653219320854769
3223,1.4439700838371299,1.1788693720589558
3224,0.4195247937694747,1.249620311384931
3225,0.22079491688834277,1.1624354788856626
3226,-0.0027848795777151818,1.0761687093112386
3227,-1.623497226303891,0.9970699962528796
3228,-0.2765775763676079,1.1435082473320208
3229,0.4624850052566967,1.063323918356505
3230,0.7583187562093463,1.001388486543886
3231,1.0586446506051104,0.9748310350202609
3232,0.41152496938839456,0.9941539276362785
3233,0.6028699837745649,0.9371188004522918
3234,-0.5038355298267664,0.9018435378368457
3235,1.3559554961392677,0.8655746062811354
3236,-0.9129403568589635,0.9544878205405765
3237,0.3682871621245844,0.9595794988321977
3238,-0.2070092704490232,0.9041342747563977
3239,1.2081640239685039,0.8497608184952138
3240,-0.08785106083927854,0.9107282201040303
3241,0.7271897852941612,0.8523713817974794
3242,-0.603588748187261,0.840096207375734
3243,1.1318176410918375,0.8203936966399064
3244,0.9510453446786827,0.870837530406559
3245,1.5307028893887071,0.8856846614655998
3246,-0.2299297862326113,1.011980359690319
3247,0.9509258564199304,0.9455399083711831
3248,0.7639307280434722,0.9514049553787356
3249,1.1893173622735858,0.9315109949834706
3250,0.8068183552220265,0.9791139230826106
3251,0.2622668546372778,0.961146902241841
3252,1.1889351558949484,0.9005047322812872
3253,-2.542462469998288,0.9517569163025046
3254,-0.28650086302145733,1.4128431991581822
3255,-0.8824320352345328,1.3008174375818324
3256,1.3921387678248256,1.2598700313294158
3257,-0.11235271028752462,1.3093068114233124
3258,0.9210376029884069,1.2035913732461512
3259,0.2604971140512476,1.1741099094165406
3260,1.2441457732821757,1.087843829235914
3261,0.982432854462484,1.1271851996671738
3262,0.10880293498498868,1.1160251356550173
3263,0.6214228805018075,1.032732996277371
3264,0.11031217895047463,0.9877417952193739
3265,-0.32901657609342605,0.9198652829663916
3266,0.5687683368661364,0.8692264546414629
3267,1.5290536556178107,0.8390110150882333
3268,0.9575708074275925,0.9705091281203235
3269,-0.6753747767008985,0.9743711542611189
3270,0.9332742238740329,0.9461303021555306
3271,-0.6825240395883982,0.9493202505362843
3272,-2.7926415409040724,0.9248850225678984
3273,-1.0602235137881415,1.4967750148692893
3274,0.30356037375918077,1.4605126402642385
3275,-1.584410565738322,1.3416836422778455
3276,0.3260246336629872,1.4366122662807252
3277,1.4419778033368904,1.3217108804397235
3278,0.0033322127170717086,1.3748672446415815
3279,0.5848242983033748,1.2599054004952246
3280,-0.21966058397985394,1.1842388714721097
3281,-2.394172523812424,1.0967251825365416
3282,0.3926720338798116,1.4813764786106245
3283,-0.7897103152763679,1.3647220567642389
3284,0.4160566955684664,1.3034058735257266
3285,-2.0759009596154976,1.2095460411910084
3286,0.30470873147144273,1.4658245828494605
3287,0.709111458512119,1.3464103578496116
3288,1.658822641578484,1.2728310830878744
3289,0.35528627186429623,1.3849505251613519
3290,-1.4017539064903186,1.2777498128700424
3291,0.13076126337609445,1.336130568975276
3292,-2.0671178251956435,1.2267763452954163
3293,-2.2117290821831133,1.4780480491599177
3294,0.4368211516493471,1.7491314589616782
3295,0.8188867593018369,1.6031348736832598
3296,0.3771477328273834,1.511816293176292
3297,1.5182044614979482,1.3906026982402362
3298,1.0825394134793644,1.4532997031275965
3299,0.791063908788196,1.4192229391680509
3300,-1.807537416354886,1.3464793505827433
3301,-0.7558164409138921,1.5020932691669815
3302,0.30318310835741086,1.4199933688663275
3303,-1.560097406088941,1.3060095784310854
3304,-1.3503503019637841,1.3990250540376752
3305,-1.736700889955332,1.431370843560533
3306,-0.7464477206383155,1.5564861836748576
3307,0.3051602190769558,1.4667032103116082
3308,1.4746311180643505,1.3472041331177367
3309,0.1400487864638199,1.4048157723148997
3310,-0.31237990691017126,1.2873908165276267
3311,-1.0557684170768418,1.1917420307457207
3312,1.5197725804489959,1.1913152020306355
3313,0.3750627012154399,1.2783028012322903
3314,0.8739399989793979,1.184992026827968
3315,-1.034464764486461,1.1511300653571666
3316,-1.2619490735637768,1.1519461326777856
3317,0.35912005518332135,1.1951840709333335
3318,0.19849913145031753,1.1109621753675365
3319,1.3210537235601902,1.0301956695177135
3320,-0.6117490747395842,1.0919914525027747
3321,-0.17100843759271422,1.0428810296771875
3322,-0.43968255732988126,0.9706540439744538
3323,1.073679163405048,0.9210802029785864
3324,-0.712917796167186,0.949369760972673
3325,0.8237040167294396,0.9284188693310375
3326,0.02190472894504722,0.9186838167318758
3327,0.5867340684639679,0.8584420489634391
3328,1.3049717244925954,0.8311240034364442
3329,0.560409162943358,0.9134813096437089
3330,1.8783458496463923,0.877226917557915
3331,0.4432148940524225,1.098235631202803
3332,-1.7826845950269088,1.0307762231822908
3333,0.4889530623513545,1.2170568163322022
3334,-0.15256742662423223,1.1386033563474351
3335,-0.8236648587690154,1.0543533149242796
3336,-0.13860058618886154,1.0347725486471056
3337,-0.8038421751134467,0.962612174484609
3338,0.4795677533300762,0.9513959879061084
3339,0.32834688649101657,0.9041246709494437
3340,0.8821747068196905,0.8532359346282068
3341,0.6403535678257577,0.8603152404791915
3342,0.6471172259282159,0.8378644955508203
3343,-1.1987731184205357,0.818782837289194
3344,-0.2100779958294623,0.8893615299492521
3345,-1.7355581549889203,0.8368730170885341
3346,0.6632374431873151,1.033007009881758
3347,0.048343311309001054,0.9921465213613995
3348,0.31220805539031343,0.9231532062617083
3349,-0.043870754788743097,0.8692056653211023
3350,0.3190883397504241,0.8152273433479528
3351,-1.7546347233288333,0.7745563689441717
3352,0.3675444361404547,0.9835558767704234
3353,1.7295507605252445,0.9251921423653475
3354,0.4386968911474733,1.0979741895065012
3355,-0.4160838669558989,1.0302418536982458
3356,1.3505699252705277,0.9718263623759932
3357,0.37730259933094606,1.0468405049736274
3358,0.41165481527852205,0.981432856175884
3359,1.9499438051257065,0.9259323929812463
3360,0.5443646932491991,1.162795153098944
3361,-0.6381138995578176,1.0952564012491768
3362,-0.8278028683904297,1.0484747454825714
3363,1.1708475776533684,1.030159352316746
3364,-1.643688253357037,1.0624962417979866
3365,-0.5211356960774277,1.2064253811308832
3366,-0.6884904535162777,1.1350805627207134
3367,1.069675461657069,1.089027593012124
3368,-0.1876924846913193,1.0964897678350676
3369,0.21204470763110092,1.0183618891506399
3370,-1.7989788714519264,0.9491089560308923
3371,-0.5193546077957759,1.1499106120902671
3372,-0.006490996949062463,1.0851936100754778
3373,-0.022195008389822617,1.0050265186999687
3374,0.021588672520939177,0.9345657699546138
3375,0.5745785753739581,0.8724180794704904
3376,0.2502869667548455,0.8423325016351363
3377,1.2129838618429178,0.7954951684034917
3378,-0.4668661286888601,0.8638925877644841
3379,-0.08925334882173384,0.8291885674139042
3380,-0.371431170780589,0.7806408428625369
3381,1.374022365075394,0.7492214106357254
3382,1.1972426735444757,0.8559849665693875
3383,-1.255987762545631,0.9141387955741925
3384,-1.2497858839574005,0.9846937217185859
3385,0.9500390136084715,1.0455189704001537
3386,1.0712714085651474,1.0392544992988408
3387,0.5723882115100011,1.0529576853403038
3388,-1.4455116135972668,1.0010133819966847
3389,-0.5782902370550845,1.1027097193241597
3390,-0.6460605737143632,1.0490206496256949
3391,-0.24198600205253637,1.008629106699148
3392,-0.15757239912328602,0.9430845471169679
3393,-1.5111854445995763,0.8824369580173637
3394,-0.663543357051345,1.0141068323155682
3395,-0.5176072961366877,0.9797925341152218
3396,-2.0094276864338445,0.9353391584101471
3397,1.8643245663990624,1.2025845981580676
3398,1.9912514902147973,1.3803970948769468
3399,-1.0381152096218245,1.575616038505638
3400,-0.6423943864072645,1.5261107376316043
3401,-0.5902511527022123,1.4280787549673202
3402,-0.8658884885519604,1.3365018219211922
3403,0.6454092340218777,1.2889054764225594
3404,-1.1808455706929228,1.2155277560518387
3405,1.0580528776116538,1.235026832097843
3406,0.7140747313483027,1.2230279143835288
3407,0.006023380949434158,1.1648037432732028
3408,2.0510648446295807,1.075042921750825
3409,0.9939299844664986,1.3260557233879406
3410,-0.39823954880614426,1.2928122057528209
3411,-0.19553414847216113,1.2016686866773276
3412,1.2495006226910739,1.1111848418086578
3413,-0.8120675176039184,1.148776403287438
3414,-1.093062172690783,1.1163101432010691
3415,0.8957159879182935,1.1314655180389508
3416,0.8024557671937913,1.1070399351939337
3417,-0.7359357826923448,1.0731741051798476
3418,1.9874282172214632,1.0401083251626408
3419,-0.42382868915112026,1.2749572293366618
3420,1.166857372542147,1.1877210742413506
3421,0.5650520080256309,1.2004170919687307
3422,-0.8179702416569055,1.1301335762487048
3423,-0.07480171394204703,1.1006930771710628
3424,-2.44454573892632,1.0193288971078431
3425,1.235835491062624,1.4329282853956924
3426,0.13862501442385738,1.4292373664544087
3427,1.1536584247089916,1.3088546340036444
3428,-0.9011899899785434,1.304606591836301
3429,-0.15749563729704982,1.2659410806268785
3430,-1.4410561576169605,1.1665485270524119
3431,-0.7730208062626952,1.2473375114629575
3432,0.8987699586026069,1.1979675700206454
3433,0.618061852049209,1.165990392829562
3434,1.4599548204978756,1.1046857840001372
3435,1.2070453988795993,1.1880010807261263
3436,0.2323156733780816,1.2081670933590893
3437,-2.6199110643770873,1.1167932777689575
3438,1.8829338100352215,1.590308518662328
3439,0.34626362966000596,1.7271132868686365
3440,4.0494917732261255,1.5783755289275139
3441,3.189892841862609,2.7379147814959746
3442,1.2535030645577685,3.263222658027802
3443,0.5109696664761895,3.043358323886338
3444,-0.39886947190968647,2.747439422091957
3445,-1.6245802049736842,2.481782822200754
3446,-0.8941176071126886,2.4503404075839663
3447,0.001504192080420727,2.2731484386445646
3448,-1.4629735463246778,2.0503979936000647
3449,-0.35638910993393225,2.0302870774959603
3450,1.5319349275267047,1.8479861291625936
3451,-1.3018246128195803,1.8591035716690971
3452,-0.23213138317122664,1.8257887676332563
3453,-0.32753368738496985,1.6617797342676526
3454,0.2249518859962081,1.5220285392649258
3455,-1.0610040245482613,1.392745536599007
3456,-0.4627911564927886,1.369101648294289
3457,-2.5642665401144438,1.2734564345619859
3458,-0.19100054571705782,1.704916346442954
3459,0.8872385604201394,1.5538880832932311
3460,0.8701575771130731,1.477589730952411
3461,1.3580705753763234,1.4081003957119433
3462,-1.18774852835634,1.432362977401544
3463,0.3892754295663224,1.4271719407331112
3464,0.16972779959808534,1.3168204552756493
3465,-0.23364063858994008,1.2105954737603701
3466,0.38877748449932087,1.1204707027926708
3467,0.12035691975841284,1.0468939651034421
3468,-0.8612594567218869,0.9720724101985008
3469,1.6605395916208412,0.967553179379621
3470,1.7566067575684614,1.1167564099881047
3471,-1.3229512337725533,1.2740098832241276
3472,0.7098649769512956,1.3154101385405301
3473,-0.6593726201508526,1.2456340168295876
3474,0.9436294719490409,1.183081707370888
3475,-0.7753394453470112,1.1593592146026104
3476,-1.1742238684157233,1.1208412955162885
3477,0.5930090022131421,1.150433991885839
3478,-0.4944489697890423,1.0886490581889223
3479,0.3075257841914722,1.0291837906076122
3480,-0.37180186872987336,0.9622954218606925
3481,-0.9889049499766496,0.909100667584627
3482,-2.426369103161757,0.9314397233214626
3483,1.2146946091766537,1.348444699635244
3484,0.4360228928955939,1.350814952414675
3485,-2.3488644965808505,1.2525631619179716
3486,-1.3246029453322437,1.601177102740715
3487,-0.2679722568146288,1.6036724168595207
3488,1.6278728926854187,1.467865968491971
3489,0.9195174327211658,1.5485424713955407
3490,1.0150721869655484,1.477447903769618
3491,0.5137105478676217,1.4293676478990558
3492,0.028363483823087378,1.3273435385572288
3493,0.1788051858771508,1.2180679097592941
3494,0.48464287211749807,1.123917287553097
3495,-0.5784337783740114,1.056318652935493
3496,-2.0309410318787275,1.0082102535511535
3497,0.4538023864189972,1.2737337524245174
3498,-0.174989659478785,1.1859404629706005
3499,-1.5445535935665269,1.0966692847984205
3500,-0.2310379476634216,1.2108952063939649
3501,1.2382173923755453,1.120629385720054
3502,-0.9382546849240279,1.1548781486405493
3503,-0.3221987399832258,1.139752934097991
3504,-0.4525954210989917,1.0623505802179207
3505,-0.8427302036543555,1.002736225155269
3506,-0.6741428095383837,0.9919521504804355
3507,-0.18861189461787403,0.9614646316254906
3508,0.8569143388878674,0.8995703896365164
3509,0.12782706482366685,0.8976559917310237
3510,0.8043657384048931,0.8408674067959798
3511,-0.16905130106792002,0.8391816869071385
3512,0.09959236963866275,0.7913391160331197
3513,-1.3381501045561424,0.7468852177335211
3514,0.4150643716401968,0.8548247281259674
3515,0.8200777496034403,0.8147318293700084
3516,0.08972796975080391,0.8181739622784479
3517,0.922366084140941,0.7703820459862797
3518,1.0687438468256076,0.7930773644525546
3519,0.16478936797762392,0.835897173218614
3520,0.43858515807821813,0.7872666293187291
3521,1.709578344839374,0.756811716565551
3522,-0.711363093444017,0.9443683092456976
3523,0.4069641646940497,0.9238354700923741
3524,1.732410216614625,0.8749545148618784
3525,-0.5912833518884136,1.0545478730757447
3526,1.920612285459346,1.0078955152103302
3527,0.20274450010233205,1.2259342181562105
3528,-0.6344805596926858,1.1314937561628773
3529,0.6774086899724606,1.0799820896645842
3530,0.8755459604737793,1.0349591337569386
3531,-0.3859382222338611,1.019320748944746
3532,0.28849797608937855,0.9601851262930076
3533,-0.2592969997928589,0.900730204190974
3534,-0.4330494378356023,0.8488831248155205
3535,0.4258933941870994,0.8134374532875105
3536,0.9309062112414617,0.7790049146885871
3537,-0.6358513033506814,0.8019043349802186
3538,-0.0620551718334557,0.7900870893511355
3539,1.8059144163075616,0.7458152827269687
3540,0.6474585460680641,0.9614766729897468
3541,-1.3153215575913082,0.9275958103936852
3542,0.8467164438187057,1.0089310061198893
3543,-1.0663690271404498,0.9925360916639224
3544,-1.4322671275132957,1.0178475737146588
3545,0.021884351379958946,1.1144322496413572
3546,1.4658246016102476,1.0307006637468041
3547,1.0710501449113945,1.1242492863869022
3548,1.585097604372262,1.127715884589935
3549,0.9967839393438271,1.2383524193360864
3550,-0.2777718601644809,1.2160786781485597
3551,0.6310337407329927,1.1272426832271978
3552,1.8955539916206112,1.0718425398250664
3553,2.3525280184885564,1.274637657084779
3554,-1.8779946564075976,1.6069360947973377
3555,0.5192366573187156,1.7522944606818007
3556,-0.7306614352927555,1.6119581046008458
3557,1.255816272649453,1.5136025392836068
3558,0.9386375772289388,1.504149583349189
3559,0.11082962477593658,1.4411632332110507
3560,-0.7024969041864477,1.3188836468846794
3561,0.5734114669344408,1.252377751383238
3562,0.007801478848185267,1.1765935613560117
3563,0.24363477281670512,1.0854142383067535
3564,-0.05796582047186785,1.0091655306389655
3565,0.40309066503067975,0.9385519604952377
3566,0.10092117042053668,0.887666401846501
3567,0.8251147642132034,0.8316702924906992
3568,-2.4321114263178676,0.8337266400761418
3569,-0.1745679923116605,1.2647074790332966
3570,-0.4272923009436662,1.1659711178398762
3571,0.4267720395870835,1.0920602158977695
3572,0.9442064340173665,1.0242500693652241
3573,0.30465055739871755,1.019672663655725
3574,0.15131007199510493,0.95379401920323
3575,-0.3774388053776421,0.8907181236994312
3576,0.7515335191040478,0.8464685571771
3577,1.7501154145164772,0.8377036334816682
3578,0.5165083938953031,1.0266431452676699
3579,0.3110916382276082,0.973167614652229
3580,0.4924744678778419,0.9131662482416442
3581,-0.42083962741089703,0.8714448682763628
3582,-0.63080103744778,0.8324186502508616
3583,-0.6703383804794714,0.8164117714482066
3584,0.23026622229804602,0.8065677252394634
3585,0.700515258339007,0.7633165489498871
3586,0.31960008161614956,0.758766644422477
3587,-0.20338359487371802,0.7248954638041321
3588,0.5772263228721433,0.6919000265843327
3589,-0.21109550758682485,0.6837121173863415
3590,0.33085663630025247,0.6559390739901255
3591,-0.37106417836202826,0.634956932977863
3592,0.33650307926677075,0.6209965963483569
3593,-0.6606325937985713,0.6044909407213819
3594,-1.192585504043776,0.6190128860540938
3595,0.49188372240486145,0.7123604280969704
3596,1.2253611848323533,0.6946911165229874
3597,-0.3343180565937175,0.7775598294122653
3598,-2.1164182719661366,0.7442959527010613
3599,1.2150708425003645,1.0701230810001958
3600,0.2153075561121891,1.1059638567677348
3601,2.404618856600719,1.026299797273568
3602,1.7917720664694046,1.4080563889011974
3603,-0.5705051278828568,1.540223722674755
3604,0.030841195364568957,1.4332925804382604
3605,0.6403120540366958,1.311306873307024
3606,-0.5977098263229486,1.234733012060839
3607,1.7599841339540012,1.1670902849764127
3608,0.8301727699766022,1.3192430336921754
3609,-0.7903252395837104,1.2634442630260394
3610,1.5875861432696414,1.2143611109754266
3611,-1.3761758927890329,1.3152238829840546
3612,0.7798238416421004,1.3633415869143883
3613,-1.3509911283587448,1.2959271781108825
3614,1.2427516544349757,1.3407852506606475
3615,-0.8492407541321004,1.3495007492552473
3616,-0.5303291621325612,1.2980070184361492
3617,0.42283529793308006,1.2164751511592933
3618,0.44588633129338723,1.133480235201045
3619,0.44977645462291943,1.0619729403515228
3620,0.1913993857122343,0.9993128115851998
3621,-0.8860784444149898,0.9317454941487784
3622,-0.15482041033617827,0.9356142866456041
3623,0.05750745051736007,0.8757855463177404
3624,0.34183043440935995,0.8208038254671566
3625,-0.4652461627896812,0.7805933526920672
3626,0.701154099185086,0.7557592574491879
3627,-0.32980872121654625,0.752185819102217
3628,-0.5066063912867608,0.7217128121250834
3629,-0.7584720797666888,0.7072924179775987
3630,-0.7862748356955466,0.7208988301383887
3631,-0.8385411595265594,0.7363972993758525
3632,-0.5348106947681717,0.7569970572588469
3633,1.284790933008795,0.7407826029501167
3634,0.05342040927821322,0.8298643789338034
3635,1.61023880749008,0.7803700073622528
3636,-1.6892362491955262,0.9390343636665801
3637,0.8782706199260705,1.1100693244717097
3638,0.7375403957673825,1.0857912820973672
3639,-1.6893820760831002,1.046685465810324
3640,0.2250002970636493,1.2048421764758186
3641,0.22320030803350513,1.1136231250424151
3642,0.43243854377515906,1.0332915792521182
3643,-0.5844776062694031,0.972905033933174
3644,0.4623539653454593,0.9353878839796881
3645,0.9949219759721599,0.8887955003546737
3646,-0.9361260224798451,0.9081778690507897
3647,-0.3464593925658106,0.9223306824337453
3648,0.5918856949671423,0.872394399453672
3649,-0.8077820278951311,0.8438713313678754
3650,0.8281879295343141,0.8474246184602244
3651,0.036782450921033986,0.8479870826005944
3652,0.842145931896684,0.7962511647412365
3653,-2.6834492946997903,0.8047749396390295
3654,1.1421843902541986,1.3428929940033694
3655,0.5997571850665667,1.33248965918138
3656,0.7824142500446475,1.2494803715705192
3657,-0.7357210272216225,1.1960447660757483
3658,1.822535155577583,1.1482085358254508
3659,-0.8346513213194994,1.3203541504938447
3660,1.0895889970458512,1.2703459629172367
3661,-0.05624635176863527,1.2594260971752922
3662,-2.0117031086776374,1.1587600460068992
3663,0.8068726713442346,1.3999342422309013
3664,0.09258122139728564,1.3314756212358663
3665,-0.7984236379363366,1.222119989383524
3666,-0.13755092415369655,1.179050970748137
3667,2.9066237144742924,1.0895506377544952
3668,-0.8378988285159024,1.675412278741185
3669,1.2951124407522978,1.5832420372897595
3670,-0.16574259126815885,1.5733259317398909
3671,0.2615221070009507,1.437286844747985
3672,1.1279146513769807,1.3194790576318411
3673,1.1085546503185357,1.3093395606948823
3674,0.5035564249524583,1.2970149115499052
3675,-1.069388815762247,1.2100792674529408
3676,0.33775382657011055,1.2098111947112176
3677,0.2662162719409145,1.1227112508898673
3678,-0.5858439914117453,1.042835696988562
3679,-1.0401477068984621,0.9970591687043118
3680,1.2586775927130156,1.0173251212951597
3681,-1.1706885618047147,1.0679918810348856
3682,0.7470336031802245,1.1032519954077058
3683,-0.7426381247386865,1.0631479847710388
3684,0.703879959131238,1.0320995793429093
3685,-1.9253904575931255,0.9956629737018677
3686,1.0007738921472453,1.2289469394571948
3687,-0.3155057526746995,1.208426700923744
3688,-0.9834308365159519,1.12242062561912
3689,2.1249251828628575,1.118280026038514
3690,-0.007292723481309812,1.388543224949911
3691,0.2700416331628534,1.271977629376324
3692,0.20215992231123797,1.174341979316345
3693,0.8251271526580752,1.0860755207820985
3694,-0.5207734036144641,1.0576048368440307
3695,1.6387586118115176,1.0040871263472888
3696,-0.8284926801441618,1.1432270266507303
3697,-0.5452721615194582,1.1136349697133006
3698,0.23791544271699785,1.055561382674815
3699,2.1415062985160804,0.9826929879678007
3700,-0.5001065072197661,1.2748329473831366
3701,0.46872956924569337,1.1934938560053479
3702,-0.4305147883684406,1.1163832513899403
3703,-0.7374145308087058,1.0486543471862404
3704,0.32327203290706485,1.0187099672423052
3705,1.4844570969636257,0.9538226852487154
3706,-1.317861077937957,1.0609347301266399
3707,0.29069115386516287,1.1268123436203479
3708,0.5759273181969592,1.0474567584483743
3709,-0.1845050738071489,0.9964863620839824
3710,-0.2640562300590002,0.930253784650934
3711,-0.7066494592362954,0.8750783658396484
3712,-0.3566797413845889,0.8623105168675627
3713,-0.49553245019821657,0.82018426504902
3714,0.868774444354126,0.7930240498197277
3715,-0.5112463682070568,0.8054946084324528
3716,0.30438125897437496,0.7814130717192135
3717,1.115570142279422,0.744113319149376
3718,-0.8559769094068419,0.8008416357837831
3719,-0.7921577554712754,0.8161274831548461
3720,0.068732240592529,0.8209602027580358
3721,-0.4512887161110877,0.772634964928925
3722,0.8749712352145722,0.7476878134521451
3723,0.7189788548025443,0.7664433408814342
3724,0.30649444131841347,0.7635558551325482
3725,1.0515311316891167,0.7284954777091505
3726,-0.22255184354298035,0.7762005384355588
3727,0.12586776169862296,0.7377629855677796
3728,1.0258888851156762,0.7001280659370123
3729,2.127485558798356,0.7470576939605115
3730,-0.37393599155029733,1.0627304011287397
3731,-0.269115058638447,0.9976175982283882
3732,1.5611912441760578,0.9345904878115028
3733,0.12755925179825073,1.0624612653641181
3734,-1.3705472981374214,0.9858914329322159
3735,0.5111049152628474,1.0722742040489326
3736,0.061850436130852254,1.012896022586687
3737,0.21274229792967694,0.9414886165966319
3738,0.9414519732945086,0.8814819500779331
3739,-0.406472516848234,0.8936300151956487
3740,-0.4475490993336092,0.8509447179823202
3741,-0.5842049577474935,0.8163195246474553
3742,1.156189938050788,0.7975662721670926
3743,0.35749043169503086,0.8551325255332698
3744,-2.29040343812398,0.8116286057881332
3745,1.1141698580249528,1.191270296845166
3746,0.537468914142489,1.1940944754805738
3747,-2.912518485747956,1.1222250645912093
3748,2.2318176287344142,1.7255312303805432
3749,2.685260678794689,1.9598384605573043
3750,0.25984308690310853,2.342947004164758
3751,1.0339327085126953,2.1163953401718043
3752,-0.4749860728204543,1.994672662342539
3753,-0.574990422854571,1.8249128398443317
3754,1.588167921245126,1.6842443873261048
3755,-0.4995002019300083,1.7288671111847531
3756,-0.5154231476192905,1.5929934946270083
3757,0.6335997331599201,1.4747685110322912
3758,-1.6031850119132856,1.3779166603111304
3759,-0.48315552706442166,1.4733450277057893
3760,0.9875532809696558,1.3667968631343328
3761,-2.027660963928253,1.3276739876794246
3762,-0.1449042265736512,1.5537863430135401
3763,-0.4793241386024887,1.4195074541672636
3764,-0.875477864420788,1.3191125272984814
3765,-1.3928925455621168,1.274969472476073
3766,-1.0832321911962957,1.331674363403344
3767,-0.8027768180937476,1.3192431412102852
3768,-0.9311290584726828,1.2650908996564487
3769,-0.29244308673187414,1.2356517105673654
3770,-0.44131572530353563,1.145183159895005
3771,-1.0734185950572372,1.0747861565805907
3772,0.3404632992356978,1.0914569557122753
3773,0.2628334514225822,1.0186978591193645
3774,-1.3652113312492224,0.951171562835425
3775,1.0476651997193565,1.0405358098728734
3776,-0.19807293029899975,1.0501591737052667
3777,0.5697720941921273,0.9779445370949701
3778,-0.6870430373453477,0.9347711410877655
3779,-1.0034692463092794,0.9125913926899164
3780,0.036348182926361626,0.9368795694183971
3781,-0.9192734622757062,0.874475402134989
3782,0.9444044369735427,0.8901171248336217
3783,2.0212208764036235,0.9016649549012969
3784,0.8177810068849843,1.1638559600054361
3785,0.021931569986278737,1.1251096076004972
3786,-0.4039745770165849,1.0400967531654466
3787,-0.8084605504991671,0.9796654981421045
3788,-0.19296373574615694,0.9670133890637226
3789,-0.7723839734479823,0.9046000665955125
3790,-0.5636061024079686,0.896277847514228
3791,1.2281993004448104,0.8659721924339463
3792,-0.3328886254102033,0.928835173309499
3793,0.7185146750241057,0.8773373830678713
3794,0.9770353322504393,0.8610907171976494
3795,0.15537164831620578,0.8810331613079883
3796,0.36312657298762047,0.8267752206044574
3797,0.17130955025154768,0.7869810617391407
3798,-0.678807109276773,0.7443749007302298
3799,-0.18227832870010027,0.744116422720663
3800,0.5843011477126036,0.7080957737751199
3801,-1.0760479668061418,0.6985991437468864
3802,-0.41247799641123195,0.7608729381404502
3803,0.37253385472375183,0.7345311629539861
3804,0.49184106510462905,0.7063298328976189
3805,0.05762983079635761,0.6893809722074303
3806,-0.2498994958555736,0.6567685358757998
3807,0.35107705084365814,0.6337839705997512
3808,0.2447111790045081,0.6164988552154078
3809,0.061089098204609865,0.5965586017071266
3810,0.05494148172062066,0.5751066346215729
3811,0.2747080484108053,0.5561915110385707
3812,-0.41210243265762214,0.5446386249079616
3813,0.7612212280738192,0.544218990903697
3814,0.9900728733131864,0.5728654247110342
3815,-0.14682519084058585,0.6294048841087583
3816,-1.7754242983852095,0.6061027495596271
3817,-1.063107233344786,0.8412542925110336
3818,0.6941463428043597,0.8841534797236132
3819,-0.8769550282323384,0.8644129254780991
3820,0.4602650524513074,0.8750456402344292
3821,-1.1161660556874788,0.8355468287190939
3822,0.5532953181260798,0.888551073760518
3823,0.12866874256035932,0.8546772566160716
3824,0.04145787929390972,0.803060697470915
3825,-0.3245231113943947,0.7567302490211085
3826,0.35945305999022714,0.7254183130813655
3827,-0.9359312777339382,0.69758638590654
3828,0.2893303896189511,0.7369803882177584
3829,-0.1835588827286035,0.7043458503334111
3830,1.3524942652097052,0.6731392457924192
3831,-1.7655336700657818,0.784405813642669
3832,0.20874883288642426,0.9953275549606352
3833,-0.651089188136499,0.9287383381186379
3834,0.4897918021784011,0.9033185934190978
3835,0.8869043571149694,0.8625767092003285
3836,-1.27743235343866,0.8691893572470826
3837,1.3788162352290103,0.9495530913173831
3838,-0.43713092703781625,1.0333172452490524
3839,-0.2250892176503899,0.9760366705755223
3840,-0.6650731188480558,0.913717768075138
3841,-2.1343877447927633,0.8916176501595777
3842,-0.5494915426821065,1.2059344565334882
3843,-1.3486204552021182,1.1371679711243852
3844,-1.8167948792297581,1.2005575706212712
3845,1.335478792033427,1.3763958964158918
3846,1.2981811683405746,1.3996671450291627
3847,0.35885208974069566,1.412406855553701
3848,-1.0947027047743796,1.3021036919849878
3849,1.2866599462084913,1.2952562185492946
3850,0.1113103808935317,1.3181796658696912
3851,-0.28016933708609354,1.210665112818042
3852,-0.8716334841934342,1.1225934297540132
3853,0.12339558980206165,1.1014830397943254
3854,-0.22867441696854016,1.0201603268582475
3855,-0.339136639569311,0.9526882048876293
3856,-0.32634205260503907,0.8986839503716046
3857,0.5964543127520756,0.8504381017192258
3858,0.50344002802072,0.8249694954881561
3859,1.1982690802547773,0.7946702968849914
3860,-0.2686679615001758,0.8603753032975474
3861,-1.0960023573603017,0.813796602261575
3862,0.15330482340461607,0.8657779109208861
3863,-1.474731849954647,0.8133061756858146
3864,-0.8873967844143292,0.9444472988650242
3865,1.0089396312797703,0.9469831369504584
3866,1.5836542965453297,0.9615852880616649
3867,0.49787033963321065,1.0917962342226386
3868,0.1743452161059714,1.0290494910360148
3869,-0.31021351490793936,0.957469347770477
3870,0.1118901259953054,0.9012963032722482
3871,0.043701706861000264,0.843816250500013
3872,0.28439562538063545,0.7926032421126613
3873,-0.6807785885673063,0.7530832567967753
3874,0.17931715683621333,0.7520005163967132
3875,-1.1706816185020301,0.7137910109460975
3876,-1.4096747156441007,0.791553906963655
3877,1.073811482869537,0.9100850215321796
3878,2.9017183607479873,0.9397163102625334
3879,0.23908646917088247,1.5412944098847947
3880,0.06325929047475988,1.4101789911765203
3881,1.546859585579186,1.2911072215323285
3882,-1.5522249527632233,1.3726783704744525
3883,-1.885771319286247,1.4557082701848238
3884,0.9261184643215543,1.6215804234757685
3885,1.7702519641825405,1.5426748263694325
3886,0.7658756856914791,1.652624402255088
3887,-0.23347893428317337,1.5488159170649363
3888,2.125433323081633,1.4180981326271704
3889,-0.6473576377620722,1.6525543149473156
3890,-0.15069480852117306,1.5398770944879876
3891,-0.522075962770341,1.4074227805619155
3892,-1.3537853750257596,1.3120397548475569
3893,-0.24353704310293448,1.3555778847966233
3894,-0.12629861987705632,1.2484646804680235
3895,-0.10986971977037417,1.1503611817060952
3896,0.6001876444704599,1.0636671314304227
3897,-0.5794579235288002,1.0129564918824665
3898,1.263827614765337,0.9701496970230874
3899,-0.30021884474172766,1.027500304200543
3900,-1.0221605604010853,0.962403476378696
3901,-1.0961575252379718,0.9838029499056928
3902,-0.40719805830732464,1.015411205608638
3903,-0.18940770108284324,0.9581617154173253
3904,0.39751542126213646,0.8966904363890704
3905,0.1298601754216758,0.8504890154856403
3906,0.9990488768057596,0.7993958742788579
3907,-0.4145797125013699,0.8301513056193646
3908,0.6090777447446366,0.7956419110664628
3909,0.09905650073112261,0.7779258888867614
3910,0.5634597722299883,0.7350747766449781
3911,-0.593652401421895,0.7204936853701623
3912,0.7549676354389329,0.7141599847074116
3913,-0.8389015511147465,0.721674980553938
3914,1.9152262665060824,0.7440909328480508
3915,-1.523937843270506,0.9921506290066515
3916,-0.4737536005126807,1.113792078636476
3917,-0.066086727593644,1.0496404386416378
3918,1.507297500277196,0.9742764599780639
3919,1.8187231438589002,1.0843275931271599
3920,-1.0970601697363789,1.2630406778121923
3921,1.368144574695783,1.2613016702996467
3922,-1.6122192074500608,1.305344973406223
3923,2.1760481128474494,1.4118347398909887
3924,-0.6018382191863801,1.664298048297114
3925,0.7218728006118977,1.5455169041687313
3926,0.301490721667529,1.4494649099275867
3927,-0.9611629370214909,1.3318680828470688
3928,0.09834895462197638,1.2990583696241915
3929,0.4785409271638221,1.193662449964517
3930,-1.2088974838536912,1.1172437385195155
3931,0.4473711452035267,1.1539896119629285
3932,-0.1258064171744277,1.080122546187583
3933,-0.7475993116150039,1.0022086015482126
3934,1.0600175794616993,0.9790802656177733
3935,-0.6801927323735022,0.9981215589907904
3936,-1.5882980521050976,0.9675685609093891
3937,0.7665332185544841,1.1083901435526666
3938,-0.9810991155614375,1.069968274038772
3939,0.12646825847761103,1.0717480362883507
3940,-0.9343627817690358,0.9940451111388091
3941,1.3187813184442947,0.9976243633402266
3942,0.20426722016975946,1.0628560727905916
3943,0.7260972154070913,0.9880296967300479
3944,-0.5618777237200158,0.959351995330894
3945,-0.9011287439236649,0.9213162907201138
3946,-0.05991408803438593,0.9286365888642912
3947,0.5922919734999095,0.8677110991178857
3948,0.597380892798621,0.839787215458333
3949,1.4212322793671237,0.8156822452328477
3950,0.3146354488483089,0.9248765278641368
3951,1.5042261448174614,0.8708361483378839
3952,-1.073486120775924,0.9925699904541142
3953,-0.32797163712156235,1.0191185433059868
3954,-0.93393772518514,0.9565110589285533
3955,0.18253968936157475,0.9645295065396389
3956,-0.864395736880011,0.9008994978043028
3957,0.5078737286130891,0.9053640236207094
3958,0.026255057504557297,0.8657620027918914
3959,0.2505989736761975,0.8118736925164153
3960,0.2892874716358865,0.7687029203472867
3961,-0.23237055210135463,0.7322598292960161
3962,0.9143089641011326,0.6994839214259295
3963,1.8186403440999048,0.7295289327165492
3964,0.5472780805287742,0.9507940277844692
3965,0.20584986847923104,0.9089405183868215
3966,0.5448041098970868,0.8526308700695028
3967,-0.4979266188215189,0.8223487139623523
3968,-0.703194196180462,0.7951267068855813
3969,-0.5393141970316013,0.7915522896904399
3970,0.4526518973304826,0.7715926046076755
3971,0.31355194296455524,0.7439765051958478
3972,1.36069862585248,0.7115931440298072
3973,-1.222012454186939,0.8199997911752487
3974,0.5586026517880868,0.8950074111426559
3975,1.3395107226664809,0.86081394712659
3976,-1.116973358751328,0.9468049572499446
3977,0.9058534641438337,0.9866050358607734
3978,0.6075402094528441,0.980991340352331
3979,0.061295917931503144,0.9408886593279626
3980,-1.385777670384621,0.8781184484356316
3981,-0.6647541278308566,0.9808411033075168
3982,0.8377405409443426,0.9506512281571265
3983,1.004151719653433,0.9400690481625871
3984,-0.09141337849303026,0.9547451309668215
3985,-0.17339087151721316,0.8911687505233814
3986,1.219906068623224,0.8372205027954707
3987,0.21864684843739512,0.9019360083415215
3988,0.5754679255102616,0.8468605329720678
3989,0.7137430331213503,0.8199208383170735
3990,-1.587933699487799,0.8100326893993777
3991,3.076326477831548,0.969664829227334
3992,0.8304780859170259,1.6505955728475896
3993,2.4615500204204563,1.555074082326017
3994,-0.900999074093954,1.8953585126241053
3995,-2.0618937677827245,1.7857746346677663
3996,0.8847208101656295,1.9682242113342383
3997,-2.1049237850401603,1.84185667233681
3998,-0.8554277600059462,2.032057959034745
3999,-0.021706172631695057,1.899520904989698
