Date,CENERGY,ALLWYN,GEK_TERNA,OTE,PPC,EYDAP,AEGEAN,MOTOR_OIL,FOYRK,VIOHALCO
2018-01-02,1.1831015348434448,4.937619209289551,4.171548843383789,7.676445960998535,1.806694507598877,4.868150234222412,5.37857723236084,11.360154151916504,4.8700151443481445,2.877864122390747
2018-01-03,1.2329567670822144,4.98464298248291,4.322215557098389,7.776573657989502,1.9604952335357666,4.844820976257324,5.41117525100708,11.517428398132324,4.72603178024292,2.962376356124878
2018-01-04,1.313491940498352,5.026965141296387,4.378714561462402,7.776573657989502,2.0846474170684814,4.891479969024658,5.37857723236084,11.493231773376465,4.72603178024292,3.0513370037078857
2018-01-05,1.3326671123504639,5.031668186187744,4.548213005065918,7.636395454406738,2.034616231918335,4.891479969024658,5.398135662078857,11.432740211486816,4.700623035430908,3.0958170890808105
2018-01-08,1.3997797966003418,5.0739898681640625,4.557629585266113,7.729847431182861,2.0994718074798584,4.922586917877197,5.443772792816162,11.614214897155762,4.7853193283081055,3.229257345199585
2018-01-09,1.4055322408676147,5.088097095489502,4.656504154205322,7.743198394775391,2.1309728622436523,4.95369291305542,5.6197991371154785,12.061844825744629,4.844606399536133,3.2826335430145264
2018-01-10,1.3844397068023682,5.102205753326416,4.6612114906311035,7.663095951080322,2.0753822326660156,4.938140392303467,5.606759548187256,12.013453483581543,4.844606399536133,3.3449058532714844
2018-01-11,1.4036149978637695,5.045774936676025,4.614129066467285,7.643070697784424,2.186563491821289,4.938140392303467,5.626317977905273,12.098138809204102,4.7853193283081055,3.411625862121582
2018-01-12,1.4764800071716309,5.102205753326416,4.6612114906311035,7.643070697784424,2.1772985458374023,5.054788589477539,5.632837772369385,12.061844825744629,4.886954307556152,3.3626980781555176
2018-01-15,1.4668926000595093,5.111609935760498,4.600004196166992,7.643070697784424,2.1680333614349365,5.085895538330078,5.632837772369385,12.037649154663086,4.912363052368164,3.3626980781555176
2018-01-16,1.4841501712799072,5.149229526519775,4.651795864105225,7.796599388122559,2.195828676223755,4.984799385070801,5.684994220733643,12.098138809204102,4.903893947601318,3.3360095024108887
2018-01-17,1.4342949390411377,5.135122776031494,4.529379844665527,7.7832489013671875,2.1309728622436523,4.930362701416016,5.717591762542725,11.795685768127441,4.827667236328125,3.269289493560791
2018-01-18,1.4381300210952759,5.196255207061768,4.48700475692749,7.843325138092041,2.114295721054077,4.891479969024658,5.67195463180542,11.674702644348145,4.8530755043029785,3.3449058532714844
2018-01-19,1.4573049545288086,5.172743797302246,4.60471248626709,8.217133522033691,2.1309728622436523,4.961470127105713,5.684994220733643,11.710999488830566,4.827667236328125,3.3804898262023926
2018-01-22,1.5052427053451538,5.18214750289917,4.632962703704834,8.177083969116211,2.2236242294311523,4.977023124694824,5.737149238586426,11.783586502075195,4.980119705200195,3.451658248901367
2018-01-23,1.4879851341247559,5.2150654792785645,4.7082953453063965,8.470792770385742,2.3144218921661377,5.054788589477539,5.815383434295654,11.856175422668457,5.0563459396362305,3.4872422218322754
2018-01-24,1.514830231666565,5.205659866333008,4.971960067749023,8.477466583251953,2.6776139736175537,5.21809720993042,5.991409778594971,11.868276596069336,5.115633487701416,3.553961992263794
2018-01-25,1.468809962272644,5.172743797302246,5.12262487411499,8.410715103149414,2.6034929752349854,5.272533893585205,5.93273401260376,11.783586502075195,5.268085479736328,3.4650020599365234
2018-01-26,1.4227899312973022,5.186850547790527,5.0096259117126465,8.490817070007324,2.714674234390259,5.186991214752197,5.815383434295654,11.795685768127441,5.2511467933654785,3.4294180870056152
2018-01-29,1.4381300210952759,5.172743797302246,5.1602911949157715,8.437414169311523,3.057483196258545,5.35029935836792,5.867538928985596,11.89246940612793,5.2511467933654785,3.5094821453094482
2018-01-30,1.3690996170043945,5.196255207061768,5.037875175476074,8.437414169311523,2.835120677947998,5.288086891174316,5.789305210113525,11.856175422668457,5.090224742889404,3.389385938644409
2018-01-31,1.3901922702789307,5.078693389892578,5.094375133514404,8.444090843200684,2.9518611431121826,5.319193363189697,5.978370666503906,12.188875198364258,4.980119705200195,3.3804898262023926
2018-02-01,1.3997797966003418,5.050477981567383,5.254456996917725,8.343963623046875,3.057483196258545,5.288086891174316,6.024007797241211,12.370348930358887,5.081754684448242,3.3626980781555176
2018-02-02,1.3959448337554932,5.045774936676025,5.188541889190674,8.190435409545898,2.9463019371032715,5.202544689178467,5.991409778594971,11.965060234069824,5.081754684448242,3.3538014888763428
2018-02-05,1.4016972780227661,4.98464298248291,4.990792751312256,8.010204315185547,2.8629159927368164,5.179214000701904,5.750188827514648,11.89246940612793,5.047876358032227,3.1981213092803955
2018-02-06,1.409367322921753,4.843568325042725,4.990792751312256,7.8633527755737305,2.7962071895599365,5.01590633392334,5.802344799041748,11.6021146774292,4.827667236328125,3.15364146232605
2018-02-07,1.4189547300338745,4.942320823669434,4.943709373474121,8.010204315185547,2.7332046031951904,5.0470123291015625,5.874058723449707,11.638410568237305,4.827667236328125,3.1981213092803955
2018-02-08,1.3997797966003418,4.834163665771484,4.953126907348633,7.916752338409424,2.647965669631958,5.0470123291015625,5.704551696777344,11.55372428894043,4.776849746704102,3.207017660140991
2018-02-09,1.3710172176361084,4.749518871307373,4.8966264724731445,7.776573657989502,2.570138692855835,4.961470127105713,5.704551696777344,11.590015411376953,4.658275127410889,3.1225051879882812
2018-02-12,1.3326671123504639,4.796543121337891,4.811878204345703,7.809948921203613,2.6034929752349854,4.938140392303467,5.528526306152344,11.456937789916992,4.607457637786865,3.0513370037078857
2018-02-13,1.275141954421997,4.791839599609375,4.849544048309326,7.809948921203613,2.529372215270996,4.992576599121094,5.67195463180542,11.42064380645752,4.632866859436035,2.9801688194274902
2018-02-14,1.2559666633605957,4.773031234741211,4.934293270111084,7.7899250984191895,2.4756345748901367,4.899257183074951,5.769746780395508,11.299662590026855,4.72603178024292,2.9712727069854736
2018-02-15,1.3115745782852173,4.848270893096924,5.150874137878418,8.143708229064941,2.622023105621338,5.023682594299316,5.952291965484619,11.323858261108398,4.819197654724121,3.0958170890808105
2018-02-16,1.3000693321228027,4.871783256530762,5.075541973114014,8.103656768798828,2.6405534744262695,5.01590633392334,5.971850872039795,11.444839477539062,4.920832633972168,3.029097080230713
2018-02-20,1.2904819250106812,4.758923530578613,4.971960067749023,8.150382995605469,2.5608737468719482,5.01590633392334,5.971850872039795,11.481133460998535,4.9631805419921875,3.0780251026153564
2018-02-21,1.2943170070648193,4.711898326873779,4.934293270111084,8.076956748962402,2.5516085624694824,5.00035285949707,5.93273401260376,11.26336669921875,4.980119705200195,3.1580891609191895
2018-02-22,1.3058218955993652,4.777732849121094,4.943709373474121,8.043581008911133,2.5738449096679688,4.961470127105713,5.997929096221924,11.009306907653809,4.954710960388184,3.189225435256958
2018-02-23,1.3058218955993652,4.787139415740967,4.971960067749023,7.956802845001221,2.633141279220581,4.899257183074951,5.997929096221924,11.069795608520508,4.920832633972168,3.2203612327575684
2018-02-26,1.2847294807434082,4.796543121337891,5.037875175476074,7.876702308654785,2.6034929752349854,4.665959358215332,5.997929096221924,11.28756332397461,4.929302215576172,3.1625373363494873
2018-02-27,1.265554428100586,4.867080211639404,5.028459072113037,7.996854305267334,2.564579486846924,4.665959358215332,5.997929096221924,11.3722505569458,4.8700151443481445,3.1136090755462646
2018-02-28,1.2828118801116943,4.707196235656738,4.990792751312256,7.803273677825928,2.610905170440674,4.844820976257324,5.978370666503906,11.638410568237305,4.861545085906982,3.1225051879882812
2018-03-01,1.2866469621658325,4.749518871307373,5.028459072113037,7.71649694442749,2.6572306156158447,4.7281718254089355,5.997929096221924,11.577919006347656,4.8700151443481445,3.273737668991089
2018-03-02,1.2291216850280762,4.561418533325195,4.971960067749023,7.542942523956299,2.529372215270996,4.665959358215332,5.874058723449707,11.469037055969238,4.8700151443481445,3.1402971744537354
2018-03-05,1.1639264822006226,4.462666034698486,4.8966264724731445,7.275936603546143,2.4830470085144043,4.588192462921143,5.867538928985596,11.069795608520508,4.7853193283081055,3.024648904800415
2018-03-06,1.1792664527893066,4.490881443023682,4.915459632873535,7.389412879943848,2.5219600200653076,4.6270751953125,5.802344799041748,11.057699203491211,4.734500885009766,3.06912899017334
2018-03-07,1.1198238134384155,4.599038600921631,4.96254301071167,7.449490547180176,2.501577138900757,4.611523151397705,5.789305210113525,11.106090545654297,4.717562198638916,2.92234468460083
2018-03-08,1.1984416246414185,4.678980350494385,5.056708812713623,7.476190567016602,2.5479025840759277,4.634852409362793,5.802344799041748,10.960915565490723,4.72603178024292,3.064681053161621
2018-03-09,1.202276587486267,4.749518871307373,5.000209331512451,7.649745941162109,2.555314540863037,4.681511402130127,5.88057804107666,11.154484748840332,4.75144100189209,3.0157527923583984
2018-03-12,1.219534158706665,4.702494144439697,5.12262487411499,7.669772148132324,2.581256866455078,4.73594856262207,5.997929096221924,11.638410568237305,4.895423889160156,3.1402971744537354
2018-03-13,1.2176165580749512,4.716601371765137,5.12262487411499,7.683122158050537,2.5997869968414307,4.743725299835205,6.030526638031006,11.493231773376465,4.912363052368164,3.224809408187866
2018-03-14,1.2099467515945435,4.721302509307861,5.056708812713623,7.643070697784424,2.5682859420776367,4.658182144165039,5.997929096221924,11.650508880615234,4.895423889160156,3.224809408187866
2018-03-15,1.1888540983200073,4.653117656707764,5.037875175476074,7.516242027282715,2.605346202850342,4.665959358215332,6.056604385375977,11.674702644348145,4.827667236328125,3.2203612327575684
2018-03-16,1.175431489944458,4.575525283813477,5.037875175476074,7.4895405769348145,2.523813247680664,4.541533946990967,5.971850872039795,12.037649154663086,4.895423889160156,3.1936733722686768
2018-03-19,1.1562565565109253,4.575525283813477,5.141458034515381,7.476190567016602,2.46636962890625,4.588192462921143,6.063124179840088,11.771489143371582,4.895423889160156,3.0780251026153564
2018-03-20,1.1620088815689087,4.674278259277344,5.084959030151367,7.502892017364502,2.46636962890625,4.588192462921143,5.997929096221924,11.68680191040039,5.039406776428223,3.086920976638794
2018-03-21,1.1505039930343628,4.693089008331299,5.037875175476074,7.636395454406738,2.575697898864746,4.5726399421691895,5.997929096221924,11.3722505569458,4.903893947601318,3.104713201522827
2018-03-22,1.1351639032363892,4.629604816436768,4.840126991271973,7.402764797210693,2.46636962890625,4.549309730529785,5.991409778594971,11.360154151916504,4.836136817932129,3.042440891265869
2018-03-23,1.160091519355774,4.544959545135498,4.793044567108154,7.342689037322998,2.3903958797454834,4.518204689025879,5.906656265258789,11.227072715759277,4.861545085906982,3.0602328777313232
2018-03-26,1.137081265449524,4.559066295623779,4.943709373474121,7.60969352722168,2.429309129714966,4.479321002960205,5.8479814529418945,11.166583061218262,4.836136817932129,3.082473039627075
2018-03-27,1.1409165859222412,4.6648736000061035,4.811878204345703,7.529592037200928,2.449692726135254,4.5726399421691895,5.965331554412842,11.227072715759277,4.827667236328125,3.086920976638794
2018-03-28,1.1313289403915405,4.514394760131836,4.755378246307373,7.422789096832275,2.4181911945343018,4.533756732940674,5.939254283905029,11.311761856079102,4.734500885009766,3.024648904800415
2018-03-29,1.1140713691711426,4.368616104125977,4.60471248626709,7.329336166381836,2.3959548473358154,4.634852409362793,5.821902275085449,11.057699203491211,4.776849746704102,3.024648904800415
2018-04-03,1.0910612344741821,4.23224401473999,4.6612114906311035,7.175807952880859,2.3959548473358154,4.541533946990967,5.815383434295654,11.009306907653809,4.72603178024292,2.9801688194274902
2018-04-04,1.0795563459396362,4.23224401473999,4.60471248626709,7.209184646606445,2.3959548473358154,4.588192462921143,5.93273401260376,11.130288124084473,4.72603178024292,2.9134485721588135
2018-04-05,1.1389989852905273,4.326293468475342,4.934293270111084,7.362712860107422,2.5479025840759277,4.61929988861084,6.089201927185059,11.178680419921875,4.742970943450928,3.0513370037078857
2018-04-10,1.175431489944458,4.420344352722168,5.047292709350586,7.529592037200928,2.6498184204101562,4.549309730529785,6.063124179840088,11.3722505569458,4.742970943450928,3.0513370037078857
2018-04-11,1.1505039930343628,4.439152717590332,5.084959030151367,7.502892017364502,2.584963083267212,4.60374641418457,5.958812236785889,11.069795608520508,4.742970943450928,3.0113048553466797
2018-04-12,1.18118417263031,4.490881443023682,5.075541973114014,7.522918224334717,2.5997869968414307,4.704843044281006,5.900136470794678,11.28756332397461,4.72603178024292,3.0379927158355713
2018-04-13,1.202276587486267,4.429749488830566,4.8966264724731445,7.522918224334717,2.5942280292510986,4.697065353393555,5.93273401260376,11.11819076538086,4.6921539306640625,3.0557849407196045
2018-04-16,1.215699315071106,4.439152717590332,5.000209331512451,7.522918224334717,2.6720547676086426,4.665959358215332,5.952291965484619,11.057699203491211,4.742970943450928,3.1491928100585938
2018-04-17,1.2348742485046387,4.523798942565918,5.019042491912842,7.60969352722168,2.714674234390259,4.743725299835205,6.04356575012207,11.23917007446289,4.709092617034912,3.2025692462921143
2018-04-18,1.2176165580749512,4.584930896759033,4.943709373474121,7.676445960998535,2.714674234390259,4.743725299835205,6.063124179840088,11.106090545654297,4.658275127410889,3.1803290843963623
2018-04-19,1.2272043228149414,4.608443737030029,4.877793788909912,7.876702308654785,2.690585136413574,4.821491241455078,6.037046432495117,11.251272201538086,4.72603178024292,3.3182179927825928
2018-04-20,1.215699315071106,4.599038600921631,4.830711364746094,7.796599388122559,2.6498184204101562,4.743725299835205,6.102241039276123,11.26336669921875,4.734500885009766,3.273737668991089
2018-04-23,1.242544174194336,4.575525283813477,4.774211406707764,7.769899368286133,2.5942280292510986,4.673735618591309,5.997929096221924,11.493231773376465,4.709092617034912,3.2381534576416016
2018-04-24,1.2463792562484741,4.589633464813232,4.840126991271973,7.743198394775391,2.6349945068359375,4.665959358215332,6.04356575012207,11.517428398132324,4.8530755043029785,3.2559456825256348
2018-04-25,1.219534158706665,4.59433650970459,4.783627510070801,7.736523151397705,2.5719919204711914,4.5648627281188965,5.939254283905029,11.335955619812012,4.827667236328125,3.1758813858032227
2018-04-26,1.2444617748260498,4.608443737030029,4.821293830871582,7.876702308654785,2.5256662368774414,4.549309730529785,5.997929096221924,11.577919006347656,4.861545085906982,3.2203612327575684
2018-04-27,1.2885643243789673,4.613146781921387,4.811878204345703,7.970153331756592,2.4904587268829346,4.588192462921143,6.108760356903076,11.493231773376465,4.997059345245361,3.2559456825256348
2018-04-30,1.2770594358444214,4.669576168060303,4.755378246307373,8.043581008911133,2.53307843208313,4.6270751953125,6.095721244812012,11.965060234069824,4.997059345245361,3.273737668991089
2018-05-02,1.309657096862793,4.702494144439697,4.953126907348633,8.003528594970703,2.516401529312134,4.634852409362793,6.128319263458252,11.916669845581055,5.047876358032227,3.33156156539917
2018-05-03,1.2713068723678589,4.568472385406494,4.9813761711120605,7.689796447753906,2.481193780899048,4.580415725708008,6.017487049102783,11.819883346557617,5.064815521240234,3.224809408187866
2018-05-04,1.221451759338379,4.584930896759033,4.9813761711120605,7.6564226150512695,2.3700125217437744,4.595969200134277,6.069643020629883,11.674702644348145,5.090224742889404,3.1402971744537354
2018-05-07,1.2674719095230103,4.5388383865356445,4.96254301071167,7.776573657989502,2.1309728622436523,4.549309730529785,5.991409778594971,11.565821647644043,5.098694324493408,3.1803290843963623
2018-05-08,1.2847294807434082,4.560671806335449,4.924876689910889,7.569643020629883,2.1217079162597656,4.549309730529785,6.1935133934021,11.747293472290039,4.954710960388184,3.2025692462921143
2018-05-09,1.2770594358444214,4.56795072555542,4.887210369110107,7.676445960998535,2.195828676223755,4.5726399421691895,6.121799945831299,11.72309684753418,4.9631805419921875,3.1758813858032227
2018-05-10,1.2463792562484741,4.618892192840576,4.830711364746094,7.576318264007568,2.103177785873413,4.47154426574707,6.024007797241211,11.904569625854492,4.988589286804199,3.1358492374420166
2018-05-11,1.275141954421997,4.56795072555542,4.8589606285095215,7.509567737579346,2.1124427318573,4.487096786499023,6.186995029449463,11.97715950012207,5.0563459396362305,3.1758813858032227
2018-05-14,1.2847294807434082,4.512155055999756,4.774211406707764,7.342689037322998,1.9123165607452393,4.510427474975586,6.102241039276123,11.916669845581055,5.098694324493408,3.1447455883026123
2018-05-15,1.2636367082595825,4.521858215332031,4.849544048309326,7.342689037322998,1.9178756475448608,4.47154426574707,5.997929096221924,11.638410568237305,5.081754684448242,3.024648904800415
2018-05-16,1.23103928565979,4.485470294952393,4.802460670471191,7.209184646606445,1.930846929550171,4.432661056518555,5.984889984130859,11.493231773376465,5.0732855796813965,3.024648904800415
2018-05-17,1.2080291509628296,4.480617523193359,4.830711364746094,7.209184646606445,1.9845843315124512,4.487096786499023,6.024007797241211,11.166583061218262,4.9631805419921875,2.9801688194274902
2018-05-18,1.2176165580749512,4.49517297744751,4.915459632873535,7.075681686401367,1.9919965267181396,4.533756732940674,6.017487049102783,11.106090545654297,4.937772274017334,3.064681053161621
2018-05-21,1.2252867221832275,4.667411804199219,5.047292709350586,7.075681686401367,2.0587050914764404,4.479321002960205,6.030526638031006,11.335955619812012,4.895423889160156,3.0335452556610107
2018-05-22,1.2828118801116943,4.648004531860352,5.17912483215332,7.275936603546143,2.0383222103118896,4.541533946990967,6.030526161193848,11.227072715759277,4.94624137878418,3.1314010620117188
2018-05-23,1.2808942794799805,4.633448123931885,5.1320414543151855,7.1958327293396,1.993849515914917,4.595969200134277,6.0998430252075195,11.251272201538086,4.7853193283081055,3.0780251026153564
2018-05-24,1.2329567670822144,4.628596782684326,5.12262487411499,7.215860366821289,1.9271408319473267,4.502651214599609,6.009732246398926,11.069795608520508,4.844606399536133,2.962376356124878
2018-05-25,1.169679045677185,4.514580249786377,5.066126346588135,7.1357574462890625,1.908610463142395,4.42488431930542,5.919620513916016,10.888323783874512,4.997059345245361,2.860072374343872
2018-05-29,1.1140713691711426,4.461211204528809,5.037875175476074,6.741922378540039,1.8530200719833374,4.33934211730957,5.725534439086914,10.368104934692383,4.997059345245361,2.69549560546875
2018-05-30,1.1217414140701294,4.483043670654297,5.17912483215332,6.741922378540039,1.8678442239761353,4.502651214599609,5.767124652862549,10.706852912902832,4.997059345245361,2.699944257736206
2018-05-31,1.1313289403915405,4.46363639831543,4.971960067749023,6.842050552368164,1.8622850179672241,4.3782243728637695,5.99586820602417,10.489087104797363,4.997059345245361,2.757767677307129
2018-06-01,1.160091519355774,4.584930896759033,5.103792190551758,7.075681686401367,1.908610463142395,4.510427474975586,6.030526161193848,10.900424003601074,4.988589286804199,2.802248477935791
2018-06-04,1.1505039930343628,4.623744964599609,5.1602911949157715,6.955528259277344,1.9957025051116943,4.479321002960205,5.99586820602417,10.827834129333496,4.929302215576172,2.8155922889709473
2018-06-05,1.1677615642547607,4.667411804199219,5.17912483215332,7.109057426452637,1.9734662771224976,4.588192462921143,6.210749626159668,11.093994140625,5.081754684448242,2.824488401412964
2018-06-06,1.1121536493301392,4.655282497406006,5.019042491912842,6.922151565551758,1.9011986255645752,4.5726399421691895,6.0443902015686035,11.299662590026855,5.047876358032227,2.659911632537842
2018-06-07,1.1274938583374023,4.667411804199219,5.000209331512451,6.768622875213623,1.8622850179672241,4.595969200134277,5.99586820602417,11.214974403381348,5.0563459396362305,2.6465675830841064
2018-06-08,1.1332464218139648,4.6819658279418945,4.8966264724731445,6.862074851989746,1.8113270998001099,4.502651214599609,6.10677433013916,11.190777778625488,5.12410306930542,2.6465675830841064
2018-06-11,1.1140713691711426,4.628596782684326,4.821293830871582,6.875424385070801,1.763148546218872,4.502651214599609,5.9820051193237305,11.251272201538086,5.2511467933654785,2.615431547164917
2018-06-12,1.104483723640442,4.6819658279418945,4.802460670471191,6.908801555633545,1.7742667198181152,4.518204689025879,6.065184593200684,11.408543586730957,5.225738048553467,2.6287758350372314
2018-06-13,1.1121536493301392,4.706225395202637,4.802460670471191,6.988902568817139,1.8048415184020996,4.455991268157959,6.0998430252075195,11.481133460998535,5.081754684448242,2.6688079833984375
2018-06-14,1.1389989852905273,4.70137357711792,4.736545562744141,6.9488525390625,1.8178126811981201,4.541533946990967,6.037458419799805,11.493231773376465,5.081754684448242,2.7221837043762207
2018-06-15,1.1389989852905273,4.706225395202637,4.689462661743164,6.741922378540039,1.7844582796096802,4.47154426574707,6.176090717315674,11.396446228027344,5.047876358032227,2.713287591934204
2018-06-18,1.169679045677185,4.691669940948486,4.614129066467285,6.915475845336914,1.7538834810256958,4.47154426574707,6.065184593200684,11.469037055969238,5.039406776428223,2.8155922889709473
2018-06-19,1.1313289403915405,4.604337215423584,4.670629024505615,6.848725318908691,1.8205921649932861,4.487096786499023,6.092911243438721,11.3722505569458,5.0732855796813965,2.7266318798065186
2018-06-20,1.1946066617965698,4.512155055999756,4.821293830871582,6.808673858642578,1.8993455171585083,4.494874000549316,5.99586820602417,11.396446228027344,5.081754684448242,2.8734166622161865
2018-06-21,1.275141954421997,4.546116828918457,4.821293830871582,6.842050552368164,1.9178756475448608,4.502651214599609,6.134500980377197,11.3722505569458,5.090224742889404,3.020200729370117
2018-06-22,1.2176165580749512,4.560671806335449,4.670629024505615,7.035630226135254,1.7974294424057007,4.591253280639648,5.99586820602417,11.3722505569458,5.242676734924316,2.9979608058929443
2018-06-25,1.2252867221832275,4.584930896759033,4.76479434967041,7.189158916473389,1.8641382455825806,4.534870147705078,5.961209774017334,11.26336669921875,5.149511337280273,3.0602328777313232
2018-06-26,1.2272043228149414,4.691669940948486,4.811878204345703,7.209184646606445,1.796502947807312,4.4462666511535645,5.905757427215576,11.416784286499023,5.064815521240234,3.046888828277588
2018-06-27,1.2463792562484741,4.691669940948486,4.802460670471191,7.295962333679199,1.806694507598877,4.43015718460083,5.8503031730651855,11.365645408630371,5.1664509773254395,3.0068564414978027
2018-06-28,1.2041940689086914,4.60676383972168,4.7082953453063965,7.235867023468018,1.739059329032898,4.502651214599609,5.8364410400390625,10.956534385681152,4.886954307556152,2.8734166622161865
2018-06-29,1.2041940689086914,4.696523189544678,4.840126991271973,7.311744689941406,1.715896487236023,4.51070499420166,5.857235908508301,10.994887351989746,5.081754684448242,2.904552698135376
2018-07-02,1.236791729927063,4.594635009765625,4.755378246307373,7.146193981170654,1.6908808946609497,4.4462666511535645,5.6839447021484375,11.173873901367188,4.937772274017334,2.8734166622161865
2018-07-03,1.265554428100586,4.512155055999756,4.7459611892700195,7.125502586364746,1.676983118057251,4.389882564544678,5.5730390548706055,11.186657905578613,4.971650123596191,2.83783221244812
2018-07-04,1.2176165580749512,4.580078601837158,4.7459611892700195,7.035828590393066,1.6704975366592407,4.357663631439209,5.496790409088135,11.480707168579102,4.954710960388184,2.8111443519592285
2018-07-05,1.2252867221832275,4.667411804199219,4.811878204345703,7.242764949798584,1.6918072700500488,4.494595527648926,5.67008113861084,11.25058364868164,4.997059345245361,2.7310800552368164
2018-07-06,1.2137815952301025,4.628596782684326,4.717711925506592,7.153092384338379,1.7881643772125244,4.470430850982666,5.767124652862549,11.263365745544434,4.912363052368164,2.7221837043762207
2018-07-09,1.219534158706665,4.6819658279418945,4.76479434967041,7.256562232971191,1.7937233448028564,4.454321384429932,5.87109899520874,11.429567337036133,4.8700151443481445,2.7933523654937744
2018-07-10,1.215699315071106,4.779003143310547,4.755378246307373,7.35313081741333,1.741838812828064,4.5187602043151855,5.6839447021484375,11.480707168579102,4.920832633972168,2.775559902191162
2018-07-11,1.2176165580749512,4.706225395202637,4.755378246307373,7.228968620300293,1.7047784328460693,4.397937774658203,5.628491401672363,11.22501277923584,4.793788433074951,2.69549560546875
2018-07-12,1.215699315071106,4.698948383331299,4.830711364746094,7.153092384338379,1.7260881662368774,4.51070499420166,5.697807788848877,11.173873901367188,4.819197654724121,2.7043919563293457
2018-07-13,1.2118642330169678,4.769299030303955,4.8966264724731445,7.442802429199219,1.7622219324111938,4.454321384429932,5.815645217895508,11.314507484436035,4.954710960388184,2.7444241046905518
2018-07-16,1.215699315071106,4.779003143310547,5.066126346588135,7.511782169342041,1.770560622215271,4.5831990242004395,5.732466220855713,11.186657905578613,5.022467613220215,2.7933523654937744
2018-07-17,1.2080291509628296,4.728057861328125,4.990792751312256,7.484192371368408,1.7603689432144165,4.647637367248535,5.787919521331787,11.276151657104492,5.039406776428223,2.735527753829956
2018-07-18,1.236791729927063,4.706225395202637,5.084959030151367,7.560068130493164,1.7742667198181152,4.607363224029541,5.878031253814697,11.531847953796387,5.0563459396362305,2.797800302505493
2018-07-19,1.2061116695404053,4.71835470199585,4.943709373474121,7.511782169342041,1.7511038780212402,4.671802520751953,5.787919521331787,11.506277084350586,4.937772274017334,2.762216329574585
2018-07-20,1.2252867221832275,4.614041805267334,4.971960067749023,7.270357131958008,1.7149698734283447,4.591253280639648,5.753261089324951,11.391215324401855,4.8700151443481445,2.7221837043762207
2018-07-23,1.2233691215515137,4.6819658279418945,4.9813761711120605,7.401415824890137,1.6686445474624634,4.550980091094971,5.822577476501465,11.352861404418945,4.827667236328125,2.717736005783081
2018-07-24,1.23103928565979,4.657708168029785,5.047292709350586,7.463497638702393,1.676983118057251,4.55903434753418,5.725534439086914,11.455138206481934,4.802258014678955,2.7088401317596436
2018-07-25,1.2272043228149414,4.5873565673828125,5.028459072113037,7.415211200714111,1.6732770204544067,4.704020977020264,5.718602657318115,11.480707168579102,4.776849746704102,2.7533199787139893
2018-07-26,1.2348742485046387,4.631022930145264,5.084959030151367,7.53247594833374,1.6881012916564941,4.671802520751953,5.753261089324951,11.455138206481934,4.827667236328125,2.775559902191162
2018-07-27,1.2291216850280762,4.597061634063721,5.047292709350586,7.484192371368408,1.676983118057251,4.704020977020264,5.753261089324951,11.544631004333496,4.912363052368164,2.7533199787139893
2018-07-30,1.2348742485046387,4.657708168029785,5.066126346588135,7.58765983581543,1.676983118057251,4.712075710296631,5.725534439086914,11.506277084350586,4.997059345245361,2.7533199787139893
2018-07-31,1.2348742485046387,4.631022930145264,5.075541973114014,7.656637191772461,1.6445552110671997,4.663747310638428,5.642355442047119,11.608555793762207,4.886954307556152,2.7711122035980225
2018-08-01,1.221451759338379,4.618892192840576,4.971960067749023,7.684228897094727,1.6603060960769653,4.575143814086914,5.663149833679199,11.659692764282227,4.912363052368164,2.802248477935791
2018-08-02,1.2137815952301025,4.536413669586182,4.915459632873535,7.580760955810547,1.6667914390563965,4.470430850982666,5.67008113861084,11.557417869567871,4.937772274017334,2.7844560146331787
2018-08-03,1.2118642330169678,4.626171112060547,4.906043529510498,7.58765983581543,1.6751301288604736,4.40599250793457,5.822577476501465,11.761971473693848,4.912363052368164,2.757767677307129
2018-08-06,1.2176165580749512,4.6819658279418945,4.96254301071167,7.684228897094727,1.701072335243225,4.4221014976501465,5.725534439086914,11.736403465270996,4.937772274017334,2.757767677307129
2018-08-07,1.2176165580749512,4.609189510345459,4.971960067749023,7.753207683563232,1.7399858236312866,4.5187602043151855,5.760192394256592,11.659692764282227,4.988589286804199,2.7933523654937744
2018-08-08,1.2176165580749512,4.648004531860352,4.9813761711120605,7.780798435211182,1.7196024656295776,4.494595527648926,5.787919521331787,11.634124755859375,4.8530755043029785,2.775559902191162
2018-08-09,1.221451759338379,4.609189510345459,5.000209331512451,7.780798435211182,1.6881012916564941,4.502651214599609,5.760192394256592,11.685264587402344,4.844606399536133,2.7666637897491455
2018-08-10,1.215699315071106,4.609189510345459,4.906043529510498,7.760106086730957,1.6436288356781006,4.389882564544678,5.677013397216797,11.519061088562012,4.700623035430908,2.7043919563293457
2018-08-13,1.169679045677185,4.500024795532227,4.821293830871582,7.504884243011475,1.6167598962783813,4.317389488220215,5.600764751434326,11.455138206481934,4.615927696228027,2.6287758350372314
2018-08-14,1.1505039930343628,4.512155055999756,4.7459611892700195,7.44970178604126,1.575993537902832,4.244895935058594,5.552243232727051,12.260578155517578,4.412656784057617,2.6065359115600586
2018-08-16,1.0929787158966064,4.393285751342773,4.7459611892700195,7.159989833831787,1.5380065441131592,4.124073505401611,5.503722190856934,12.656907081604004,4.488883972167969,2.5086793899536133
2018-08-17,1.10831880569458,4.417543888092041,4.783627510070801,7.34623384475708,1.539859652519226,4.244895935058594,5.600764751434326,12.720829010009766,4.565109729766846,2.5220232009887695
2018-08-20,1.0929787158966064,4.50972843170166,4.7459611892700195,7.435904026031494,1.519476294517517,4.325443744659424,5.54531192779541,12.490704536437988,4.548170566558838,2.5620555877685547
2018-08-21,1.0833911895751953,4.512155055999756,4.680045127868652,7.463497638702393,1.4657388925552368,4.252950668334961,5.462132453918457,12.490704536437988,4.539700984954834,2.4864394664764404
2018-08-22,1.0565460920333862,4.584930896759033,4.548213005065918,7.732514381408691,1.5287415981292725,4.389882564544678,5.503722190856934,12.631335258483887,4.565109729766846,2.5264716148376465
2018-08-23,1.1025662422180176,4.679540634155273,4.96254301071167,7.725615501403809,1.5602428913116455,4.462376594543457,5.54531192779541,12.656907081604004,4.556640625,2.6243274211883545
2018-08-24,1.1006488800048828,4.584930896759033,4.868377208709717,7.698024749755859,1.52410888671875,4.317389488220215,5.54531192779541,12.759182929992676,4.522762298583984,2.619879961013794
2018-08-27,1.1217414140701294,4.599486827850342,4.934293270111084,7.780798435211182,1.599156141281128,4.43015718460083,5.586901664733887,12.976521492004395,4.522762298583984,2.6688079833984375
2018-08-28,1.1217414140701294,4.643152713775635,4.887210369110107,7.760106086730957,1.6149070262908936,4.389882564544678,5.600764751434326,12.976521492004395,4.505822658538818,2.677703619003296
2018-08-29,1.1274938583374023,4.631022930145264,4.849544048309326,7.725615501403809,1.6399227380752563,4.486540794372559,5.614628314971924,13.072412490844727,4.505822658538818,2.659911632537842
2018-08-30,1.129411220550537,4.604337215423584,4.953126907348633,7.725615501403809,1.6010093688964844,4.534870147705078,5.5730390548706055,12.912598609924316,4.548170566558838,2.682152032852173
2018-08-31,1.1198238134384155,4.490321159362793,4.849544048309326,7.580760955810547,1.552830696105957,4.389882564544678,5.482927322387695,12.976521492004395,4.615927696228027,2.6510157585144043
2018-09-03,1.0948961973190308,4.577653884887695,4.877793788909912,7.560068130493164,1.5287415981292725,4.349608898162842,5.420542240142822,12.912598609924316,4.556640625,2.633223533630371
2018-09-04,1.0891438722610474,4.473340034484863,4.698878288269043,7.297946929931641,1.4731509685516357,4.414047718048096,5.55917501449585,12.848676681518555,4.615927696228027,2.6243274211883545
2018-09-05,1.0718863010406494,4.376304626464844,4.840126991271973,7.215173244476318,1.4555470943450928,4.180457592010498,5.372020721435547,12.944562911987305,4.57357931137085,2.579847574234009
2018-09-06,1.0450412034988403,4.313231945037842,4.698878288269043,7.001338958740234,1.4092217683792114,4.124073505401611,5.136345386505127,13.296142578125,4.531231880187988,2.5442636013031006
2018-09-07,1.0642162561416626,4.318082809448242,4.651795864105225,7.077216625213623,1.417560338973999,4.140183448791504,5.212592601776123,13.168294906616211,4.497353553771973,2.49088716506958
2018-09-10,1.0929787158966064,4.429675102233887,4.651795864105225,7.4290080070495605,1.482416033744812,4.261005401611328,5.302704811096191,13.232219696044922,4.57357931137085,2.5620555877685547
2018-09-11,1.0738036632537842,4.376304626464844,4.68475341796875,7.3945183753967285,1.399030089378357,4.148238182067871,5.337362766265869,13.264182090759277,4.57357931137085,2.5665032863616943
2018-09-12,1.0738036632537842,4.390859127044678,4.614129066467285,7.484192371368408,1.3619697093963623,4.236841678619385,5.406679630279541,12.912598609924316,4.700623035430908,2.637671947479248
2018-09-13,1.0718863010406494,4.366601467132568,4.567046165466309,7.470395565032959,1.331394910812378,4.172402381896973,5.247251510620117,13.008485794067383,4.615927696228027,2.579847574234009
2018-09-14,1.0718863010406494,4.366601467132568,4.491713523864746,7.339336395263672,1.3341745138168335,4.252950668334961,5.385883808135986,13.168294906616211,4.641335964202881,2.5887436866760254
2018-09-17,1.0699687004089355,4.371452808380127,4.411672115325928,7.228968620300293,1.3378804922103882,4.107964515686035,5.281908988952637,13.264182090759277,4.531231880187988,2.633223533630371
2018-09-18,1.0661334991455078,4.330212593078613,4.515255451202393,7.159989833831787,1.3703083992004395,4.09990930557251,5.316567420959473,13.455951690673828,4.548170566558838,2.610983371734619
2018-09-19,1.0910612344741821,4.41511869430542,4.529379844665527,7.139297008514404,1.4055155515670776,4.148238182067871,5.344293594360352,13.967340469360352,4.590518951416016,2.6287758350372314
2018-09-20,1.0872260332107544,4.366601467132568,4.548213005065918,7.1806840896606445,1.3369539976119995,4.188511848449707,5.281908988952637,13.903419494628906,4.488883972167969,2.5887436866760254
2018-09-21,1.0929787158966064,4.575228214263916,4.8966264724731445,7.380722999572754,1.3638226985931396,4.236841678619385,5.441337585449219,14.446768760681152,4.57357931137085,2.6510157585144043
2018-09-24,1.148586392402649,4.550968647003174,4.868377208709717,7.401415824890137,1.3073056936264038,4.252950668334961,5.406679630279541,14.894237518310547,4.455005168914795,2.659911632537842
2018-09-25,1.1926889419555664,4.6819658279418945,4.8966264724731445,7.560068130493164,1.3165706396102905,4.228786468505859,5.406679630279541,14.702466011047363,4.404187202453613,2.7444241046905518
2018-09-26,1.2061116695404053,4.725632667541504,4.8966264724731445,7.525577068328857,1.290628433227539,4.309334754943848,5.302704811096191,14.670504570007324,4.522762298583984,2.7844560146331787
2018-09-27,1.2080291509628296,4.648004531860352,4.8966264724731445,7.615251064300537,1.2850693464279175,4.349608898162842,5.2333879470825195,15.022083282470703,4.531231880187988,2.7666637897491455
2018-09-28,1.1850191354751587,4.386008262634277,4.774211406707764,7.291049003601074,1.3045260906219482,4.397937774658203,5.2680463790893555,14.382845878601074,4.378778457641602,2.6643593311309814
2018-10-01,1.2061116695404053,4.366601467132568,4.628253936767578,7.277254104614258,1.345292568206787,4.438211917877197,5.240319728851318,14.766390800476074,4.429595947265625,2.6732559204101562
2018-10-02,1.1562565565109253,4.298675537109375,4.6235456466674805,7.270357131958008,1.2637596130371094,4.4221014976501465,5.115550518035889,14.638542175292969,4.421126365661621,2.579847574234009
2018-10-03,1.1505039930343628,4.250158786773682,4.802460670471191,7.139297008514404,1.1794472932815552,4.357663631439209,5.053164958953857,14.606579780578613,4.378778457641602,2.5442636013031006
2018-10-04,1.1466689109802246,4.313231945037842,4.7082953453063965,7.1806840896606445,1.1896388530731201,4.244895935058594,5.122481822967529,15.213855743408203,4.361839771270752,2.55315899848938
2018-10-05,1.1217414140701294,4.172529697418213,4.670629024505615,6.918565273284912,1.1618435382843018,4.124073505401611,4.963054656982422,15.149931907653809,4.234796047210693,2.4819912910461426
2018-10-08,1.0929787158966064,4.172529697418213,4.600004196166992,6.808199405670166,1.139607310295105,4.172402381896973,4.852148056030273,14.574617385864258,4.1162214279174805,2.3574471473693848
2018-10-09,1.0431236028671265,4.085197925567627,4.482297420501709,6.684038162231445,1.1294156312942505,4.107964515686035,4.810558319091797,13.679685592651367,4.039994716644287,2.250694513320923
2018-10-10,1.046958565711975,4.107030391693115,4.614129066467285,6.721975803375244,1.074751615524292,4.059634685516357,4.67885684967041,14.254998207092285,4.065403938293457,2.2773823738098145
2018-10-11,1.0527111291885376,4.060938358306885,4.4210896492004395,6.566773891448975,1.121077060699463,4.01533317565918,4.796694278717041,14.31892204284668,3.9849424362182617,2.2417984008789062
2018-10-12,1.0527111291885376,4.02654504776001,4.406963348388672,6.666790962219238,1.1043999195098877,3.99116849899292,4.644198417663574,14.478729248046875,3.8960120677948,2.3129665851593018
2018-10-15,1.0546287298202515,4.078136444091797,4.449338436126709,6.828893184661865,1.1507253646850586,4.067689895629883,4.852148056030273,14.574617385864258,3.989177703857422,2.3752388954162598
2018-10-16,1.0680510997772217,4.2107977867126465,4.519963264465332,6.994441509246826,1.1674026250839233,4.059634685516357,4.852148056030273,14.414806365966797,3.989177703857422,2.4597511291503906
2018-10-17,1.041205883026123,4.186230659484863,4.505838394165039,6.79440450668335,1.1099588871002197,4.107964515686035,4.734310626983643,14.350883483886719,4.0230560302734375,2.4641995429992676
2018-10-18,1.0450412034988403,4.191143989562988,4.519963264465332,6.6357526779174805,1.1275627613067627,4.107964515686035,4.699652194976807,14.063227653503418,3.976473569869995,2.3663432598114014
2018-10-19,1.0162783861160278,4.19605827331543,4.425796985626221,6.621956825256348,1.1257096529006958,3.9951956272125244,4.609539985656738,13.519878387451172,3.887542724609375,2.2551426887512207
2018-10-22,0.987515926361084,4.230452060699463,4.364589691162109,6.65644645690918,1.0775312185287476,4.059634685516357,4.748173236846924,14.127152442932129,3.8451945781707764,2.2417984008789062
2018-10-23,0.9932684302330017,4.19605827331543,4.218632698059082,6.601263046264648,1.1164445877075195,3.930757522583008,4.748173236846924,13.679685592651367,3.781672477722168,2.192870616912842
2018-10-24,1.041205883026123,4.1764044761657715,4.19038200378418,6.71162748336792,1.1488723754882812,3.962977409362793,4.748173236846924,13.072412490844727,3.785907030105591,2.2195582389831543
2018-10-25,1.0258660316467285,4.124812602996826,4.162132740020752,6.73922061920166,1.1303423643112183,3.9468672275543213,4.706583023071289,13.679685592651367,3.794377088546753,2.2417984008789062
2018-10-26,1.0239484310150146,4.092876434326172,4.115049839019775,6.8013014793396,1.134974718093872,4.043525695800781,4.685788154602051,14.063227653503418,3.768968343734741,2.250694513320923
2018-10-29,1.0316184759140015,4.107616424560547,4.082091808319092,6.777158260345459,1.2137280702590942,4.107964515686035,4.71351432800293,14.223036766052246,3.9002468585968018,2.290726900100708
2018-10-30,1.0162783861160278,4.058482646942139,4.0444254875183105,6.797852516174316,1.214654564857483,4.091854572296143,4.67885684967041,14.031267166137695,3.8282551765441895,2.2551426887512207
2018-10-31,1.0546287298202515,4.046198844909668,4.289256572723389,6.770261287689209,1.224846363067627,4.164348125457764,4.71351432800293,13.136335372924805,3.7266199588775635,2.2951745986938477
2018-11-01,1.0354535579681396,3.9872381687164307,4.270423412322998,6.69438362121582,1.1942715644836426,4.107964515686035,4.67885684967041,11.595769882202148,3.7181506156921387,2.2151105403900146
2018-11-02,1.0392886400222778,4.083049774169922,4.322215557098389,6.725424766540527,1.1924183368682861,4.140183448791504,4.623404026031494,11.761971473693848,3.8451945781707764,2.3129665851593018
2018-11-05,1.046958565711975,4.112529754638672,4.402256488800049,6.780606269836426,1.1859327554702759,4.051580429077148,4.609539985656738,11.698047637939453,3.9214208126068115,2.3129665851593018
2018-11-06,1.0507936477661133,4.117443084716797,4.567046165466309,6.863382339477539,1.246155858039856,4.148238182067871,4.775899887084961,11.787542343139648,3.9256558418273926,2.3574471473693848
2018-11-07,1.0833911895751953,4.127270221710205,4.48700475692749,7.015135288238525,1.2850693464279175,4.156292915344238,4.7897629737854,12.145514488220215,4.078108310699463,2.4641995429992676
2018-11-08,1.0948961973190308,4.129726409912109,4.383423328399658,7.035828590393066,1.2554211616516113,4.091854572296143,4.748173236846924,12.324501991271973,4.065403938293457,2.4419589042663574
2018-11-09,1.0929787158966064,4.127270221710205,4.4728803634643555,7.1944804191589355,1.2507885694503784,4.091854572296143,4.817489147186279,12.388426780700684,4.039994716644287,2.4464070796966553
2018-11-12,1.0891438722610474,4.124812602996826,4.406963348388672,7.02203369140625,1.254494547843933,4.09990930557251,4.817489147186279,12.465134620666504,3.9298906326293945,2.3618948459625244
2018-11-13,1.0833911895751953,4.19605827331543,4.4728803634643555,7.0289306640625,1.2869224548339844,4.172402381896973,4.990780830383301,12.529056549072266,3.9298906326293945,2.433063268661499
2018-11-14,1.0718863010406494,4.161664009094238,4.435214042663574,7.035828590393066,1.2841429710388184,4.164348125457764,5.039302825927734,12.529056549072266,4.031525611877441,2.415271043777466
2018-11-15,1.0738036632537842,4.161664009094238,4.430505275726318,7.173786163330078,1.2350378036499023,4.116018772125244,5.053164958953857,12.413995742797852,4.1585693359375,2.3752388954162598
2018-11-16,1.0910612344741821,4.029001235961914,4.378714561462402,7.146193981170654,1.1766676902770996,4.156292915344238,5.046233177185059,12.529056549072266,4.107752323150635,2.370790958404541
2018-11-19,1.0527111291885376,4.006890773773193,4.312797546386719,7.035828590393066,1.144239902496338,4.124073505401611,4.89373779296875,12.944562911987305,3.946829319000244,2.330758571624756
2018-11-20,1.0239484310150146,3.7538504600524902,4.180965900421143,6.766811847686768,1.103473424911499,4.003250598907471,4.67885684967041,12.682472229003906,3.7266199588775635,2.2240066528320312
2018-11-21,1.0354535579681396,3.8889689445495605,4.143299579620361,6.966850280761719,1.1220035552978516,3.9992237091064453,4.782831192016602,12.912598609924316,3.7308549880981445,2.2151105403900146
2018-11-22,1.0431236028671265,3.9553003311157227,3.997342348098755,6.939259052276611,1.1331217288970947,4.059634685516357,4.685788154602051,12.69526195526123,3.777437686920166,2.2151105403900146
2018-11-23,1.0546287298202515,3.9553003311157227,4.077383518218994,6.835789680480957,1.1525784730911255,4.107964515686035,4.755105018615723,12.759182929992676,3.777437686920166,2.228454351425171
2018-11-26,1.0642162561416626,4.004435062408447,4.030300617218018,6.828893184661865,1.1118121147155762,4.148238182067871,4.775899887084961,12.784751892089844,3.70121169090271,2.2240066528320312
2018-11-27,1.0699687004089355,4.029001235961914,4.002050876617432,6.966850280761719,1.067339539527893,3.9871413707733154,4.7897629737854,13.10437297821045,3.5318195819854736,2.2417984008789062
2018-11-28,1.0546287298202515,3.9553003311157227,3.9738004207611084,6.966850280761719,1.0840166807174683,3.9871413707733154,4.935328006744385,12.944562911987305,3.5572280883789062,2.192870616912842
2018-11-29,1.0661334991455078,3.9553003311157227,4.030300617218018,6.980645179748535,1.1303423643112183,4.107964515686035,5.12941312789917,12.880638122558594,3.713916063308716,2.2996227741241455
2018-11-30,1.0853086709976196,4.078136444091797,4.049133777618408,7.2013773918151855,1.2220667600631714,4.188511848449707,5.09475564956665,12.944562911987305,3.768968343734741,2.308518886566162
2018-12-03,1.169679045677185,4.250105381011963,4.406963348388672,7.525577068328857,1.2859959602355957,4.180457592010498,5.406679630279541,13.072412490844727,3.980707883834839,2.49088716506958
2018-12-04,1.160091519355774,4.279585838317871,4.402256488800049,7.504884243011475,1.3137911558151245,4.09990930557251,5.302704811096191,13.4879150390625,4.0230560302734375,2.473095178604126
2018-12-05,1.1658440828323364,4.274672508239746,4.416380882263184,7.511782169342041,1.3063791990280151,4.067689895629883,5.372020721435547,13.807535171508789,3.980707883834839,2.4464070796966553
2018-12-06,1.1505039930343628,4.274672508239746,4.369297504425049,7.560068130493164,1.287848949432373,4.051580429077148,5.30963659286499,13.647727012634277,3.9849424362182617,2.393030881881714
2018-12-07,1.1543388366699219,4.2009711265563965,4.341048717498779,7.539374351501465,1.2693188190460205,4.035470962524414,5.254182815551758,13.519878387451172,3.9849424362182617,2.4019274711608887
2018-12-10,1.1217414140701294,4.1764044761657715,4.2657151222229,7.373824596405029,1.2415235042572021,4.083799839019775,5.240319728851318,13.433677673339844,3.866368532180786,2.3574471473693848
2018-12-11,1.160091519355774,4.083049774169922,4.171548843383789,7.366927623748779,1.2452293634414673,4.083799839019775,5.240319728851318,13.075881004333496,3.879072904586792,2.3752388954162598
2018-12-12,1.2061116695404053,4.2009711265563965,4.237465858459473,7.456600189208984,1.3341745138168335,4.164348125457764,5.30963659286499,13.758950233459473,3.8960120677948,2.415271043777466
2018-12-13,1.2291216850280762,4.21571159362793,4.152716159820557,7.49798583984375,1.3712348937988281,4.180457592010498,5.406679630279541,13.986639022827148,3.8367247581481934,2.393030881881714
2018-12-14,1.2137815952301025,4.173946857452393,4.143299579620361,7.546271324157715,1.3508515357971191,4.164348125457764,5.295772552490234,13.954113960266113,3.807081460952759,2.3841350078582764
2018-12-17,1.1946066617965698,4.151837348937988,4.124466419219971,7.408313274383545,1.2776572704315186,4.116018772125244,5.171003818511963,13.433677673339844,3.6334550380706787,2.3129665851593018
2018-12-18,1.1965241432189941,4.009348392486572,4.091507911682129,7.159989833831787,1.2433764934539795,4.091854572296143,5.254182815551758,13.986639022827148,3.5656979084014893,2.2773823738098145
2018-12-19,1.1946066617965698,4.004435062408447,3.9549672603607178,7.008236885070801,1.2368909120559692,3.99116849899292,5.171003818511963,13.954113960266113,3.5656979084014893,2.250694513320923
2018-12-20,1.1620088815689087,3.881599187850952,3.9267184734344482,6.897871017456055,1.2498619556427002,3.9468672275543213,5.0600972175598145,13.661368370056152,3.514880418777466,2.228454351425171
2018-12-21,1.2080291509628296,3.7833304405212402,3.860801935195923,6.79440450668335,1.2498619556427002,3.8824284076690674,5.073960781097412,13.205987930297852,3.413245439529419,2.2151105403900146
2018-12-27,1.2176165580749512,3.763676881790161,3.846677303314209,6.725424766540527,1.2192871570587158,3.9227025508880615,4.976916313171387,13.498733520507812,3.4301846027374268,2.1706302165985107
2018-12-28,1.2233691215515137,3.768590211868286,3.860801935195923,6.628854274749756,1.1803737878799438,3.9146482944488525,5.032370567321777,13.531259536743164,3.4598281383514404,2.2773823738098145
2018-12-31,1.215699315071106,3.7317402362823486,4.519963264465332,6.566773891448975,1.1989039182662964,4.027415752410889,5.115550518035889,13.661368370056152,3.4725325107574463,2.2595903873443604
2019-01-02,1.1984416246414185,3.768590211868286,4.143299579620361,6.6357526779174805,1.2211401462554932,3.9951956272125244,4.976916313171387,13.075881004333496,3.48100209236145,2.206214189529419
2019-01-03,1.1984416246414185,3.852119207382202,4.049133777618408,6.932361602783203,1.197050929069519,3.898538112640381,4.907600402832031,13.271044731140137,3.4555933475494385,2.2595903873443604
2019-01-04,1.169679045677185,3.9110794067382812,4.002050876617432,7.304845333099365,1.2026100158691406,3.9428393840789795,4.990780830383301,13.889060020446777,3.4598281383514404,2.264038562774658
2019-01-07,1.1888540983200073,3.940560817718506,4.002050876617432,7.277254104614258,1.2415235042572021,3.971031427383423,5.0600972175598145,13.856531143188477,3.48100209236145,2.2595903873443604
2019-01-08,1.2061116695404053,3.9553003311157227,4.016175270080566,7.277254104614258,1.2720983028411865,4.027415752410889,5.053164958953857,13.628841400146484,3.5275847911834717,2.3129665851593018
2019-01-09,1.2041940689086914,4.029001235961914,4.049133777618408,7.44970178604126,1.2785837650299072,4.059634685516357,5.067028999328613,13.856531143188477,3.5572280883789062,2.326310873031616
2019-01-10,1.1984416246414185,3.9307329654693604,4.1103410720825195,7.401415824890137,1.2600536346435547,4.059634685516357,4.990780830383301,13.791475296020508,3.514880418777466,2.3618948459625244
2019-01-11,1.1888540983200073,3.9159929752349854,4.016175270080566,7.44970178604126,1.2628331184387207,4.051580429077148,5.067028999328613,13.986639022827148,3.4301846027374268,2.388582944869995
2019-01-14,1.1658440828323364,3.891425609588623,3.9502596855163574,7.518680572509766,1.2507885694503784,4.09990930557251,5.032370567321777,13.986639022827148,3.3793671131134033,2.3574471473693848
2019-01-15,1.1505039930343628,3.9307329654693604,3.9549672603607178,7.4290080070495605,1.2322583198547363,4.083799839019775,4.990780830383301,13.661368370056152,3.3751320838928223,2.330758571624756
2019-01-16,1.169679045677185,3.906165599822998,3.9549672603607178,7.44970178604126,1.2192871570587158,4.035470962524414,5.087823390960693,13.824004173278809,3.3454885482788086,2.3663432598114014
2019-01-17,1.1505039930343628,4.0240888595581055,3.9078850746154785,7.442802429199219,1.199830412864685,4.07574462890625,5.136345386505127,13.824004173278809,3.3878366947174072,2.3129665851593018
2019-01-18,1.1562565565109253,4.102702617645264,3.8513851165771484,7.380722999572754,1.1831532716751099,4.236841678619385,5.115550518035889,13.758950233459473,3.226914405822754,2.2151105403900146
2019-01-21,1.1715965270996094,4.132183074951172,3.9549672603607178,7.380722999572754,1.259127140045166,4.148238182067871,5.177934646606445,13.824004173278809,3.3878366947174072,2.2417984008789062
2019-01-22,1.1984416246414185,4.1813178062438965,4.1103410720825195,7.594557285308838,1.2739512920379639,4.212676525115967,5.295772552490234,13.824004173278809,3.5318195819854736,2.348551034927368
2019-01-23,1.1831015348434448,4.1813178062438965,4.124466419219971,7.649740219116211,1.287848949432373,4.236841678619385,5.205661773681641,13.791475296020508,3.5402889251708984,2.348551034927368
2019-01-24,1.1888540983200073,4.2009711265563965,4.105633735656738,7.656637191772461,1.287848949432373,4.3012800216674805,5.2680463790893555,14.0191650390625,3.599576234817505,2.3663432598114014
2019-01-25,1.186936616897583,4.2009711265563965,4.143299579620361,7.615251064300537,1.2507885694503784,4.317389488220215,5.2680463790893555,14.051692962646484,3.6249852180480957,2.388582944869995
2019-01-28,1.202276587486267,4.2255377769470215,4.152716159820557,7.525577068328857,1.2415235042572021,4.349608898162842,5.2333879470825195,14.051692962646484,3.6503942012786865,2.428614854812622
2019-01-29,1.1792664527893066,4.3139801025390625,4.067966938018799,7.698024749755859,1.2507885694503784,4.341553688049316,5.247251510620117,14.279385566711426,3.6419246196746826,2.3574471473693848
2019-01-30,1.1715965270996094,4.2992401123046875,4.124466419219971,7.580760955810547,1.2211401462554932,4.285171031951904,5.295772552490234,14.246854782104492,3.6461586952209473,2.3663432598114014
2019-01-31,1.1715965270996094,4.188687324523926,4.067966938018799,7.553168773651123,1.2063161134719849,4.309334754943848,5.2680463790893555,14.149274826049805,3.70121169090271,2.3796868324279785
2019-02-01,1.1792664527893066,4.186230659484863,4.133882999420166,7.580760955810547,1.211875081062317,4.317389488220215,5.351225852966309,14.311909675598145,3.7435593605041504,2.3796868324279785
2019-02-04,1.1735140085220337,4.183775424957275,4.27984094619751,7.408313274383545,1.2174341678619385,4.341553688049316,5.372020721435547,14.507072448730469,3.70121169090271,2.3974788188934326
2019-02-05,1.2252867221832275,4.2009711265563965,4.3881306648254395,7.380722999572754,1.259127140045166,4.438211917877197,5.385883808135986,14.246854782104492,3.8113157749176025,2.570951461791992
2019-02-06,1.2252867221832275,4.2255377769470215,4.632962703704834,7.35313081741333,1.292481541633606,4.309334754943848,5.399747848510742,13.856531143188477,3.8536643981933594,2.55315899848938
2019-02-07,1.2272043228149414,4.205885887145996,4.585879325866699,7.2634596824646,1.220213770866394,4.333498954772949,5.337362766265869,13.726422309875488,3.760498523712158,2.513127565383911
2019-02-08,1.236791729927063,4.218168258666992,4.618837356567383,7.291049003601074,1.2183606624603271,4.3818278312683105,5.399747848510742,13.758950233459473,3.8113157749176025,2.597639799118042
2019-02-12,1.2348742485046387,4.321349620819092,4.628253936767578,7.208274841308594,1.2137280702590942,4.43015718460083,5.4759955406188965,13.856531143188477,3.9976470470428467,2.659911632537842
2019-02-13,1.2233691215515137,4.395051002502441,4.642378807067871,7.2013773918151855,1.2155810594558716,4.4462666511535645,5.406679630279541,13.889060020446777,3.9976470470428467,2.633223533630371
2019-02-14,1.2272043228149414,4.372941017150879,4.698878288269043,7.208274841308594,1.2322583198547363,4.454321384429932,5.4759955406188965,13.5963134765625,4.0230560302734375,2.6465675830841064
2019-02-15,1.2272043228149414,4.372941017150879,4.698878288269043,7.277254104614258,1.228552222251892,4.349608898162842,5.54531192779541,13.726422309875488,3.976473569869995,2.6688079833984375
2019-02-18,1.265554428100586,4.402421951293945,4.802460670471191,7.366927623748779,1.254494547843933,4.357663631439209,5.600764751434326,13.531259536743164,3.980707883834839,2.699944257736206
2019-02-19,1.2598018646240234,4.375396728515625,4.76479434967041,7.34623384475708,1.2507885694503784,4.414047718048096,5.628491401672363,13.336099624633789,3.866368532180786,2.637671947479248
2019-02-20,1.236791729927063,4.422074794769287,4.675336837768555,7.380722999572754,1.233184814453125,4.414047718048096,5.579969882965088,13.758950233459473,3.874838352203369,2.659911632537842
2019-02-21,1.2636367082595825,4.4712090492248535,4.821293830871582,7.339336395263672,1.240596890449524,4.414047718048096,5.54531192779541,13.889060020446777,3.870603561401367,2.677703619003296
2019-02-22,1.2080291509628296,4.461381912231445,4.868377208709717,7.442802429199219,1.2507885694503784,4.40599250793457,5.462132453918457,14.149274826049805,3.883307695388794,2.6465675830841064
2019-02-25,1.2080291509628296,4.412248611450195,4.736545562744141,7.622148036956787,1.2693188190460205,4.3818278312683105,5.455200672149658,13.921586036682129,3.8960120677948,2.6688079833984375
2019-02-26,1.2406268119812012,4.441728591918945,4.698878288269043,7.725615501403809,1.399030089378357,4.43015718460083,5.462132453918457,14.21432876586914,3.9595344066619873,2.6865999698638916
2019-02-27,1.2444617748260498,4.368027687072754,4.868377208709717,7.725615501403809,1.4453555345535278,4.454321384429932,5.455200672149658,14.084218978881836,3.9383599758148193,2.7266318798065186
2019-02-28,1.2578842639923096,4.422074794769287,4.877793788909912,7.691126823425293,1.456473708152771,4.51070499420166,5.406679630279541,13.921586036682129,4.0272908210754395,2.7310800552368164
2019-03-01,1.2693893909454346,4.544910907745361,4.830711364746094,7.553168773651123,1.4620327949523926,4.51070499420166,5.5938334465026855,14.084218978881836,4.141630172729492,2.7444241046905518
2019-03-04,1.3058218955993652,4.45646858215332,4.802460670471191,7.415211200714111,1.3981035947799683,4.534870147705078,5.5383806228637695,14.11674976348877,4.124691009521484,2.7444241046905518
2019-03-05,1.2674719095230103,4.422074794769287,4.793044567108154,7.380722999572754,1.3619697093963623,4.438211917877197,5.489858627319336,14.084218978881836,4.150099754333496,2.713287591934204
2019-03-06,1.2713068723678589,4.431901454925537,4.727128028869629,7.360028266906738,1.3897650241851807,4.43015718460083,5.5730390548706055,14.084218978881836,4.17974328994751,2.7444241046905518
2019-03-07,1.236791729927063,4.45646858215332,4.614129066467285,7.360028266906738,1.3712348937988281,4.40599250793457,5.482927322387695,14.279385566711426,4.16280460357666,2.6421196460723877
2019-03-08,1.2233691215515137,4.399964332580566,4.491713523864746,7.415211200714111,1.4249722957611084,4.317389488220215,5.372020721435547,14.181800842285156,4.209387302398682,2.6243274211883545
2019-03-12,1.2329567670822144,4.328721523284912,4.576463222503662,7.401415824890137,1.4166338443756104,4.341553688049316,5.392815589904785,14.084218978881836,4.1585693359375,2.659911632537842
2019-03-13,1.2559666633605957,4.2476487159729,4.651795864105225,7.408313274383545,1.5296680927276611,4.3818278312683105,5.365089416503906,14.181800842285156,4.277143478393555,2.6865999698638916
2019-03-14,1.2828118801116943,4.30169677734375,4.651795864105225,7.573861598968506,1.5611692667007446,4.40599250793457,5.469064235687256,14.051692962646484,4.260204315185547,2.757767677307129
2019-03-15,1.2617193460464478,4.365570545196533,4.600004196166992,7.573861598968506,1.5315210819244385,4.373773097991943,5.462132453918457,13.889060020446777,4.251734733581543,2.717736005783081
2019-03-18,1.2847294807434082,4.350830078125,4.665920257568359,7.6704325675964355,1.5380065441131592,4.4221014976501465,5.482927322387695,13.954113960266113,4.285613536834717,2.8066959381103516
2019-03-19,1.265554428100586,4.40487813949585,4.585879325866699,7.698024749755859,1.4861218929290771,4.397937774658203,5.406679630279541,13.726422309875488,4.260204315185547,2.7488720417022705
2019-03-20,1.2444617748260498,4.419618129730225,4.567046165466309,7.642841339111328,1.487048625946045,4.414047718048096,5.385883808135986,13.661368370056152,4.344900608062744,2.7666637897491455
2019-03-21,1.2636367082595825,4.461381912231445,4.6612114906311035,7.746309757232666,1.4740773439407349,4.397937774658203,5.455200672149658,13.661368370056152,4.319491386413574,2.864520311355591
2019-03-22,1.2406268119812012,4.40487813949585,4.755378246307373,7.780798435211182,1.4416495561599731,4.389882564544678,5.420542240142822,13.889060020446777,4.336430549621582,2.9178967475891113
2019-03-26,1.2272043228149414,4.431901454925537,4.717711925506592,7.973939418792725,1.466665267944336,4.43015718460083,5.4759955406188965,13.824004173278809,4.319491386413574,2.8556246757507324
2019-03-27,1.2348742485046387,4.402421951293945,4.736545562744141,8.015326499938965,1.453694224357605,4.373773097991943,5.510654449462891,13.628841400146484,4.336430549621582,2.8867604732513428
2019-03-28,1.221451759338379,4.42698860168457,4.689462661743164,8.167080879211426,1.4546207189559937,4.333498954772949,5.413609981536865,13.531259536743164,4.285613536834717,2.8556246757507324
2019-03-29,1.2272043228149414,4.539997100830078,4.736545562744141,8.263649940490723,1.4629592895507812,4.438211917877197,5.704740047454834,13.628841400146484,4.251734733581543,2.8689682483673096
2019-04-01,1.2674719095230103,4.5694780349731445,4.755378246307373,8.277445793151855,1.5065053701400757,4.470430850982666,5.6839447021484375,13.622337341308594,4.319491386413574,2.9890646934509277
2019-04-02,1.2885643243789673,4.579304218292236,5.000209331512451,8.277445793151855,1.519476294517517,4.55903434753418,5.552243232727051,13.531259536743164,4.319491386413574,3.042440891265869
2019-04-03,1.2559666633605957,4.520343780517578,4.924876689910889,8.401607513427734,1.5018727779388428,4.607363224029541,5.607697010040283,13.726422309875488,4.319491386413574,3.0602328777313232
2019-04-04,1.2674719095230103,4.512973308563232,5.037875175476074,8.360220909118652,1.500946283340454,4.607363224029541,5.677013397216797,13.70040225982666,4.260204315185547,3.0958170890808105
2019-04-05,1.254049301147461,4.520343780517578,5.12262487411499,8.401607513427734,1.5380065441131592,4.615418434143066,5.656217575073242,13.609326362609863,4.404187202453613,3.0958170890808105
2019-04-08,1.2617193460464478,4.5694780349731445,5.066126346588135,8.408504486083984,1.586185097694397,4.671802520751953,5.697807788848877,13.726422309875488,4.404187202453613,3.0780251026153564
2019-04-09,1.219534158706665,4.633352756500244,5.047292709350586,8.374015808105469,1.5583899021148682,4.736239910125732,5.67008113861084,13.674379348754883,4.361839771270752,3.0735769271850586
2019-04-10,1.1984416246414185,4.5989580154418945,5.0096259117126465,8.484380722045898,1.5741405487060547,4.736239910125732,5.739398002624512,13.778467178344727,4.361839771270752,3.0379927158355713
2019-04-11,1.221451759338379,4.603872299194336,5.084959030151367,8.64303207397461,1.6630853414535522,4.849008083343506,5.767124652862549,13.713412284851074,4.404187202453613,3.082473039627075
2019-04-12,1.2137815952301025,4.603872299194336,5.066126346588135,8.567156791687012,1.6779096126556396,4.8328986167907715,5.739398002624512,13.635347366333008,4.514292240142822,3.1002650260925293
2019-04-15,1.2444617748260498,4.603872299194336,4.990792751312256,8.553360939025879,1.6399227380752563,4.857062816619873,5.767124652862549,13.674379348754883,4.624396800994873,3.06912899017334
2019-04-16,1.2444617748260498,4.5940446853637695,5.000209331512451,8.61544132232666,1.674203634262085,4.897336959838867,5.8364410400390625,13.778467178344727,4.742970943450928,3.06912899017334
2019-04-17,1.265554428100586,4.5989580154418945,4.943709373474121,8.4498929977417,1.6621588468551636,4.889282703399658,5.926551818847656,13.84351921081543,4.742970943450928,3.042440891265869
2019-04-18,1.2521319389343262,4.5989580154418945,4.971960067749023,8.498176574707031,1.6630853414535522,4.9376115798950195,5.961209774017334,14.181800842285156,4.7853193283081055,3.0602328777313232
2019-04-23,1.2406268119812012,4.608785629272461,4.8966264724731445,8.442995071411133,1.4675918817520142,4.91344690322876,5.898825645446777,14.129758834838867,4.6836838722229,2.9579286575317383
2019-04-24,1.2329567670822144,4.608785629272461,4.887210369110107,8.4498929977417,1.2044628858566284,4.840953350067139,5.88496208190918,14.415996551513672,4.57357931137085,2.904552698135376
2019-04-25,1.2463792562484741,4.5940446853637695,4.76479434967041,8.484380722045898,1.2341113090515137,4.889282703399658,5.787919521331787,14.611159324645996,4.488883972167969,2.962376356124878
2019-04-30,1.2252867221832275,4.7168803215026855,4.840126991271973,8.539566040039062,1.1674026250839233,4.792623996734619,5.843372821807861,14.79331111907959,4.57357931137085,2.984616756439209
2019-05-02,1.2463792562484741,4.711966037750244,4.96254301071167,8.4498929977417,1.2044628858566284,4.8328986167907715,5.99586820602417,14.376964569091797,4.556640625,2.9979608058929443
2019-05-03,1.2348742485046387,4.640721797943115,4.924876689910889,8.277445793151855,1.2174341678619385,4.897336959838867,6.037458419799805,14.181800842285156,4.556640625,2.9935126304626465
2019-05-06,1.1984416246414185,4.557194709777832,4.6612114906311035,8.104998588562012,1.2415235042572021,4.792623996734619,5.89189338684082,13.94760799407959,4.429595947265625,2.8734166622161865
2019-05-07,1.2099467515945435,4.5350847244262695,4.7459611892700195,7.987735271453857,1.2971140146255493,4.849008083343506,5.97507381439209,13.661368370056152,4.480413913726807,2.7933523654937744
2019-05-08,1.169679045677185,4.4712090492248535,4.632962703704834,7.932551860809326,1.326762318611145,4.800678730010986,5.787919521331787,13.479215621948242,4.35336971282959,2.739976167678833
2019-05-09,1.160091519355774,4.368027687072754,4.538796424865723,7.808389663696289,1.2489354610443115,4.639582633972168,5.711671352386475,13.271044731140137,4.175508975982666,2.699944257736206
2019-05-10,1.1831015348434448,4.382768154144287,4.642378807067871,7.925655364990234,1.2044628858566284,4.720130920410156,5.649286270141602,13.245024681091309,4.175508975982666,2.735527753829956
2019-05-13,1.202276587486267,4.3238067626953125,4.515255451202393,7.82218599319458,1.2109487056732178,4.623473167419434,5.663149833679199,13.140935897827148,4.065403938293457,2.6732559204101562
2019-05-14,1.2291216850280762,4.240278720855713,4.557629585266113,7.904961109161377,1.1877857446670532,4.639582633972168,5.54531192779541,13.036850929260254,4.086577415466309,2.739976167678833
2019-05-15,1.2080291509628296,4.117443084716797,4.529379844665527,7.8290839195251465,1.1859327554702759,4.687911510467529,5.524516582489014,12.815666198730469,3.955299139022827,2.6243274211883545
2019-05-16,1.202276587486267,4.102702617645264,4.4728803634643555,7.81528902053833,1.1859327554702759,4.671802520751953,5.448268413543701,12.958782196044922,3.9849424362182617,2.615431547164917
2019-05-17,1.215699315071106,4.134640216827393,4.430505275726318,7.8290839195251465,1.1933448314666748,4.67985725402832,5.43440580368042,12.94577407836914,4.048465251922607,2.597639799118042
2019-05-20,1.2233691215515137,4.124812602996826,4.510546684265137,7.8428802490234375,1.2304052114486694,4.695966720581055,5.420542240142822,12.854697227478027,4.014586448669434,2.55315899848938
2019-05-21,1.2137815952301025,4.127270221710205,4.46346378326416,7.8980631828308105,1.2702453136444092,4.744295597076416,5.54531192779541,13.036850929260254,4.0230560302734375,2.5887436866760254
2019-05-22,1.2099467515945435,4.127270221710205,4.501130104064941,7.704923152923584,1.2192871570587158,4.712075710296631,5.531448841094971,12.57496452331543,4.039994716644287,2.6465675830841064
2019-05-23,1.1946066617965698,4.19605827331543,4.552921295166016,7.787698268890381,1.22299325466156,4.720130920410156,5.4759955406188965,12.685555458068848,4.065403938293457,2.610983371734619
2019-05-24,1.2080291509628296,4.2255377769470215,4.557629585266113,7.8980631828308105,1.3517781496047974,4.744295597076416,5.531448841094971,12.737600326538086,4.17974328994751,2.6465675830841064
2019-05-27,1.2847294807434082,4.4712090492248535,4.651795864105225,8.208467483520508,1.5018727779388428,4.961776256561279,5.760192394256592,12.815666198730469,4.319491386413574,3.0113048553466797
2019-05-28,1.265554428100586,4.510517120361328,4.924876689910889,8.036020278930664,1.513917326927185,5.21953010559082,5.88496208190918,13.101901054382324,4.319491386413574,2.9935126304626465
2019-05-29,1.2693893909454346,4.4957756996154785,4.821293830871582,8.34642505645752,1.479636549949646,5.090652942657471,5.89189338684082,13.960616111755371,4.268673896789551,2.9090006351470947
2019-05-30,1.2693893909454346,4.564564228057861,4.7459611892700195,8.456790924072266,1.6973663568496704,5.16314697265625,5.961209774017334,14.533093452453613,4.285613536834717,3.024648904800415
2019-05-31,1.265554428100586,4.606328010559082,4.736545562744141,8.4498929977417,1.8446815013885498,5.292023658752441,5.968142509460449,14.832343101501465,4.217856407165527,3.0335452556610107
2019-06-03,1.336502194404602,4.684942722320557,4.802460670471191,8.594747543334961,2.062411308288574,5.37257194519043,6.065003871917725,14.936429977416992,4.302552700042725,3.0068564414978027
2019-06-04,1.3844397068023682,4.5694780349731445,4.755378246307373,8.567156791687012,2.019791841506958,5.34840726852417,6.0351996421813965,14.63718032836914,4.277143478393555,2.9979608058929443
2019-06-05,1.374852180480957,4.5694780349731445,4.774211406707764,8.539566040039062,2.0086734294891357,5.340353012084961,5.983044147491455,14.507072448730469,4.234796047210693,2.9935126304626465
2019-06-06,1.3326671123504639,4.648092746734619,4.755378246307373,8.367116928100586,1.8446815013885498,5.171201705932617,5.983044147491455,14.663203239440918,4.277143478393555,2.9356887340545654
2019-06-07,1.3786872625350952,4.677572250366211,4.689462661743164,8.360220909118652,1.8085474967956543,5.227585315704346,6.027749538421631,14.507072448730469,4.2940826416015625,2.984616756439209
2019-06-10,1.4016972780227661,4.85936975479126,4.887210369110107,8.580953598022461,1.9994086027145386,5.445065498352051,6.146963119506836,14.689223289489746,4.488883972167969,3.1402971744537354
2019-06-11,1.3997797966003418,4.888850212097168,4.830711364746094,8.60854434967041,1.9586422443389893,5.445065498352051,6.102258205413818,14.741266250610352,4.565109729766846,3.1981213092803955
2019-06-12,1.409367322921753,4.81514835357666,4.840126991271973,8.525768280029297,1.9456709623336792,5.477285385131836,6.0501017570495605,14.494061470031738,4.565109729766846,3.3538014888763428
2019-06-13,1.4304598569869995,4.891306400299072,4.877793788909912,8.698216438293457,1.9790252447128296,5.581997871398926,6.079905033111572,14.819334030151367,4.548170566558838,3.433866024017334
2019-06-14,1.424707293510437,4.834802150726318,4.821293830871582,8.656829833984375,1.9734662771224976,5.598107814788818,6.094807147979736,14.63718032836914,4.404187202453613,3.513930320739746
2019-06-18,1.424707293510437,4.898675918579102,4.887210369110107,8.753399848937988,1.9734662771224976,5.6383819580078125,6.027749538421631,15.183632850646973,4.387247562408447,3.496138334274292
2019-06-19,1.3959448337554932,4.812690734863281,4.802460670471191,8.69131851196289,1.9364056587219238,5.5256147384643555,6.0351996421813965,15.027503967285156,4.319491386413574,3.553961992263794
2019-06-20,1.3978623151779175,4.800409317016602,4.783627510070801,8.622340202331543,1.6010093688964844,5.5336689949035645,6.057552814483643,15.027503967285156,4.302552700042725,3.553961992263794
2019-06-21,1.409367322921753,4.910959243774414,5.000209331512451,8.394709587097168,1.6491878032684326,5.6383819580078125,6.169315814971924,14.91041088104248,4.387247562408447,3.6473705768585205
2019-06-24,1.420872449874878,5.031339645385742,5.066126346588135,8.553360939025879,1.7881643772125244,5.718930244445801,6.07245397567749,15.287720680236816,4.361839771270752,3.736330509185791
2019-06-25,1.4381300210952759,4.952723979949951,5.103792190551758,8.622340202331543,1.737206220626831,5.710875034332275,6.0351996421813965,15.261700630187988,4.209387302398682,3.6251301765441895
2019-06-26,1.4573049545288086,4.968398094177246,5.197957515716553,8.69131851196289,1.749250888824463,5.839752674102783,6.18421745300293,15.756638526916504,4.234796047210693,3.7496747970581055
2019-06-27,1.50332510471344,5.1199049949646,5.216790676116943,8.870662689208984,1.6890276670455933,5.9766845703125,6.07245397567749,15.51255989074707,4.319491386413574,3.905355215072632
2019-06-28,1.4764800071716309,5.146027088165283,5.282707214355469,8.967232704162598,1.7511038780212402,6.127147197723389,6.07245397567749,15.25492000579834,4.370308876037598,3.82084321975708
2019-07-01,1.4956549406051636,5.1199049949646,5.348623275756836,8.891357421875,1.8474608659744263,6.160583019256592,6.087356090545654,15.72951889038086,4.471944808959961,3.843083143234253
2019-07-02,1.4822325706481934,5.146027088165283,5.367456436157227,8.939640998840332,1.8808152675628662,6.143864154815674,6.087356090545654,15.797318458557129,4.57357931137085,3.9142518043518066
2019-07-03,1.50332510471344,5.224392414093018,5.358039379119873,8.946537971496582,2.164327383041382,6.352839946746826,6.2140212059021,16.27191925048828,4.734500885009766,3.9142518043518066
2019-07-04,1.491820216178894,5.172147750854492,5.40512228012085,9.185404777526855,2.305156946182251,6.352839946746826,6.228922367095947,16.25835609436035,4.776849746704102,3.8341875076293945
2019-07-05,1.4783976078033447,5.250514507293701,5.358039379119873,9.056636810302734,2.288479804992676,6.285967826843262,6.251274585723877,16.25835609436035,4.844606399536133,3.843083143234253
2019-07-08,1.4381300210952759,5.250514507293701,5.461622714996338,9.063791275024414,2.2143590450286865,6.277609348297119,6.161864757537842,16.095638275146484,4.912363052368164,3.771914482116699
2019-07-09,1.3767696619033813,5.038926124572754,5.2450408935546875,8.827717781066895,2.060558319091797,6.051915168762207,6.0351996421813965,15.363398551940918,4.658275127410889,3.6429226398468018
2019-07-10,1.3940271139144897,5.083333492279053,5.48045539855957,8.913562774658203,2.1884167194366455,6.185659408569336,6.057552814483643,15.987159729003906,4.6921539306640625,3.740778923034668
2019-07-11,1.3882747888565063,4.994519233703613,5.83828592300415,8.949331283569336,2.1680333614349365,6.285967826843262,6.139512538909912,15.905797004699707,4.742970943450928,3.7051949501037598
2019-07-12,1.3806047439575195,5.065047740936279,5.885368824005127,8.942177772521973,2.0883536338806152,6.352839946746826,6.146963119506836,15.932915687561035,4.759910583496094,3.6874029636383057
2019-07-15,1.3518421649932861,5.078110218048096,5.687620162963867,8.942177772521973,2.0383222103118896,6.336121559143066,6.07245397567749,15.72951889038086,4.700623035430908,3.638474702835083
2019-07-16,1.4381300210952759,5.062436103820801,5.631120681762695,8.942177772521973,1.9271408319473267,6.37791633605957,6.087356090545654,15.458317756652832,4.810728073120117,3.7051949501037598
2019-07-17,1.4266248941421509,5.182597637176514,5.791203022003174,8.913562774658203,2.0160858631134033,6.352839946746826,6.079905033111572,15.783760070800781,4.742970943450928,3.8163952827453613
2019-07-18,1.4189547300338745,5.143414497375488,5.744120121002197,8.935023307800293,2.0846474170684814,6.344480991363525,6.079905033111572,15.471878051757812,4.6836838722229,3.794154644012451
2019-07-19,1.4285424947738647,5.187821865081787,5.649953842163086,8.87063980102539,2.056852340698242,6.352839946746826,6.0426506996154785,15.119321823120117,4.658275127410889,3.7051949501037598
2019-07-22,1.4668926000595093,5.198270797729492,5.753536224365234,8.899823188781738,2.195828676223755,6.461506366729736,6.0351996421813965,15.065080642700195,4.658275127410889,3.682954788208008
2019-07-23,1.4783976078033447,5.2217793464660645,5.857119083404541,8.84231185913086,2.538637638092041,6.461506366729736,6.15441370010376,15.092199325561523,4.57357931137085,3.7140913009643555
2019-07-24,1.532087802886963,5.198270797729492,6.158450126647949,8.942956924438477,2.6127583980560303,6.486584186553955,6.169315814971924,15.092199325561523,4.57357931137085,3.758570671081543
2019-07-25,1.4956549406051636,5.26618766784668,6.1961164474487305,8.92138957977295,2.5571675300598145,6.595250606536865,6.146963119506836,15.363398551940918,4.861545085906982,3.780811071395874
2019-07-26,1.468809962272644,5.386348724365234,6.233782768249512,8.942956924438477,2.559020519256592,6.678840637207031,6.079905033111572,15.15999984741211,4.793788433074951,3.798603057861328
2019-07-29,1.4822325706481934,5.313207149505615,6.1961164474487305,8.942956924438477,2.5201072692871094,6.745712757110596,6.079905033111572,15.404078483581543,4.793788433074951,3.780811071395874
2019-07-30,1.4419649839401245,5.287086009979248,6.101950168609619,8.84231185913086,2.455251932144165,6.728994846343994,6.0501017570495605,15.051521301269531,4.844606399536133,3.745227098464966
2019-07-31,1.4496349096298218,5.318431854248047,6.0454511642456055,8.942956924438477,2.6127583980560303,6.912893295288086,6.087356090545654,15.187118530273438,4.878485202789307,3.736330509185791
2019-08-01,1.4496349096298218,5.250514507293701,6.073700904846191,8.849501609802246,2.6034929752349854,6.954686641693115,6.102258205413818,15.078640937805176,4.819197654724121,3.7318828105926514
2019-08-02,1.409367322921753,5.224392414093018,6.026618003845215,8.806367874145508,2.501577138900757,6.963046550750732,6.094807147979736,15.593918800354004,4.666744709014893,3.61623477935791
2019-08-05,1.3537596464157104,5.177372932434082,5.93245267868042,8.827934265136719,2.4107792377471924,6.603610038757324,6.012847423553467,14.983721733093262,4.632866859436035,3.451658248901367
2019-08-06,1.3537596464157104,5.099007606506348,5.866535663604736,8.84231185913086,2.4367213249206543,6.64540433883667,6.0501017570495605,14.793882369995117,4.641335964202881,3.3982818126678467
2019-08-07,1.315409541130066,5.070272445678711,5.828869342803955,8.79198932647705,2.3440704345703125,6.5785322189331055,6.012847423553467,14.780322074890137,4.57357931137085,3.309321880340576
2019-08-08,1.3403371572494507,5.067660808563232,5.875951766967773,8.878256797790527,2.342217445373535,6.687199592590332,6.005396842956543,14.780322074890137,4.649806022644043,3.41607403755188
2019-08-09,1.3403371572494507,5.1303534507751465,5.857119083404541,8.763235092163086,2.331099033355713,6.5785322189331055,5.975593090057373,14.780322074890137,4.57357931137085,3.3671457767486572
2019-08-12,1.2981518507003784,5.101619243621826,5.800619602203369,8.770424842834473,2.3755714893341064,6.687199592590332,5.975593090057373,14.56336498260498,4.522762298583984,3.2781856060028076
2019-08-13,1.292399525642395,5.067660808563232,5.725286960601807,8.641024589538574,2.3348052501678467,6.570174217224121,5.774419784545898,14.3870849609375,4.446534633636475,3.2648415565490723
2019-08-14,1.2904819250106812,4.98929500579834,5.649953842163086,8.554758071899414,2.269949436187744,6.436429977416992,5.6030497550964355,14.143006324768066,4.463474750518799,3.2648415565490723
2019-08-16,1.2770594358444214,4.863909721374512,5.602871417999268,8.554758071899414,2.244007110595703,6.503301620483398,5.737165451049805,13.831128120422363,4.234796047210693,3.1803290843963623
2019-08-19,1.3288321495056152,5.023252010345459,5.894785404205322,8.641024589538574,2.351482629776001,6.720635890960693,6.0426506996154785,14.37352180480957,4.488883972167969,3.4827942848205566
2019-08-20,1.319244623184204,4.99713134765625,5.923035144805908,8.691346168518066,2.39966082572937,6.737353324890137,6.0351996421813965,14.712525367736816,4.531231880187988,3.491690158843994
2019-08-21,1.3269145488739014,4.968398094177246,5.83828592300415,8.626646995544434,2.44598650932312,6.545096397399902,5.968142032623291,14.40064525604248,4.480413913726807,3.513930320739746
2019-08-22,1.3326671123504639,4.937051296234131,5.83828592300415,8.626646995544434,2.5719919204711914,6.5785322189331055,6.087356090545654,14.414204597473145,4.57357931137085,3.540618419647217
2019-08-23,1.309657096862793,4.895256519317627,5.81945276260376,8.626646995544434,2.4645166397094727,6.561814308166504,5.960691928863525,14.305726051330566,4.488883972167969,3.4694502353668213
2019-08-26,1.292399525642395,4.832563400268555,5.744120121002197,8.576325416564941,2.457104444503784,6.453147888183594,5.886183261871338,14.37352180480957,4.421126365661621,3.433866024017334
2019-08-27,1.3039045333862305,4.806441307067871,5.715870380401611,8.590702056884766,2.451545476913452,6.402993679046631,5.960691928863525,14.739640235900879,4.421126365661621,3.4694502353668213
2019-08-28,1.3269145488739014,4.858685493469238,5.744120121002197,8.626646995544434,2.5664327144622803,6.386275768280029,5.863830089569092,14.631163597106934,4.438065528869629,3.496138334274292
2019-08-29,1.3614296913146973,4.994519233703613,5.904202461242676,8.712911605834961,2.5942280292510986,6.444788455963135,5.83402681350708,14.64472484588623,4.429595947265625,3.593994379043579
2019-08-30,1.374852180480957,5.010191917419434,5.97953462600708,8.727291107177734,2.5664327144622803,6.520020008087158,5.848928928375244,15.078640937805176,4.5820488929748535,3.576202392578125
2019-09-02,1.3460897207260132,5.015417098999023,5.913619041442871,8.655401229858398,2.8573570251464844,6.39463472366333,5.81167459487915,14.902359962463379,4.57357931137085,3.580650568008423
2019-09-03,1.3326671123504639,4.905704975128174,5.885368824005127,8.561945915222168,2.814737319946289,6.2943267822265625,5.714812755584717,14.821002960205078,4.607457637786865,3.718538761138916
2019-09-04,1.3326671123504639,4.9422760009765625,5.828869342803955,8.626646995544434,2.798060178756714,6.386275768280029,5.871281147003174,14.305726051330566,4.522762298583984,3.6740589141845703
2019-09-05,1.3710172176361084,5.1199049949646,5.941868305206299,8.942956924438477,2.835120677947998,6.520020008087158,5.886183261871338,14.45488452911377,4.514292240142822,3.700746774673462
2019-09-06,1.3403371572494507,5.151250839233398,5.904202461242676,8.863880157470703,2.835120677947998,6.536737442016602,5.848928928375244,14.170125007629395,4.488883972167969,3.6918511390686035
2019-09-09,1.313491940498352,5.159088134765625,5.875951766967773,8.820746421813965,2.6868789196014404,6.511660575866699,5.781870365142822,14.278605461120605,4.421126365661621,3.61623477935791
2019-09-10,1.2962344884872437,5.1199049949646,5.866535663604736,8.806367874145508,2.575697898864746,6.39463472366333,5.781870365142822,14.183686256408691,4.387247562408447,3.5228261947631836
2019-09-11,1.3230794668197632,5.088558673858643,5.866535663604736,8.878256797790527,2.622023105621338,6.352839946746826,5.91598653793335,14.075204849243164,4.565109729766846,3.580650568008423
2019-09-12,1.3173269033432007,5.059824466705322,5.885368824005127,8.84231185913086,2.5831100940704346,6.352839946746826,5.729714393615723,13.66840934753418,4.471944808959961,3.478346109390259
2019-09-13,1.3518421649932861,5.109455585479736,5.951285362243652,8.885445594787598,2.5738449096679688,6.520020008087158,5.92343807220459,13.831128120422363,4.497353553771973,3.4650020599365234
2019-09-16,1.3326671123504639,5.198270797729492,6.12078332901001,9.043601036071777,2.5942280292510986,6.561814308166504,5.945789813995361,14.590484619140625,4.632866859436035,3.478346109390259
2019-09-17,1.3326671123504639,5.172147750854492,6.092534065246582,9.115490913391113,2.5719919204711914,6.570174217224121,5.856378555297852,14.590484619140625,4.514292240142822,3.5050344467163086
2019-09-18,1.342254638671875,5.172147750854492,6.12078332901001,9.18018913269043,2.705409288406372,6.7540717124938965,6.0501017570495605,14.807443618774414,4.539700984954834,3.540618419647217
2019-09-19,1.3460897207260132,5.122517108917236,6.12078332901001,9.165811538696289,2.6813199520111084,6.712276458740234,6.057552814483643,14.739640235900879,4.5820488929748535,3.491690158843994
2019-09-20,1.3269145488739014,5.093782424926758,6.130200386047363,9.237701416015625,2.6924378871917725,6.8376617431640625,6.109708309173584,14.821002960205078,4.514292240142822,3.496138334274292
2019-09-23,1.313491940498352,5.015417098999023,6.101950168609619,9.151433944702148,2.6961443424224854,6.762430667877197,6.109708309173584,14.224366188049316,4.429595947265625,3.4249701499938965
2019-09-24,1.3288321495056152,5.004968643188477,6.1678667068481445,9.208945274353027,2.6961443424224854,6.82930326461792,5.960691928863525,14.183686256408691,4.565109729766846,3.4872422218322754
2019-09-25,1.2943170070648193,5.018028736114502,6.12078332901001,9.129866600036621,2.8388266563415527,6.762430667877197,5.968142032623291,14.292163848876953,4.514292240142822,3.4249701499938965
2019-09-26,1.3039045333862305,5.036314010620117,6.12078332901001,9.20175552368164,2.898123264312744,6.520020008087158,5.990495204925537,14.170125007629395,4.488883972167969,3.456105947494507
2019-09-27,1.3115745782852173,4.963172435760498,6.243199348449707,9.208945274353027,2.985215187072754,6.520020008087158,6.020298480987549,14.427763938903809,4.590518951416016,3.273737668991089
2019-09-30,1.2962344884872437,4.929214954376221,6.271449089050293,9.0867338180542,2.9092414379119873,6.670482635498047,6.0351996421813965,14.522684097290039,4.666744709014893,3.291529417037964
2019-10-01,1.2962344884872437,4.8508477210998535,6.262032985687256,9.165811538696289,2.9166533946990967,6.545096397399902,6.102258205413818,14.224366188049316,4.700623035430908,3.2114651203155518
2019-10-02,1.2329567670822144,4.832563400268555,6.1961164474487305,9.165811538696289,2.746175527572632,6.486584186553955,5.960691928863525,13.722648620605469,4.488883972167969,3.0958170890808105
2019-10-03,1.2118642330169678,4.806441307067871,6.101950168609619,9.129866600036621,2.6516716480255127,6.402993679046631,5.968142032623291,13.6548490524292,4.421126365661621,3.024648904800415
2019-10-04,1.2329567670822144,4.835174560546875,6.073700904846191,9.165811538696289,2.6776139736175537,6.277609348297119,5.826575756072998,13.817566871643066,4.446534633636475,3.082473039627075
2019-10-07,1.2406268119812012,4.968398094177246,6.073700904846191,9.165811538696289,2.7350575923919678,6.269249439239502,5.848928928375244,14.305726051330566,4.446534633636475,3.1402971744537354
2019-10-08,1.2176165580749512,4.9161529541015625,6.054867744445801,9.2880220413208,2.6349945068359375,6.319403648376465,5.893633842468262,14.441325187683105,4.446534633636475,3.042440891265869
2019-10-09,1.2176165580749512,4.884807109832764,6.12078332901001,9.34553337097168,2.705409288406372,6.39463472366333,5.92343807220459,14.23792552947998,4.446534633636475,3.1758813858032227
2019-10-10,1.2598018646240234,4.892642974853516,6.1113667488098145,9.34553337097168,2.7239394187927246,6.386275768280029,5.893633842468262,14.143006324768066,4.336430549621582,3.1981213092803955
2019-10-11,1.309657096862793,4.98929500579834,6.252615451812744,9.34553337097168,2.870328187942505,6.461506366729736,5.953240871429443,14.305726051330566,4.455005168914795,3.2648415565490723
2019-10-14,1.2866469621658325,4.963172435760498,6.262032985687256,9.374289512634277,2.798060178756714,6.520020008087158,5.945789813995361,14.332843780517578,4.429595947265625,3.2559456825256348
2019-10-15,1.2789769172668457,4.984070301055908,6.214949607849121,9.546821594238281,2.8443853855133057,6.503301620483398,5.91598653793335,14.265047073364258,4.505822658538818,3.269289493560791
2019-10-16,1.292399525642395,5.085945129394531,6.224365711212158,9.647466659545898,2.772118091583252,6.453147888183594,5.81167459487915,14.102327346801758,4.488883972167969,3.2114651203155518
2019-10-17,1.2943170070648193,5.172147750854492,6.214949607849121,9.704976081848145,2.772118091583252,6.461506366729736,5.886183261871338,14.23792552947998,4.505822658538818,3.309321880340576
2019-10-18,1.2962344884872437,5.161700248718262,6.262032985687256,9.726543426513672,2.8073253631591797,6.561814308166504,5.908535480499268,14.305726051330566,4.57357931137085,3.291529417037964
2019-10-21,1.2943170070648193,5.172147750854492,6.262032985687256,9.812809944152832,2.8277084827423096,6.436429977416992,5.975593090057373,14.468446731567383,4.57357931137085,3.291529417037964
2019-10-22,1.3058218955993652,5.088558673858643,6.309115409851074,9.704976081848145,2.872180938720703,6.670482635498047,6.0501017570495605,14.712525367736816,4.5820488929748535,3.3671457767486572
2019-10-23,1.3039045333862305,5.0441508293151855,6.356198310852051,9.76967716217041,2.8332676887512207,6.670482635498047,6.0351996421813965,14.780322074890137,4.531231880187988,3.313769578933716
2019-10-24,1.2981518507003784,5.099007606506348,6.375031471252441,9.76967716217041,2.8258554935455322,6.62868595123291,6.065003871917725,14.875244140625,4.649806022644043,3.3048737049102783
2019-10-25,1.3058218955993652,5.093782424926758,6.47861385345459,9.690600395202637,2.820296287536621,6.653763771057129,6.065003871917725,14.739640235900879,4.556640625,3.287081718444824
2019-10-29,1.265554428100586,5.093782424926758,6.488030433654785,9.77686595916748,2.849944591522217,6.553455829620361,6.065003871917725,14.915922164916992,4.505822658538818,3.273737668991089
2019-10-30,1.2828118801116943,5.1199049949646,6.440947532653809,9.77686595916748,2.835120677947998,6.662121772766113,6.079905033111572,14.983721733093262,4.5820488929748535,3.2381534576416016
2019-10-31,1.275141954421997,5.093782424926758,6.422114849090576,9.77686595916748,2.9370369911193848,6.64540433883667,6.109708309173584,15.010841369628906,4.57357931137085,3.2826335430145264
2019-11-01,1.3000693321228027,5.187821865081787,6.4032816886901855,9.76248836517334,2.9407427310943604,6.595250606536865,6.005396842956543,14.83456039428711,4.57357931137085,3.2603931427001953
2019-11-04,1.307739496231079,5.015417098999023,6.431530952453613,9.848755836486816,2.9203593730926514,6.595250606536865,6.065003871917725,14.970162391662598,4.649806022644043,3.2559456825256348
2019-11-05,1.2693893909454346,4.98929500579834,6.4032816886901855,9.805621147155762,2.8277084827423096,6.486584186553955,6.0351996421813965,15.15999984741211,4.632866859436035,3.189225435256958
2019-11-06,1.275141954421997,4.98929500579834,6.327948570251465,9.740921020507812,2.8425326347351074,6.461506366729736,5.968142032623291,14.915922164916992,4.649806022644043,3.166985273361206
2019-11-07,1.2770594358444214,5.059824466705322,6.3185319900512695,9.68341064453125,2.875887155532837,6.419712066650391,6.07245397567749,14.875244140625,4.658275127410889,3.2114651203155518
2019-11-08,1.2559666633605957,5.067660808563232,6.346781253814697,9.633088111877441,2.8443853855133057,6.419712066650391,6.07245397567749,14.807443618774414,4.675213813781738,3.1758813858032227
2019-11-11,1.2521319389343262,5.051988124847412,6.233782768249512,9.661844253540039,2.8388266563415527,6.252532005310059,5.983044147491455,14.5498046875,4.5820488929748535,3.15364146232605
2019-11-12,1.2598018646240234,5.067660808563232,6.356198310852051,9.66903305053711,2.8832991123199463,6.319403648376465,5.990495204925537,14.509124755859375,4.514292240142822,3.1758813858032227
2019-11-13,1.2598018646240234,4.99713134765625,6.346781253814697,9.661844253540039,2.8851523399353027,6.311044692993164,5.938338756561279,14.671843528747559,4.624396800994873,3.1758813858032227
2019-11-14,1.2962344884872437,5.031090259552002,6.4032816886901855,9.66903305053711,2.9407427310943604,6.336121559143066,5.945789813995361,14.685404777526855,4.649806022644043,3.291529417037964
2019-11-15,1.3000693321228027,5.054599761962891,6.393864631652832,9.61152172088623,2.9518611431121826,6.260890483856201,5.997945308685303,14.780322074890137,4.624396800994873,3.3493540287017822
2019-11-18,1.3019870519638062,5.112067222595215,6.459780693054199,9.61152172088623,2.9110941886901855,6.227454662322998,6.0501017570495605,14.698963165283203,4.700623035430908,3.3538014888763428
2019-11-19,1.3039045333862305,5.127740859985352,6.488030433654785,9.704976081848145,2.955566883087158,6.185659408569336,6.109708309173584,14.807443618774414,4.675213813781738,3.313769578933716
2019-11-20,1.2904819250106812,5.172147750854492,6.4974470138549805,10.006909370422363,2.918506622314453,6.168941497802734,6.109708309173584,14.766765594482422,4.548170566558838,3.291529417037964
2019-11-21,1.275141954421997,5.146027088165283,6.53511381149292,9.920642852783203,2.875887155532837,6.135505676269531,6.109708309173584,14.56336498260498,4.607457637786865,3.2470498085021973
2019-11-22,1.265554428100586,5.224392414093018,6.53511381149292,9.978155136108398,2.892564296722412,6.2441725730896,6.169315814971924,14.671843528747559,4.641335964202881,3.291529417037964
2019-11-25,1.2636367082595825,5.26618766784668,6.610446453094482,10.028475761413574,2.8888580799102783,6.311044692993164,6.161864757537842,14.61760139465332,4.57357931137085,3.3449058532714844
2019-11-26,1.2674719095230103,5.313207149505615,6.648112773895264,9.85594367980957,2.896270275115967,6.302685737609863,6.094807147979736,14.726082801818848,4.531231880187988,3.3182179927825928
2019-11-27,1.2636367082595825,5.433367729187012,6.657529354095459,9.899075508117676,2.918506622314453,6.285967826843262,6.094807147979736,14.468446731567383,4.531231880187988,3.269289493560791
2019-11-28,1.2502143383026123,5.725933074951172,6.666945934295654,9.870320320129395,2.9666850566864014,6.269249439239502,6.18421745300293,14.53624439239502,4.57357931137085,3.2337052822113037
2019-11-29,1.2636367082595825,5.830421447753906,6.69519567489624,9.805621147155762,2.996333599090576,6.227454662322998,6.221471786499023,14.40064525604248,4.57357931137085,3.3449058532714844
2019-12-02,1.2636367082595825,5.783401966094971,6.666945934295654,9.748109817504883,3.0482177734375,6.219095706939697,6.251274585723877,14.305726051330566,4.565109729766846,3.3226654529571533
2019-12-03,1.2463792562484741,5.694586753845215,6.525697231292725,9.712164878845215,3.0204226970672607,6.219095706939697,6.065003871917725,13.980287551879883,4.488883972167969,3.2114651203155518
2019-12-04,1.2348742485046387,5.746832370758057,6.53511381149292,9.740921020507812,3.085278272628784,6.177300453186035,6.251274585723877,14.170125007629395,4.590518951416016,3.2337052822113037
2019-12-05,1.2252867221832275,5.7572808265686035,6.450364112854004,9.68341064453125,3.053776979446411,6.127147197723389,6.221471786499023,13.844687461853027,4.6836838722229,3.1625373363494873
2019-12-06,1.2272043228149414,5.746832370758057,6.4974470138549805,9.546821594238281,3.037099838256836,6.068633556365967,6.228922367095947,13.790449142456055,4.6836838722229,3.171433210372925
2019-12-09,1.2176165580749512,5.710261344909668,6.252615451812744,9.568388938903809,3.005598306655884,6.118788242340088,6.176766872406006,13.831128120422363,4.57357931137085,3.086920976638794
2019-12-10,1.2176165580749512,5.772953987121582,6.252615451812744,9.43898868560791,3.053776979446411,6.010120868682861,6.13206148147583,13.808688163757324,4.488883972167969,3.1002650260925293
2019-12-11,1.236791729927063,5.997602462768555,6.393864631652832,9.589954376220703,3.2335197925567627,6.10206937789917,6.146963119506836,14.305800437927246,4.531231880187988,3.1981213092803955
2019-12-12,1.236791729927063,6.128213405609131,6.384448528289795,9.496500015258789,3.530003070831299,6.051915168762207,6.079905033111572,14.153908729553223,4.556640625,3.2159135341644287
2019-12-13,1.2617193460464478,6.248373985290527,6.4974470138549805,9.34553337097168,3.6319193840026855,6.0937113761901855,6.0426506996154785,14.071052551269531,4.666744709014893,3.1936733722686768
2019-12-16,1.2329567670822144,6.034173011779785,6.47861385345459,9.2880220413208,3.604124069213867,6.060275077819824,6.0351996421813965,14.002010345458984,4.565109729766846,3.1314010620117188
2019-12-17,1.236791729927063,6.311066150665283,6.591613292694092,9.546821594238281,3.8190746307373047,6.269249439239502,6.206570148468018,14.222949028015137,4.658275127410889,3.18477725982666
2019-12-18,1.2502143383026123,6.258822441101074,6.676362991333008,9.848755836486816,3.7708961963653564,6.352839946746826,6.2140212059021,14.057247161865234,4.802258014678955,3.224809408187866
2019-12-19,1.275141954421997,6.190906047821045,6.75169563293457,9.877509117126465,3.843163251876831,6.352839946746826,6.1916680335998535,14.071052551269531,4.844606399536133,3.229257345199585
2019-12-20,1.242544174194336,5.914012432098389,6.516280651092529,9.899075508117676,3.7986910343170166,6.252532005310059,6.079905033111572,13.974392890930176,4.937772274017334,3.224809408187866
2019-12-23,1.2674719095230103,6.128213405609131,6.798778057098389,10.24414348602295,3.8394572734832764,6.327763080596924,6.258726119995117,14.291993141174316,4.895423889160156,3.2559456825256348
2019-12-27,1.2962344884872437,6.086416244506836,7.005943775177002,10.387920379638672,3.9284019470214844,6.352839946746826,6.258726119995117,14.319608688354492,4.954710960388184,3.3004255294799805
2019-12-30,1.3019870519638062,6.128213405609131,7.137775421142578,10.24414348602295,3.857987642288208,6.277609348297119,6.251274585723877,14.457696914672852,4.827667236328125,3.2826335430145264
2019-12-31,1.3019870519638062,6.055070400238037,7.128359317779541,10.25133228302002,3.826486349105835,6.311044692993164,6.258726119995117,14.2367582321167,4.903893947601318,3.2114651203155518
2020-01-02,1.3710172176361084,6.164783000946045,7.3826069831848145,10.280085563659668,4.030318737030029,6.344480991363525,6.318333148956299,14.664828300476074,4.997059345245361,3.3360095024108887
2020-01-03,1.342254638671875,6.0759687423706055,7.279024124145508,10.136308670043945,4.008082866668701,6.285967826843262,6.139512538909912,14.402463912963867,4.827667236328125,3.2470498085021973
2020-01-07,1.3211621046066284,6.1856794357299805,7.2696075439453125,10.157876014709473,3.993257999420166,6.235814571380615,6.1916680335998535,14.264376640319824,4.878485202789307,3.269289493560791
2020-01-08,1.3403371572494507,6.143885612487793,7.297857284545898,10.050043106079102,3.9432265758514404,6.152223110198975,6.243824481964111,14.195333480834961,4.94624137878418,3.2381534576416016
2020-01-09,1.3441720008850098,6.399881839752197,7.4202728271484375,10.02128791809082,4.039583683013916,6.185659408569336,6.310882568359375,14.250565528869629,4.997059345245361,3.3271141052246094
2020-01-10,1.3269145488739014,6.436450481414795,7.326107025146484,9.913454055786133,3.9765806198120117,6.060275077819824,6.407742977142334,14.222949028015137,4.980119705200195,3.273737668991089
2020-01-13,1.3441720008850098,6.300617218017578,7.288440704345703,9.92783260345459,3.9117255210876465,6.035196781158447,6.407742977142334,14.333417892456055,4.886954307556152,3.2559456825256348
2020-01-14,1.3671822547912598,6.311066150665283,7.392023086547852,9.992531776428223,3.9321084022521973,6.302685737609863,6.444997310638428,14.140096664428711,4.878485202789307,3.291529417037964
2020-01-15,1.3997797966003418,6.321514129638672,7.335524082183838,9.848755836486816,3.8969013690948486,6.344480991363525,6.467350006103516,14.01581859588623,4.8530755043029785,3.33156156539917
2020-01-16,1.3997797966003418,6.458197116851807,7.344940185546875,9.920642852783203,3.919137477874756,6.361198425292969,6.474801063537598,14.153908729553223,4.861545085906982,3.407177686691284
2020-01-17,1.3978623151779175,6.5151472091674805,7.401440143585205,9.920642852783203,3.93766713142395,6.269249439239502,6.556760787963867,14.16771411895752,4.94624137878418,3.433866024017334
2020-01-20,1.409367322921753,6.520840644836426,7.439106464385986,9.920642852783203,3.9117255210876465,6.260890483856201,6.668523788452148,14.153908729553223,4.895423889160156,3.451658248901367
2020-01-21,1.3997797966003418,6.572096347808838,7.86285400390625,9.86313247680664,3.9284019470214844,6.235814571380615,6.735581398010254,14.057247161865234,4.912363052368164,3.47389817237854
2020-01-22,1.4170374870300293,6.708779811859131,7.815770149230957,9.978155136108398,3.8857829570770264,6.260890483856201,6.661072731018066,14.002010345458984,4.895423889160156,3.4694502353668213
2020-01-23,1.4074498414993286,6.663218975067139,7.759270191192627,9.906264305114746,3.887636184692383,6.2943267822265625,6.631269931793213,14.002010345458984,4.912363052368164,3.451658248901367
2020-01-24,1.447717547416687,6.6746087074279785,7.947600841522217,9.899075508117676,4.0099358558654785,6.411352634429932,6.72067928314209,14.01581859588623,4.9631805419921875,3.5495142936706543
2020-01-27,1.4055322408676147,6.606268405914307,8.041768074035645,9.848755836486816,3.9839930534362793,6.352839946746826,6.594014644622803,14.084863662719727,4.802258014678955,3.4650020599365234
2020-01-28,1.4266248941421509,6.4411115646362305,8.286599159240723,9.712164878845215,3.9839930534362793,6.352839946746826,6.594014644622803,13.96058464050293,4.819197654724121,3.4650020599365234
2020-01-29,1.4266248941421509,6.3955512046813965,8.041768074035645,9.704976081848145,3.9839930534362793,6.386275768280029,6.594014644622803,13.82249641418457,4.7853193283081055,3.451658248901367
2020-01-30,1.4189547300338745,6.406940460205078,7.8722686767578125,9.67622184753418,3.9006073474884033,6.252532005310059,6.444997310638428,13.808688163757324,4.734500885009766,3.3804898262023926
2020-01-31,1.3499245643615723,6.406940460205078,7.721603870391846,9.704976081848145,3.8820767402648926,6.219095706939697,6.243824481964111,13.256341934204102,4.827667236328125,3.2203612327575684
2020-02-03,1.33074951171875,6.412635803222656,7.542689323425293,9.76248836517334,3.8079559803009033,6.219095706939697,6.146963119506836,12.876602172851562,4.717562198638916,3.1580891609191895
2020-02-04,1.3806047439575195,6.463891983032227,7.721603870391846,9.963775634765625,3.946932554244995,6.2943267822265625,6.161864757537842,13.145872116088867,4.8700151443481445,3.2781856060028076
2020-02-05,1.3901922702789307,6.566401958465576,7.891103267669678,9.985344886779785,3.946932554244995,6.319403648376465,6.258726119995117,13.235628128051758,4.937772274017334,3.291529417037964
2020-02-06,1.3901922702789307,6.537926197052002,7.815770149230957,10.064419746398926,3.95619797706604,6.2943267822265625,6.251274585723877,13.256341934204102,4.920832633972168,3.3226654529571533
2020-02-07,1.3710172176361084,6.572096347808838,7.815770149230957,10.265708923339844,3.8913419246673584,6.185659408569336,6.37048864364624,13.187297821044922,4.827667236328125,3.229257345199585
2020-02-10,1.3441720008850098,6.498062610626221,7.740437030792236,9.92783260345459,3.7986910343170166,6.118788242340088,6.266177177429199,12.911127090454102,4.819197654724121,3.242601156234741
2020-02-11,1.374852180480957,6.526537895202637,7.815770149230957,9.970965385437012,3.8357512950897217,6.194018840789795,6.3332343101501465,13.138968467712402,4.886954307556152,3.2781856060028076
2020-02-12,1.3556771278381348,6.777121067047119,7.665104389190674,9.85594367980957,3.88392972946167,6.285967826843262,6.3332343101501465,12.911127090454102,4.94624137878418,3.273737668991089
2020-02-13,1.3614296913146973,6.777121067047119,7.721603870391846,9.963775634765625,3.88392972946167,6.202377796173096,6.422645568847656,13.10444450378418,4.912363052368164,3.2337052822113037
2020-02-14,1.3518421649932861,6.822680950164795,7.768687725067139,9.920642852783203,3.8969013690948486,6.2943267822265625,6.363037586212158,13.049211502075195,4.9631805419921875,3.273737668991089
2020-02-17,1.3575947284698486,6.834069728851318,7.768687725067139,9.920642852783203,3.8913419246673584,6.260890483856201,6.3406853675842285,13.000882148742676,4.8530755043029785,3.291529417037964
2020-02-18,1.3269145488739014,6.782814025878906,7.693354606628418,9.920642852783203,3.8709585666656494,6.327763080596924,6.288528919219971,12.938740730285645,4.861545085906982,3.229257345199585
2020-02-19,1.336502194404602,6.885324954986572,7.712186813354492,10.150686264038086,3.8913419246673584,6.302685737609863,6.348136901855469,13.049211502075195,4.861545085906982,3.2114651203155518
2020-02-20,1.3249969482421875,6.8967156410217285,7.815770149230957,10.143497467041016,3.909872055053711,6.411352634429932,6.474801063537598,12.959453582763672,4.836136817932129,3.189225435256958
2020-02-21,1.2943170070648193,6.805593490600586,7.636854648590088,9.999720573425293,3.8153679370880127,6.327763080596924,6.295980453491211,12.828271865844727,4.734500885009766,3.0958170890808105
2020-02-24,1.1121536493301392,6.24178409576416,6.601029396057129,9.568388938903809,3.261315107345581,5.876376628875732,5.588148593902588,12.255210876464844,4.404187202453613,2.7043919563293457
2020-02-25,1.1409165859222412,6.418331146240234,6.940027236938477,9.77686595916748,3.5281500816345215,6.327763080596924,5.685009479522705,12.117124557495117,4.488883972167969,2.7844560146331787
2020-02-26,1.0968139171600342,6.332903861999512,6.610446453094482,9.633088111877441,3.474412441253662,6.068633556365967,5.334819316864014,11.640725135803223,4.378778457641602,2.717736005783081
2020-02-27,1.0680510997772217,5.991201400756836,6.327948570251465,9.431800842285156,3.0667481422424316,5.72591495513916,4.8952178955078125,11.115995407104492,4.234796047210693,2.570951461791992
2020-02-28,1.0488760471343994,5.524206638336182,5.687620162963867,9.216134071350098,2.736910581588745,5.349760055541992,4.694044589996338,10.218432426452637,4.150099754333496,2.3396549224853516
2020-03-03,1.0910612344741821,5.734924793243408,6.365614891052246,9.20175552368164,3.011157512664795,5.692479133605957,4.843061447143555,11.157419204711914,3.980707883834839,2.5220232009887695
2020-03-04,1.0603810548782349,5.86591100692749,6.685779094696045,9.165811538696289,3.038952589035034,5.642324924468994,4.917570114135742,11.405978202819824,3.963768482208252,2.5220232009887695
2020-03-05,0.9779282808303833,5.803264141082764,6.158450126647949,8.871068000793457,2.8517978191375732,5.433349609375,4.440715312957764,10.908864974975586,3.6419246196746826,2.2951745986938477
2020-03-06,0.9012280106544495,5.470102787017822,5.5369553565979,8.547568321228027,2.44598650932312,5.224374771118164,4.172484397888184,10.011299133300781,3.4640629291534424,2.2595903873443604
2020-03-09,0.6615397334098816,4.897749900817871,4.049133777618408,8.087481498718262,1.8530200719833374,4.597449779510498,3.2187728881835938,8.395683288574219,3.3370189666748047,1.8147892951965332
2020-03-10,0.7171474695205688,4.974634647369385,4.656504154205322,8.195314407348633,2.0383222103118896,4.931809425354004,3.5391604900360107,9.320866584777832,3.4767673015594482,1.9971578121185303
2020-03-11,0.7056424021720886,4.966091632843018,4.52467155456543,8.04434585571289,1.9642009735107422,4.681039810180664,3.4273977279663086,9.265630722045898,3.5233497619628906,1.9081976413726807
2020-03-12,0.6519522666931152,4.407975673675537,3.9926342964172363,7.18168306350708,1.6955132484436035,4.597449779510498,3.1293630599975586,8.423300743103027,3.2607927322387695,1.5479085445404053
2020-03-13,0.632777214050293,4.3140058517456055,4.124466419219971,7.42610502243042,1.6677180528640747,4.672680854797363,3.5764150619506836,8.423300743103027,3.2607927322387695,1.6101806163787842
2020-03-16,0.5867570042610168,3.3373043537139893,3.5877208709716797,6.6533002853393555,1.4360904693603516,4.4135518074035645,2.9803454875946045,7.470500469207764,3.226914405822754,1.4500521421432495
2020-03-17,0.6059321165084839,3.4455106258392334,4.228048801422119,6.7144060134887695,1.565801978111267,4.8900146484375,2.7940738201141357,6.938865661621094,3.235383987426758,1.4945323467254639
2020-03-18,0.6500346660614014,3.3515422344207764,4.19980001449585,7.21762752532959,1.6306575536727905,5.090630531311035,2.607802152633667,5.937737464904785,3.112574577331543,1.510545253753662
2020-03-19,0.8446615934371948,3.5423266887664795,4.435214042663574,8.195314407348633,2.0939128398895264,5.7426323890686035,2.4960389137268066,6.828396320343018,2.9643568992614746,1.654660940170288
2020-03-20,0.882053017616272,3.7473483085632324,4.727128028869629,8.468491554260254,2.056852340698242,5.6757612228393555,2.868582248687744,8.18855094909668,3.0659918785095215,1.7703092098236084
2020-03-23,0.7526213526725769,3.567953586578369,4.148008346557617,8.303147315979004,1.8344898223876953,5.458427429199219,2.8313281536102295,7.574067115783691,2.7568519115448,1.5657005310058594
2020-03-24,0.8235690593719482,3.7445008754730225,4.840126991271973,8.533190727233887,2.0642642974853516,5.55873441696167,3.196420669555664,7.981422424316406,2.824608564376831,1.6511025428771973
2020-03-26,0.8168578147888184,4.029253005981445,5.188541889190674,8.626646995544434,2.2236242294311523,5.625606536865234,3.4497501850128174,7.801908493041992,2.8796613216400146,1.7525172233581543
2020-03-27,0.7574151158332825,3.9466753005981445,4.849544048309326,8.015592575073242,2.0383222103118896,5.608889102935791,3.1219117641448975,7.719057083129883,2.748382329940796,1.6226351261138916
2020-03-30,0.7046836614608765,4.043491840362549,4.915459632873535,8.087481498718262,2.0475869178771973,5.7426323890686035,3.04740309715271,7.974518299102783,2.761086940765381,1.514103651046753
2020-03-31,0.7094773650169373,3.9466753005981445,4.8589606285095215,7.893381595611572,2.103177785873413,5.483503341674805,3.092108726501465,7.767387390136719,2.6086339950561523,1.5123244524002075
2020-04-01,0.6711273193359375,3.6448378562927246,4.571754455566406,7.512372016906738,2.010526657104492,5.341400146484375,3.10701060295105,7.622396469116211,2.5069990158081055,1.4055721759796143
2020-04-02,0.6807148456573486,3.5878868103027344,4.647087097167969,8.216880798339844,2.0123796463012695,5.349760055541992,3.054854154586792,7.801908493041992,2.4138336181640625,1.3521959781646729
2020-04-03,0.6807148456573486,3.7017881870269775,4.7082953453063965,7.92932653427124,2.0475869178771973,5.316324234008789,3.1740684509277344,7.939995288848877,2.3460769653320312,1.3610918521881104
2020-04-06,0.7286524772644043,3.8726396560668945,5.17912483215332,8.590702056884766,2.238448143005371,5.491862773895264,3.390143394470215,8.747804641723633,2.447711944580078,1.4856363534927368
2020-04-07,0.7650851011276245,4.09759521484375,5.226208209991455,8.554758071899414,2.3440704345703125,5.600528717041016,3.5764150619506836,9.286345481872559,2.6128690242767334,1.6012846231460571
2020-04-08,0.7861776947975159,4.043491840362549,5.2450408935546875,8.60507869720459,2.39966082572937,5.4082722663879395,3.6099441051483154,9.900830268859863,2.6255733966827393,1.7507380247116089
2020-04-09,0.7622089385986328,4.100441932678223,5.197957515716553,8.54038143157959,2.3588945865631104,5.324682235717773,3.6881773471832275,9.838691711425781,2.7060346603393555,1.7329457998275757
2020-04-14,0.8609604239463806,4.128917694091797,5.452205657958984,8.547568321228027,2.44598650932312,5.684119701385498,4.09797477722168,10.135578155517578,2.7780258655548096,1.9037498235702515
2020-04-15,0.8379503488540649,4.020710468292236,5.226208209991455,8.267202377319336,2.325540065765381,5.617247104644775,3.926605463027954,9.666084289550781,2.646747350692749,1.810341238975525
2020-04-16,0.8993105888366699,3.8897244930267334,5.433372497558594,8.4253568649292,2.353335380554199,5.516939640045166,3.7552359104156494,9.679890632629395,2.739912986755371,1.872613549232483
2020-04-21,0.9204031229019165,4.09759521484375,5.17912483215332,8.267202377319336,2.2569785118103027,5.633965015411377,4.001114845275879,9.072309494018555,2.739912986755371,1.9615734815597534
2020-04-22,0.9204031229019165,4.071967124938965,5.367456436157227,8.511624336242676,2.2236242294311523,5.516939640045166,3.948957920074463,9.044692993164062,2.7017998695373535,1.9571259021759033
2020-04-23,0.8983518481254578,4.447840690612793,5.5463714599609375,8.39660358428955,2.316275119781494,5.533658027648926,4.01601505279541,8.982552528381348,2.845782518386841,2.023845672607422
2020-04-24,0.9108156561851501,4.52472448348999,5.527537822723389,8.180935859680176,2.4830470085144043,5.508580684661865,3.874448776245117,8.961838722229004,2.828843355178833,1.9793658256530762
2020-04-27,0.9817633628845215,4.533266067504883,5.847702503204346,8.410980224609375,2.5108423233032227,5.55873441696167,3.911703586578369,9.293248176574707,2.9050698280334473,2.0594301223754883
2020-04-28,0.9971033334732056,4.578826904296875,5.659371376037598,8.511624336242676,2.4737818241119385,5.475144863128662,4.172484397888184,9.597039222717285,2.922008991241455,2.1172542572021484
2020-04-29,1.0124435424804688,4.641471862792969,5.649953842163086,8.741666793823242,2.4904587268829346,5.525298118591309,4.396010398864746,9.831787109375,3.0575225353240967,2.2240066528320312
2020-04-30,0.987515926361084,4.669947624206543,5.48045539855957,8.698534965515137,2.455251932144165,5.667401313781738,4.381107807159424,9.258727073669434,3.027878999710083,2.08611798286438
2020-05-04,0.9146506786346436,4.60445499420166,5.103792190551758,8.734479904174805,2.3070099353790283,5.30796480178833,3.3156349658966064,9.023980140686035,2.824608564376831,1.9126455783843994
2020-05-05,0.9117743372917175,4.590217113494873,5.263874053955078,8.511624336242676,2.362600326538086,5.450067520141602,3.3230855464935303,9.527996063232422,2.8966004848480225,1.9126455783843994
2020-05-06,0.8628779649734497,4.496249198913574,5.094375133514404,8.468491554260254,2.316275119781494,5.466785907745361,3.0958340167999268,9.099925994873047,2.7949650287628174,1.9215415716171265
2020-05-07,0.8657541871070862,4.490553855895996,5.461622714996338,8.375036239624023,2.353335380554199,5.600528717041016,3.2411258220672607,8.906604766845703,2.845782518386841,1.9437813758850098
2020-05-08,0.9012280106544495,4.527571201324463,5.649953842163086,8.209692001342773,2.408925771713257,5.667401313781738,3.3156349658966064,8.727091789245605,2.837312936782837,2.0594301223754883
2020-05-11,0.8724655508995056,4.470621109008789,5.433372497558594,8.037158012390137,2.3440704345703125,5.533658027648926,3.457200765609741,8.56138801574707,2.841547727584839,2.0460855960845947
2020-05-12,0.8590429425239563,4.470621109008789,5.452205657958984,8.109046936035156,2.3273932933807373,5.466785907745361,3.4050445556640625,8.568290710449219,2.850017547607422,2.0772218704223633
2020-05-13,0.8532904386520386,4.470621109008789,5.40512228012085,8.410980224609375,2.269949436187744,5.55873441696167,3.345438003540039,8.906604766845703,2.850017547607422,1.9437813758850098
2020-05-14,0.8724655508995056,4.442145347595215,5.555788516998291,8.561945915222168,2.2606847286224365,5.5002217292785645,3.382692337036133,9.168970108032227,2.862722158432007,1.9081976413726807
2020-05-15,0.8763005137443542,4.510486602783203,5.772369384765625,8.676968574523926,2.2514193058013916,5.55873441696167,3.5764150619506836,8.961838722229004,2.922008991241455,1.9348856210708618
2020-05-18,0.9146506786346436,4.601606845855713,5.7817864418029785,8.84231185913086,2.408925771713257,5.72591495513916,3.770136833190918,9.051596641540527,2.9770612716674805,2.041638135910034
2020-05-19,0.8964343070983887,4.527571201324463,5.649953842163086,8.806367874145508,2.4441335201263428,5.7509918212890625,3.5540621280670166,9.34157943725586,2.938948154449463,2.0371899604797363
2020-05-20,0.9194444417953491,4.499096393585205,5.913619041442871,8.84231185913086,2.6498184204101562,5.684119701385498,3.613668918609619,9.617753028869629,3.036348342895508,2.0727741718292236
2020-05-21,0.8935580849647522,4.54180908203125,5.744120121002197,8.835124015808105,2.5942280292510986,5.72591495513916,3.3007326126098633,9.666084289550781,3.303140640258789,2.0193982124328613
2020-05-22,0.8983518481254578,4.550352573394775,5.744120121002197,8.633835792541504,2.6813199520111084,5.617247104644775,3.293281316757202,9.493474960327148,3.235383987426758,1.9927093982696533
2020-05-25,0.9587533473968506,4.561741828918457,5.7817864418029785,8.698534965515137,2.861063003540039,5.851299285888672,3.2783803939819336,9.797264099121094,3.2438535690307617,2.0371899604797363
2020-05-26,0.9683408141136169,4.556046962738037,5.659371376037598,8.691346168518066,2.8907110691070557,5.851299285888672,3.3975934982299805,9.942256927490234,3.4301846027374268,2.1528384685516357
2020-05-27,0.9664233922958374,5.011651515960693,5.951285362243652,8.914200782775879,2.872180938720703,6.051915168762207,3.4273977279663086,9.962970733642578,3.3454885482788086,2.143942356109619
2020-05-28,0.9760109186172485,5.051516532897949,5.800619602203369,9.043601036071777,3.0204226970672607,5.934890270233154,3.3975934982299805,10.183908462524414,3.3539583683013916,2.1528384685516357
2020-05-29,0.9568358063697815,4.783848762512207,5.602871417999268,9.101112365722656,3.131603956222534,5.959966659545898,3.188969612121582,10.356517791748047,3.303140640258789,2.1172542572021484
2020-06-01,0.9549182653427124,4.798086166381836,6.026618003845215,9.093921661376953,3.2983756065368652,6.10206937789917,3.1144609451293945,10.791492462158203,3.2607927322387695,2.1172542572021484
2020-06-02,0.9683408141136169,5.011651515960693,6.412697792053223,9.144244194030762,3.2983756065368652,6.10206937789917,3.1219117641448975,10.770779609680176,3.307375431060791,2.2240066528320312
2020-06-03,0.9817633628845215,5.011651515960693,6.4032816886901855,9.01484489440918,3.261315107345581,6.10206937789917,3.1777937412261963,10.908864974975586,3.307375431060791,2.2595903873443604
2020-06-04,0.9740933179855347,4.954700946807861,6.346781253814697,9.050789833068848,3.2427849769592285,6.043557643890381,3.21504807472229,10.598170280456543,3.1888012886047363,2.2106621265411377
2020-06-05,0.9683408141136169,5.0970778465271,6.4032816886901855,8.899823188781738,3.3632311820983887,6.035196781158447,3.356614589691162,10.252951622009277,3.2734968662261963,2.246246814727783
2020-06-09,0.9299907088279724,5.316338062286377,6.450364112854004,8.626646995544434,3.2983756065368652,6.010120868682861,3.2783803939819336,10.287473678588867,3.2946712970733643,2.206214189529419
2020-06-10,0.8945168256759644,5.011651515960693,6.309115409851074,8.61226749420166,3.1649580001831055,5.993402481079102,3.0213253498077393,9.67298698425293,3.32854962348938,2.1350460052490234
2020-06-11,0.8437029123306274,4.971786022186279,5.998367786407471,8.763235092163086,3.038952589035034,5.893095016479492,2.8089759349823,9.597039222717285,3.133748769760132,2.0371899604797363
2020-06-12,0.8600017428398132,4.968938827514648,5.93245267868042,8.756046295166016,3.1038084030151367,5.859659194946289,2.9915220737457275,9.55561351776123,3.2396185398101807,2.0371899604797363
2020-06-15,0.908898115158081,4.914835453033447,5.894785404205322,8.957334518432617,3.098249673843384,5.909813404083252,3.002697706222534,9.790361404418945,3.193035840988159,2.041638135910034
2020-06-16,0.934784471988678,5.051516532897949,6.299698829650879,9.122678756713867,3.3724966049194336,6.085351943969727,3.2560272216796875,10.252951622009277,3.303140640258789,2.1572861671447754
2020-06-17,0.9204031229019165,5.091381072998047,6.026618003845215,8.770424842834473,3.4188220500946045,6.10206937789917,3.2672035694122314,10.080343246459961,3.3370189666748047,2.1350460052490234
2020-06-18,0.8705480098724365,5.011651515960693,5.83828592300415,8.59788990020752,3.3261706829071045,6.0937113761901855,3.1293630599975586,9.811074256896973,3.3878366947174072,2.0727741718292236
2020-06-19,0.882053017616272,5.074296474456787,5.810035705566406,8.741666793823242,3.3354361057281494,6.185659408569336,3.0958340167999268,9.617753028869629,3.2523229122161865,2.1839747428894043
2020-06-22,0.8705480098724365,5.020193576812744,5.866535663604736,8.986090660095215,3.3354361057281494,6.2107367515563965,3.1144609451293945,10.10796070098877,3.3708975315093994,2.1706302165985107
2020-06-23,0.8878055810928345,5.068602561950684,6.026618003845215,9.079545974731445,3.416968822479248,6.219095706939697,3.233675003051758,9.956066131591797,3.5572280883789062,2.1973183155059814
2020-06-24,0.8494554162025452,5.082839012145996,5.866535663604736,8.914200782775879,3.3817617893218994,6.143864154815674,3.2411258220672607,9.94195556640625,3.5402889251708984,2.1528384685516357
2020-06-25,0.8667129278182983,4.886361122131348,5.81945276260376,8.526001930236816,3.344701051712036,6.143864154815674,3.088383197784424,9.612992286682129,3.4640629291534424,2.130598545074463
2020-06-26,0.8552079796791077,4.886361122131348,5.649953842163086,8.669780731201172,3.2057244777679443,6.143864154815674,2.9803454875946045,9.430235862731934,3.574167251586914,2.1172542572021484
2020-06-29,0.8628779649734497,4.852190017700195,5.6217041015625,8.626646995544434,3.085278272628784,6.10206937789917,2.9430911540985107,9.232857704162598,3.6419246196746826,2.126150369644165
2020-06-30,0.8437029123306274,4.809476852416992,5.697037696838379,8.633835792541504,3.1964595317840576,6.146158695220947,2.9654433727264404,9.013551712036133,3.599576234817505,2.068325996398926
2020-07-01,0.8523316979408264,4.781002521514893,5.7817864418029785,8.648212432861328,3.209430694580078,6.040343284606934,3.0213253498077393,9.357133865356445,3.396306276321411,2.08611798286438
2020-07-02,0.8810943365097046,5.0970778465271,6.1961164474487305,8.986090660095215,3.40214467048645,6.0844340324401855,3.0772063732147217,9.46678638458252,3.485236883163452,2.166182279586792
2020-07-03,0.8782180547714233,5.068602561950684,6.0831170082092285,8.986090660095215,3.411409854888916,6.243157386779785,3.036226511001587,9.72264575958252,3.5106453895568848,2.1839747428894043
2020-07-06,0.8772593140602112,4.943310260772705,6.054867744445801,9.000466346740723,3.4188220500946045,6.137341499328613,3.088383197784424,9.554510116577148,3.3581931591033936,2.1795265674591064
2020-07-07,0.8532904386520386,4.820867538452148,5.913619041442871,8.662591934204102,3.313199996948242,6.154977798461914,3.0175998210906982,9.262099266052246,3.48100209236145,2.1083579063415527
2020-07-08,0.8532904386520386,4.835104942321777,5.83828592300415,8.741666793823242,3.3317298889160156,6.075615406036377,2.9281890392303467,9.313271522521973,3.32854962348938,2.0816702842712402
2020-07-09,0.8667129278182983,4.920531749725342,5.857119083404541,8.896402359008789,3.353966236114502,6.0932512283325195,2.9691689014434814,9.349822044372559,3.4725325107574463,2.0905661582946777
2020-07-10,0.8600017428398132,4.949006080627441,5.800619602203369,9.009394645690918,3.322464942932129,6.172614097595215,2.913287878036499,9.020861625671387,3.3878366947174072,2.0371899604797363
2020-07-13,0.8532904386520386,4.857884883880615,5.725286960601807,9.227851867675781,3.324317693710327,6.128523349761963,2.9356400966644287,8.918517112731934,3.3878366947174072,2.001605987548828
2020-07-14,0.8446615934371948,4.911987781524658,5.715870380401611,9.401108741760254,3.3169057369232178,6.0844340324401855,2.961719036102295,9.137825012207031,3.3539583683013916,2.041638135910034
2020-07-15,0.8552079796791077,5.011651515960693,5.904202461242676,9.160054206848145,3.3632311820983887,5.996253490447998,3.0175998210906982,9.137825012207031,3.3878366947174072,2.063878059387207
2020-07-16,0.9012280106544495,5.122705936431885,5.988951206207275,9.227851867675781,3.385467529296875,5.9433441162109375,2.9803454875946045,8.998929977416992,3.4428887367248535,2.2017664909362793
2020-07-17,0.987515926361084,5.068602561950684,5.923035144805908,9.43124008178711,3.5948588848114014,5.9874348640441895,3.0213253498077393,8.91120719909668,3.4725325107574463,2.1528384685516357
2020-07-20,0.987515926361084,5.142637729644775,6.026618003845215,9.476438522338867,3.7041871547698975,6.049161434173584,3.0325019359588623,9.284029960632324,3.497941493988037,2.1839747428894043
2020-07-21,0.9319082498550415,5.066058158874512,5.725286960601807,9.303180694580078,3.567063331604004,5.9609808921813965,2.9803454875946045,8.918517112731934,3.4725325107574463,2.1350460052490234
2020-07-22,0.9491657614707947,5.02482271194458,5.772369384765625,9.43124008178711,3.659714698791504,5.934527397155762,2.9505419731140137,9.188996315002441,3.417480230331421,2.1973183155059814
2020-07-23,0.9395782351493835,4.995368957519531,5.744120121002197,9.483970642089844,3.5800347328186035,5.863983154296875,2.920738935470581,8.845415115356445,3.3878366947174072,2.1795265674591064
2020-07-24,0.9299907088279724,4.724393844604492,5.687620162963867,9.521636009216309,3.5855934619903564,5.881618976593018,2.902111530303955,8.860034942626953,3.3878366947174072,2.1350460052490234
2020-07-27,0.9271144270896912,4.677268028259277,5.527537822723389,9.41617488861084,3.563357353210449,5.846346855163574,2.8387792110443115,8.772314071655273,3.383601665496826,2.0994620323181152
2020-07-28,0.9376607537269592,4.724393844604492,5.593454360961914,9.491503715515137,3.6226541996002197,5.819892883300781,2.8425047397613525,8.969688415527344,3.3878366947174072,2.1350460052490234
2020-07-29,0.9136918187141418,4.783301830291748,5.527537822723389,9.58189868927002,3.576328754425049,5.899255275726318,2.8387792110443115,8.779622077941895,3.409010648727417,2.1528384685516357
2020-07-30,0.8906818628311157,4.609524250030518,5.471038818359375,9.386043548583984,3.483677625656128,5.819892883300781,2.727015972137451,8.443349838256836,3.290436267852783,2.0772218704223633
2020-07-31,0.8916405439376831,4.494654178619385,5.442789554595947,9.41617488861084,3.5485334396362305,5.811075210571289,2.6450562477111816,8.362937927246094,3.2946712970733643,2.1172542572021484
2020-08-03,0.8916405439376831,4.630141258239746,5.527537822723389,9.265515327453613,3.6282131671905518,5.846346855163574,2.6003518104553223,8.245972633361816,3.303140640258789,2.1083579063415527
2020-08-04,0.9050630927085876,4.677268028259277,5.668787002563477,9.41617488861084,3.613389015197754,5.819892883300781,2.618978261947632,8.18748950958252,3.315845012664795,2.130598545074463
2020-08-05,0.9108156561851501,4.724393844604492,5.734703540802002,9.529168128967285,3.613389015197754,5.952162742614746,2.712113857269287,8.348318099975586,3.3708975315093994,2.148390293121338
2020-08-06,0.9079394340515137,4.736174583435059,5.697037696838379,9.71749210357666,3.6411843299865723,5.837528705596924,2.727015972137451,8.333695411682129,3.3793671131134033,2.1217024326324463
2020-08-07,0.8858880400657654,4.712612152099609,5.584037780761719,9.792820930480957,3.5948588848114014,5.78462028503418,2.6823108196258545,8.333695411682129,3.311610460281372,2.050534248352051
2020-08-10,0.839867889881134,4.5682878494262695,5.461622714996338,9.687360763549805,3.4299397468566895,5.6435322761535645,2.5332932472229004,8.267904281616211,3.235383987426758,1.952677607536316
2020-08-11,0.8772593140602112,4.624250411987305,5.734703540802002,9.792820930480957,3.5596513748168945,5.6876220703125,2.574272871017456,8.136317253112793,3.2692620754241943,1.9927093982696533
2020-08-12,0.8954756259918213,4.700831413269043,5.810035705566406,10.018808364868164,3.5855934619903564,5.6435322761535645,2.618978261947632,8.114388465881348,3.311610460281372,2.0105020999908447
2020-08-13,0.8925992846488953,4.771520137786865,5.83828592300415,10.19206714630127,3.613389015197754,5.78462028503418,2.6450562477111816,8.319075584411621,3.303140640258789,1.9971578121185303
2020-08-14,0.9012280106544495,4.636032581329346,5.800619602203369,10.25986385345459,3.576328754425049,5.6876220703125,2.611527681350708,8.43603801727295,3.3497235774993896,2.0105020999908447
2020-08-17,0.8993105888366699,4.662539482116699,5.791203022003174,10.10920524597168,3.6004178524017334,5.678804874420166,2.611527681350708,8.479903221130371,3.3793671131134033,2.0549817085266113
2020-08-18,0.882053017616272,4.662539482116699,5.800619602203369,10.018808364868164,3.557798147201538,5.846346855163574,2.760544776916504,8.845415115356445,3.4555933475494385,2.0594301223754883
2020-08-19,0.8916405439376831,4.600687026977539,5.7817864418029785,10.305062294006348,3.530003070831299,6.10206937789917,2.756819486618042,8.699209213256836,3.4428887367248535,2.0816702842712402
2020-08-20,0.8935580849647522,4.574178695678711,5.706453800201416,10.335193634033203,3.51517915725708,5.9433441162109375,2.7158396244049072,8.362937927246094,3.4555933475494385,2.0594301223754883
2020-08-21,0.8925992846488953,4.585960388183594,5.649953842163086,10.184534072875977,3.5114729404449463,5.846346855163574,2.7083895206451416,8.333695411682129,3.4725325107574463,2.0772218704223633
2020-08-24,0.8753417730331421,4.535889148712158,5.5369553565979,10.229731559753418,3.5022077560424805,6.119705677032471,2.6450562477111816,8.443349838256836,3.4767673015594482,2.0460855960845947
2020-08-25,0.8772593140602112,4.674322605133057,5.565204620361328,10.244797706604004,3.541121244430542,6.154977798461914,2.6376054286956787,8.384867668151855,3.4725325107574463,2.001605987548828
2020-08-26,0.8935580849647522,4.694939136505127,5.668787002563477,10.320128440856934,3.6411843299865723,6.296065807342529,2.6450562477111816,8.45797061920166,3.4471237659454346,2.028294086456299
2020-08-27,0.8897230625152588,4.597742080688477,5.697037696838379,10.252330780029297,3.6578614711761475,6.260793685913086,2.6599583625793457,8.377558708190918,3.4682979583740234,2.0193982124328613
2020-08-28,0.9031456112861633,4.532943248748779,5.659371376037598,10.320128440856934,3.659714698791504,6.2784295082092285,2.6525075435638428,8.538382530212402,3.413245439529419,2.0193982124328613
2020-08-31,0.908898115158081,4.524108409881592,5.706453800201416,10.320128440856934,3.713451862335205,6.172614097595215,2.6823108196258545,8.589554786682129,3.3793671131134033,2.028294086456299
2020-09-01,0.9108156561851501,4.691994667053223,5.725286960601807,10.282462120056152,3.7838668823242188,6.348974227905273,2.6562325954437256,8.735760688781738,3.3793671131134033,2.0327420234680176
2020-09-02,0.91752690076828,4.689048767089844,5.725286960601807,10.538583755493164,3.8542816638946533,6.4547905921936035,2.633880376815796,8.699209213256836,3.3878366947174072,2.0460855960845947
2020-09-03,0.9204031229019165,4.809810161590576,5.791203022003174,10.34272575378418,3.9080190658569336,6.393064022064209,2.577998638153076,8.56762409210205,3.4471237659454346,2.0327420234680176
2020-09-04,0.9146506786346436,4.730283737182617,5.875951766967773,9.966078758239746,4.011788368225098,6.340156078338623,2.604076385498047,8.333695411682129,3.3878366947174072,2.0193982124328613
2020-09-07,0.9223206639289856,4.747956275939941,5.97953462600708,10.003743171691895,4.122969627380371,6.137341499328613,2.604076385498047,8.43603801727295,3.4725325107574463,2.0819454193115234
2020-09-08,0.908898115158081,4.724393844604492,5.7817864418029785,9.815420150756836,4.074790954589844,6.0844340324401855,2.5481953620910645,8.319075584411621,3.4301846027374268,2.0015273094177246
2020-09-09,0.9299907088279724,4.774465084075928,5.83828592300415,9.853084564208984,4.160029411315918,6.331337928771973,2.5929007530212402,8.253281593322754,3.4301846027374268,2.0193979740142822
2020-09-10,0.934784471988678,4.839263916015625,6.017200946807861,9.996211051940918,4.354597091674805,6.137341499328613,2.5705478191375732,8.114388465881348,3.4301846027374268,2.064074754714966
2020-09-11,0.8916405439376831,4.918788909912109,5.93245267868042,9.988678932189941,4.280476093292236,6.022706985473633,2.604076385498047,8.063215255737305,3.3878366947174072,2.064074754714966
2020-09-14,0.9386194348335266,5.066058158874512,6.186699867248535,10.244797706604004,4.502838611602783,6.340156078338623,2.7009382247924805,8.319075584411621,3.4725325107574463,2.22491192817688
2020-09-15,0.9587533473968506,5.007150650024414,6.205532550811768,10.289995193481445,4.715936183929443,6.393064022064209,2.8164267539978027,8.421419143676758,3.663098096847534,2.282991886138916
2020-09-16,0.9587533473968506,5.010095119476318,6.026618003845215,10.244797706604004,4.864177227020264,6.507698059082031,2.8015248775482178,8.26059341430664,3.671567916870117,2.2651209831237793
2020-09-17,0.9779282808303833,4.998313903808594,6.262032985687256,10.320128440856934,4.73909854888916,6.560606479644775,2.898385763168335,8.465278625488281,3.6419246196746826,2.4572319984436035
2020-09-18,0.987515926361084,4.9482421875,6.214949607849121,10.380390167236328,4.725200653076172,6.393064022064209,2.771721363067627,8.523762702941895,3.5868723392486572,2.4036195278167725
2020-09-21,0.9501245617866516,4.715558052062988,6.007784366607666,9.981143951416016,4.576959609985352,6.057978630065918,2.5332932472229004,7.9170122146606445,3.4301846027374268,2.2070412635803223
2020-09-22,0.9299907088279724,4.565342903137207,5.923035144805908,9.78528881072998,4.506544589996338,6.0844340324401855,2.477411985397339,7.573428630828857,3.3454885482788086,2.175767183303833
2020-09-23,0.9357432126998901,4.544724941253662,5.83828592300415,9.536703109741211,4.497279644012451,5.952162742614746,2.5109410285949707,7.471085071563721,3.303140640258789,2.153428554534912
2020-09-24,0.9491657614707947,4.532943248748779,5.744120121002197,9.687360763549805,4.493573188781738,5.863983154296875,2.507215738296509,7.324881076812744,3.222679376602173,2.144493341445923
2020-09-25,0.9299907088279724,4.653704643249512,5.744120121002197,9.679827690124512,4.604754447937012,5.758166790008545,2.451334238052368,7.339499473571777,3.214210033416748,2.0819454193115234
2020-09-28,0.9587533473968506,4.706721782684326,5.791203022003174,9.64216136932373,4.715936183929443,5.863983154296875,2.473686695098877,7.324881076812744,3.2692620754241943,2.171299695968628
2020-09-29,1.0009384155273438,4.77741003036499,5.791203022003174,9.438773155212402,4.678875923156738,5.811075210571289,2.4103546142578125,7.237156867980957,3.2565577030181885,2.2338473796844482
2020-09-30,1.0527111291885376,4.771520137786865,5.772369384765625,9.273048400878906,4.706670761108398,5.881618976593018,2.309767961502075,7.346810817718506,3.201505422592163,2.2338473796844482
2020-10-01,1.2233691215515137,4.803919315338135,5.83828592300415,9.34837818145752,4.678875923156738,5.952162742614746,2.2091808319091797,7.529567241668701,3.303140640258789,2.519779682159424
2020-10-02,1.2808942794799805,4.718502998352051,5.988951206207275,9.340846061706543,4.651080131530762,5.908072471618652,2.175651788711548,7.310259819030762,3.2946712970733643,2.5957303047180176
2020-10-05,1.3000693321228027,4.818645477294922,6.03603458404541,9.56683349609375,4.808586597442627,5.9433441162109375,2.0899672508239746,7.493017196655273,3.3497235774993896,2.7074227333068848
2020-10-06,1.292399525642395,4.924679279327393,6.139616966247559,9.544234275817871,4.966094017028809,6.0844340324401855,2.287414789199829,7.631910800933838,3.5572280883789062,2.680616617202759
2020-10-07,1.2789769172668457,4.883443832397461,6.186699867248535,9.393575668334961,5.007787227630615,6.049161434173584,2.332120418548584,7.55880880355835,3.4725325107574463,2.60913348197937
2020-10-08,1.2943170070648193,5.060168266296387,6.1961164474487305,9.461372375488281,5.137497901916504,5.916891098022461,2.2725138664245605,7.339499473571777,3.5318195819854736,2.5957303047180176
2020-10-09,1.292399525642395,5.048386096954346,6.186699867248535,9.574366569519043,5.114335060119629,5.9433441162109375,2.279963970184326,7.310259819030762,3.4725325107574463,2.6404073238372803
2020-10-12,1.254049301147461,4.918788909912109,5.970118045806885,9.58189868927002,4.901237964630127,5.89043664932251,2.2129063606262207,7.251777172088623,3.4682979583740234,2.5376501083374023
2020-10-13,1.275141954421997,4.977696418762207,5.941868305206299,9.596963882446289,4.966094017028809,5.8022565841674805,2.2278082370758057,7.0105390548706055,3.4682979583740234,2.555521011352539
2020-10-14,1.2770594358444214,4.9482421875,6.0454511642456055,9.491503715515137,4.966094017028809,5.819892883300781,2.2501606941223145,6.835093975067139,3.4386541843414307,2.528714895248413
2020-10-15,1.242544174194336,4.848099708557129,5.857119083404541,9.378510475158691,4.7900567054748535,5.731712341308594,2.175651788711548,6.590198993682861,3.3412539958953857,2.4661669731140137
2020-10-16,1.2636367082595825,4.818645477294922,5.866535663604736,9.220317840576172,4.850280284881592,5.811075210571289,2.183103084564209,6.4330291748046875,3.3878366947174072,2.475102663040161
2020-10-19,1.2502143383026123,4.800972938537598,5.970118045806885,9.144989013671875,4.734466075897217,5.731712341308594,2.1607506275177,6.637716770172119,3.4301846027374268,2.4840378761291504
2020-10-20,1.2713068723678589,4.818645477294922,5.988951206207275,9.265515327453613,4.845647811889648,5.6876220703125,2.153299570083618,6.5792341232299805,3.3878366947174072,2.54658579826355
2020-10-21,1.2808942794799805,4.771520137786865,6.017200946807861,9.10732364654541,4.808586597442627,5.696440696716309,2.153299570083618,6.436684608459473,3.320080041885376,2.5153119564056396
2020-10-22,1.236791729927063,4.712612152099609,5.93245267868042,8.768342018127441,4.77152681350708,5.6435322761535645,2.086242198944092,6.36358118057251,3.205740451812744,2.3768134117126465
2020-10-23,1.2463792562484741,4.771520137786865,5.923035144805908,8.926534652709961,4.780791759490967,5.678804874420166,2.1048686504364014,6.2868242263793945,3.1549229621887207,2.412554979324341
2020-10-26,1.1888540983200073,4.594796657562256,5.791203022003174,8.979264259338379,4.632550239562988,5.731712341308594,2.1160452365875244,6.082136631011963,3.0829310417175293,2.3276689052581787
2020-10-27,1.275141954421997,4.40629243850708,5.810035705566406,9.19771957397461,4.630696773529053,5.916891098022461,1.9968311786651611,5.9213104248046875,3.0067050457000732,2.4036195278167725
2020-10-29,1.2943170070648193,4.123535633087158,5.5463714599609375,8.43689250946045,4.382392406463623,5.7405314445495605,2.008007526397705,5.73855447769165,2.7949650287628174,2.448296546936035
2020-10-30,1.4381300210952759,4.079355239868164,5.452205657958984,8.602618217468262,4.447248458862305,5.863983154296875,1.9670277833938599,5.848207950592041,2.8076694011688232,2.501908779144287
2020-11-02,1.4668926000595093,4.123535633087158,5.527537822723389,8.775875091552734,4.539898872375488,5.863983154296875,1.8999704122543335,5.840897083282471,2.7737910747528076,2.492973804473877
2020-11-03,1.4668926000595093,4.306149959564209,5.555788516998291,8.903934478759766,4.604754447937012,5.952162742614746,1.9074211120605469,5.848207950592041,2.7864954471588135,2.5376501083374023
2020-11-04,1.4553875923156738,4.418074131011963,5.584037780761719,9.039528846740723,4.604754447937012,5.846346855163574,1.985655426979065,5.833588123321533,2.7737910747528076,2.5108442306518555
2020-11-05,1.486067533493042,4.400401592254639,5.508705139160156,9.25798225402832,4.697405815124512,5.9609808921813965,1.9744789600372314,5.859173774719238,2.6933302879333496,2.5153119564056396
2020-11-06,1.4764800071716309,4.300258636474609,5.471038818359375,9.355910301208496,4.688140869140625,5.89043664932251,1.981929898262024,5.848207950592041,2.7229738235473633,2.573391914367676
2020-11-09,1.6049530506134033,4.733230113983154,5.791203022003174,9.868149757385254,5.0865397453308105,5.9609808921813965,2.574272871017456,6.6559906005859375,3.1760969161987305,2.765502691268921
2020-11-10,1.7046633958816528,5.001259803771973,5.800619602203369,9.71749210357666,5.0958051681518555,5.996253490447998,2.764270544052124,6.725438594818115,3.0914011001586914,2.9084689617156982
2020-11-11,1.6969932317733765,5.054276943206787,5.923035144805908,9.303180694580078,5.183823585510254,6.146158695220947,3.0175998210906982,7.237156867980957,3.1676273345947266,3.069305658340454
2020-11-12,1.5953654050827026,5.007150650024414,5.866535663604736,9.077193260192871,5.183823585510254,6.172614097595215,2.898385763168335,7.310259819030762,3.125279188156128,3.0559029579162598
2020-11-13,1.735343337059021,5.001259803771973,5.847702503204346,9.160054206848145,5.142130374908447,6.181431770324707,2.9803454875946045,7.0068840980529785,3.133748769760132,3.377577066421509
2020-11-16,1.764106035232544,5.207436561584473,5.988951206207275,9.393575668334961,5.424715995788574,6.243157386779785,3.352888822555542,7.829289436340332,3.303140640258789,3.4490599632263184
2020-11-17,1.7736936807632446,5.042495250701904,6.139616966247559,9.536703109741211,5.424715995788574,6.2784295082092285,3.4534754753112793,7.675772666931152,3.2565577030181885,3.516075372695923
2020-11-18,1.840806245803833,5.124965667724609,6.431530952453613,9.740091323852539,5.540529727935791,6.216703414916992,3.352888822555542,7.770807266235352,3.311610460281372,3.5562846660614014
2020-11-19,1.858063817024231,5.02482271194458,6.299698829650879,9.679827690124512,5.466409206390381,6.066797733306885,3.1517152786254883,7.507637023925781,3.2396185398101807,3.5607523918151855
2020-11-20,1.8312188386917114,5.066058158874512,6.12078332901001,9.792820930480957,5.5358967781066895,5.996253490447998,3.1442642211914062,7.332191467285156,3.1676273345947266,3.5607523918151855
2020-11-23,1.7449311017990112,4.9482421875,6.101950168609619,9.868149757385254,5.540529727935791,5.996253490447998,2.913287878036499,7.354121208190918,3.125279188156128,3.4848015308380127
2020-11-24,1.7449311017990112,5.066058158874512,6.186699867248535,9.973612785339355,5.540529727935791,5.872799873352051,2.961719036102295,7.284673690795898,3.0659918785095215,3.444592237472534
2020-11-25,1.7046633958816528,5.057222843170166,6.309115409851074,10.02634334564209,5.7906880378723145,5.996253490447998,2.8760337829589844,7.726943492889404,3.116809844970703,3.417786121368408
2020-11-26,1.7046633958816528,5.32525110244751,6.591613292694092,10.25986385345459,6.02231502532959,6.040343284606934,2.9803454875946045,8.224041938781738,3.2946712970733643,3.4222536087036133
2020-11-27,1.6854884624481201,5.6845879554748535,6.827027797698975,10.289995193481445,6.34196138381958,6.049161434173584,3.1368138790130615,7.895081520080566,3.3708975315093994,3.377577066421509
2020-11-30,1.5186651945114136,5.566773414611816,6.874111175537109,10.523516654968262,6.402183532714844,6.128523349761963,3.352888822555542,7.829289436340332,3.4217147827148438,3.1809980869293213
2020-12-01,1.5512628555297852,5.702260971069336,7.005943775177002,10.546114921569824,6.346593379974365,6.11088752746582,3.2709293365478516,8.348318099975586,3.4301846027374268,3.2614171504974365
2020-12-02,1.5666028261184692,5.6492438316345215,6.949443340301514,10.583779335021973,6.267840385437012,6.049161434173584,3.2597527503967285,8.085148811340332,3.3412539958953857,3.1899337768554688
2020-12-03,1.6107054948806763,5.979126930236816,7.005943775177002,10.71937370300293,6.555058002471924,6.0844340324401855,3.2858314514160156,8.18748950958252,3.307375431060791,3.2882230281829834
2020-12-04,1.620293140411377,6.220648288726807,7.1189422607421875,10.71937370300293,6.485569953918457,6.11088752746582,3.2783803939819336,8.640727996826172,3.4386541843414307,3.355238437652588
2020-12-07,1.620293140411377,6.073379039764404,7.043609619140625,10.621443748474121,6.420714378356934,6.075615406036377,3.360339403152466,8.82348346710205,3.413245439529419,3.386512517929077
2020-12-08,1.6567256450653076,6.008580207824707,6.987109661102295,10.69677448272705,6.485569953918457,6.066797733306885,3.501906633377075,8.728450775146484,3.396306276321411,3.3909800052642822
2020-12-09,1.6394681930541992,6.014471530914307,6.8929443359375,10.433120727539062,6.406816482543945,6.296065807342529,3.8371946811676025,8.808862686157227,3.3878366947174072,3.377577066421509
2020-12-10,1.5685205459594727,6.096941947937012,6.657529354095459,10.16946792602539,6.402183532714844,6.172614097595215,3.7254319190979004,8.604174613952637,3.2692620754241943,3.270352363586426
2020-12-11,1.5819429159164429,6.096941947937012,6.6198625564575195,9.830485343933105,6.34196138381958,6.234339714050293,3.7254319190979004,8.626106262207031,3.290436267852783,3.30609393119812
2020-12-14,1.6471381187438965,6.185303688049316,6.779944896697998,9.762690544128418,6.462407112121582,6.190249919891357,3.770136833190918,8.757691383361816,3.2946712970733643,3.270352363586426
2020-12-15,1.6394681930541992,6.120504856109619,6.742278099060059,9.657227516174316,6.392919063568115,6.172614097595215,3.926605463027954,8.772314071655273,3.231149196624756,3.30609393119812
2020-12-16,1.6375505924224854,6.279555797576904,6.770528793334961,9.476438522338867,6.41608190536499,6.075615406036377,3.941506862640381,8.71382999420166,3.2819666862487793,3.3150296211242676
2020-12-17,1.629880666732788,6.161739826202393,6.657529354095459,9.58189868927002,6.4299798011779785,6.163795471191406,3.926605463027954,8.765002250671387,3.303140640258789,3.2167398929595947
2020-12-18,1.629880666732788,6.285447120666504,6.864694118499756,9.679827690124512,6.712564945220947,6.172614097595215,3.762686014175415,8.816173553466797,3.235383987426758,3.172062873840332
2020-12-21,1.606870412826538,6.038033485412598,6.676362991333008,9.461372375488281,6.541160583496094,6.066797733306885,3.650923013687134,8.39217758178711,3.201505422592163,3.038032054901123
2020-12-22,1.608788013458252,6.173522472381592,6.911777496337891,9.461372375488281,6.6430768966674805,6.11088752746582,3.6956286430358887,8.487211227416992,3.209975004196167,3.1273860931396484
2020-12-23,1.6183756589889526,6.185303688049316,7.081275939941406,9.740091323852539,6.624546527862549,6.11088752746582,3.7254319190979004,8.618797302246094,3.201505422592163,3.2346107959747314
2020-12-28,1.6279630661010742,6.415043354034424,7.297857284545898,10.094138145446777,6.948824882507324,6.216703414916992,4.083073616027832,8.786932945251465,3.2777316570281982,3.332900285720825
2020-12-29,1.5953654050827026,6.450387954711914,7.316690444946289,10.101673126220703,6.856173992156982,6.119705677032471,3.8595480918884277,8.71382999420166,3.2777316570281982,3.30609393119812
2020-12-30,1.5953654050827026,6.450387954711914,7.288440704345703,10.048940658569336,6.856173992156982,6.154977798461914,3.8446457386016846,8.699209213256836,3.3751320838928223,3.2614171504974365
2020-12-31,1.658643126487732,6.450387954711914,7.4202728271484375,9.928415298461914,6.883969306945801,6.057978630065918,3.8371946811676025,8.626106262207031,3.3878366947174072,3.3418352603912354
2021-01-04,1.6912407875061035,6.432714939117432,7.439106464385986,10.0866060256958,7.018312931060791,6.260793685913086,3.904252052307129,8.874656677246094,3.4640629291534424,3.30609393119812
2021-01-05,1.6759006977081299,6.420933723449707,7.401440143585205,10.16946792602539,6.8932342529296875,6.128523349761963,3.7850394248962402,8.90389633178711,3.400540828704834,3.1899337768554688
2021-01-07,1.6874058246612549,6.4739508628845215,7.486188888549805,10.056473731994629,6.9858856201171875,6.128523349761963,3.7850394248962402,9.612992286682129,3.400540828704834,3.30609393119812
2021-01-08,1.6950758695602417,6.5151872634887695,7.401440143585205,10.033873558044434,7.055373668670654,6.128523349761963,3.792489767074585,9.708025932312012,3.413245439529419,3.283755302429199
2021-01-11,1.6394681930541992,6.497514247894287,7.2696075439453125,9.792820930480957,6.911764621734619,5.978617191314697,3.6956286430358887,9.503337860107422,3.3539583683013916,3.172062873840332
2021-01-12,1.6490557193756104,6.574094295501709,6.977692604064941,9.792820930480957,6.907132148742676,5.9433441162109375,3.650923013687134,9.430235862731934,3.3539583683013916,3.1631276607513428
2021-01-13,1.6643956899642944,6.57998514175415,7.043609619140625,9.890748977661133,6.823746204376221,6.022706985473633,3.67327618598938,9.46678638458252,3.311610460281372,3.1363213062286377
2021-01-14,1.6394681930541992,6.574094295501709,6.949443340301514,9.890748977661133,6.717197418212891,6.022706985473633,3.6471986770629883,9.291341781616211,3.320080041885376,3.064838409423828
2021-01-15,1.6375505924224854,6.420933723449707,7.005943775177002,9.800354957580566,6.6430768966674805,5.916891098022461,3.5764150619506836,9.284029960632324,3.290436267852783,3.096112012863159
2021-01-18,1.6433032751083374,6.479842662811279,6.930610179901123,9.80788803100586,6.624546527862549,6.057978630065918,3.6062185764312744,9.320581436157227,3.332784414291382,3.029096841812134
2021-01-19,1.6433032751083374,6.497514247894287,7.015359401702881,9.830485343933105,6.786685466766357,6.022706985473633,3.5913164615631104,9.627612113952637,3.3581931591033936,3.172062873840332
2021-01-20,1.6548081636428833,6.526967525482178,6.949443340301514,9.792820930480957,6.698667526245117,5.9433441162109375,3.613668918609619,9.452166557312012,3.3454885482788086,3.2122721672058105
2021-01-21,1.629880666732788,6.444498062133789,6.779944896697998,9.70242691040039,6.670872211456299,6.0844340324401855,3.6956286430358887,9.357133865356445,3.3539583683013916,3.145256996154785
2021-01-22,1.620293140411377,6.185303688049316,6.798778057098389,9.506568908691406,6.513365745544434,5.969799041748047,3.501906633377075,9.035482406616211,3.320080041885376,3.122918128967285
2021-01-25,1.5819429159164429,6.1263957023620605,6.657529354095459,9.220317840576172,6.3373284339904785,5.908072471618652,3.390143394470215,8.918517112731934,3.2607927322387695,3.002290725708008
2021-01-26,1.5819429159164429,6.179412841796875,6.657529354095459,9.280580520629883,6.402183532714844,5.908072471618652,3.390143394470215,8.955068588256836,3.2607927322387695,2.9933550357818604
2021-01-27,1.486067533493042,5.920219421386719,6.601029396057129,9.092257499694824,6.2446770668029785,5.837528705596924,3.2411258220672607,8.691898345947266,3.2523229122161865,2.9665489196777344
2021-01-28,1.532087802886963,5.873093605041504,6.75169563293457,9.12238883972168,6.300268173217773,5.811075210571289,3.1293630599975586,8.662657737731934,3.209975004196167,2.9754843711853027
2021-01-29,1.5531803369522095,5.961453914642334,6.75169563293457,9.039528846740723,6.545793533325195,5.775803089141846,3.054854154586792,8.479903221130371,3.193035840988159,3.002290725708008
2021-02-01,1.629880666732788,5.890765190124512,6.770528793334961,9.016928672790527,6.531895637512207,5.731712341308594,2.9803454875946045,8.553003311157227,3.222679376602173,3.091644763946533
2021-02-02,1.6471381187438965,6.114614963531494,6.921194076538086,9.355910301208496,6.550426006317139,5.766984462738037,3.1815185546875,8.553003311157227,3.226914405822754,3.1095151901245117
2021-02-03,1.629880666732788,6.185303688049316,6.958860397338867,9.393575668334961,6.670872211456299,5.811075210571289,3.233675003051758,8.56031322479248,3.2523229122161865,3.069305658340454
2021-02-04,1.6375505924224854,6.185303688049316,6.8929443359375,9.401108741760254,6.670872211456299,5.731712341308594,3.2411258220672607,8.421419143676758,3.235383987426758,2.984419822692871
2021-02-05,1.6739833354949951,6.244211673736572,6.968276500701904,9.340846061706543,6.763523578643799,5.731712341308594,3.2448513507843018,8.377558708190918,3.2607927322387695,3.0425002574920654
2021-02-08,1.6893231868743896,6.362025737762451,7.156608581542969,9.43124008178711,6.948824882507324,5.758166790008545,3.233675003051758,8.41411018371582,3.2946712970733643,3.1005797386169434
2021-02-09,1.6471381187438965,6.132286548614502,7.024776458740234,9.190187454223633,6.856173992156982,5.678804874420166,3.233675003051758,8.370246887207031,3.205740451812744,3.0559029579162598
2021-02-10,1.6778182983398438,6.273664951324463,7.439106464385986,9.190187454223633,7.226778030395508,5.696440696716309,3.233675003051758,8.289834976196289,3.218444585800171,3.038032054901123
2021-02-11,1.6931583881378174,6.362025737762451,7.618021488189697,9.265515327453613,7.4584059715271,5.793438911437988,3.2709293365478516,8.245972633361816,3.231149196624756,3.0782415866851807
2021-02-12,1.6874058246612549,6.279555797576904,7.712186813354492,9.227851867675781,7.379652976989746,5.916891098022461,3.1405394077301025,8.267904281616211,3.226914405822754,3.038032054901123
2021-02-15,1.7449311017990112,6.33846378326416,7.787519931793213,9.491503715515137,7.736359596252441,5.996253490447998,3.1815185546875,8.626106262207031,3.303140640258789,3.2033371925354004
2021-02-16,1.7449311017990112,6.320791721343994,7.749853134155273,9.679827690124512,7.829009532928467,5.996253490447998,3.2411258220672607,8.582244873046875,3.2734968662261963,3.118450403213501
2021-02-17,1.746848464012146,6.238321781158447,7.759270191192627,9.483970642089844,8.083800315856934,5.908072471618652,3.2448513507843018,8.574934959411621,3.218444585800171,3.1318538188934326
2021-02-18,1.8599814176559448,6.167631149291992,7.749853134155273,9.33331298828125,8.384916305541992,5.828711032867432,3.2709293365478516,8.41411018371582,3.193035840988159,3.1899337768554688
2021-02-19,1.975031852722168,6.155850410461426,7.250774383544922,9.273048400878906,8.64433765411377,5.828711032867432,3.3081836700439453,8.406798362731934,3.2734968662261963,3.301626205444336
2021-02-22,1.946269154548645,6.138177394866943,7.636854648590088,9.190187454223633,8.616543769836426,5.908072471618652,3.1666171550750732,8.30445384979248,3.2692620754241943,3.440124750137329
2021-02-23,1.902166485786438,6.09105110168457,7.627438068389893,9.129921913146973,8.111595153808594,5.819892883300781,3.211322784423828,8.253281593322754,3.286201238632202,3.382044553756714
2021-02-24,1.9079190492630005,6.202975749969482,7.646271228790283,9.11485767364502,7.95408821105957,5.819892883300781,3.684452772140503,8.26059341430664,3.2946712970733643,3.440124750137329
2021-02-25,1.9155890941619873,6.373807907104492,7.796936511993408,9.370977401733398,8.139389991760254,5.819892883300781,3.7477846145629883,8.297144889831543,3.4555933475494385,3.466930866241455
2021-02-26,1.8829913139343262,6.562312126159668,8.004101753234863,9.596963882446289,8.245939254760742,5.89043664932251,3.904252052307129,8.319075584411621,3.4217147827148438,3.4490599632263184
2021-03-01,1.902166485786438,6.562312126159668,8.352516174316406,9.529168128967285,8.394182205200195,5.881618976593018,4.0383687019348145,8.443349838256836,3.4555933475494385,3.525010824203491
2021-03-02,1.9270941019058228,6.809723854064941,8.446681022644043,9.58189868927002,8.329324722290039,5.881618976593018,4.224639892578125,8.691898345947266,3.4725325107574463,3.618832588195801
2021-03-03,1.8983315229415894,6.792051315307617,8.324265480041504,9.551769256591797,8.190347671508789,5.89043664932251,4.142680644989014,8.633418083190918,3.4682979583740234,3.6367034912109375
2021-03-04,1.9558565616607666,6.6565656661987305,8.38076400756836,9.604497909545898,8.218144416809082,5.916891098022461,4.12777853012085,8.501832008361816,3.4725325107574463,3.8511524200439453
2021-03-05,1.9558565616607666,6.727253437042236,8.465514183044434,9.604497909545898,8.40807819366455,5.908072471618652,4.135229110717773,8.918517112731934,3.4428887367248535,3.842217206954956
2021-03-08,1.9990006685256958,6.6035475730896,8.569096565246582,9.521636009216309,8.4544038772583,6.022706985473633,4.1501312255859375,9.101273536682129,3.519115447998047,3.900296926498413
2021-03-09,1.9942066669464111,6.597656726837158,8.738595008850098,9.71749210357666,8.417343139648438,5.9874348640441895,4.135229110717773,9.210927963256836,3.6334550380706787,3.8779592514038086
2021-03-10,2.0133817195892334,6.792051315307617,8.74801254272461,9.868149757385254,8.412711143493652,6.049161434173584,4.09797477722168,9.2401704788208,3.616515874862671,3.842217206954956
2021-03-11,2.0133817195892334,6.797942161560059,8.955177307128906,9.943479537963867,8.389548301696777,6.075615406036377,4.023466110229492,9.393684387207031,3.684272289276123,3.8556203842163086
2021-03-12,2.037350654602051,6.709582805633545,8.97400951385498,9.868149757385254,8.440505981445312,5.969799041748047,4.023466110229492,9.393684387207031,3.6292197704315186,3.788604736328125
2021-03-16,2.0325567722320557,6.532858848571777,8.992843627929688,10.0866060256958,8.227409362792969,6.00507116317749,4.01601505279541,9.357133865356445,3.7350900173187256,3.8868937492370605
2021-03-17,2.0613198280334473,6.532858848571777,9.021093368530273,10.094138145446777,8.384916305541992,6.040343284606934,4.060720920562744,9.247478485107422,3.709681272506714,3.8198790550231934
2021-03-18,2.138019561767578,6.756707191467285,9.115259170532227,10.064007759094238,8.482198715209961,6.013889789581299,4.172484397888184,9.196308135986328,3.709681272506714,3.9628446102142334
2021-03-19,2.205132484436035,6.727253437042236,9.030510902404785,10.161935806274414,8.588748931884766,5.996253490447998,4.209738254547119,8.933135986328125,3.6461586952209473,3.869023323059082
2021-03-22,2.133226156234741,6.63300085067749,8.964594841003418,10.033873558044434,8.431241035461426,6.013889789581299,3.6919028759002686,9.291341781616211,3.692741632461548,3.985182523727417
2021-03-23,2.33935809135437,6.609439849853516,8.945760726928711,10.018808364868164,8.33395767211914,5.9874348640441895,3.8595480918884277,9.16706657409668,3.6419246196746826,4.306857109069824
2021-03-24,2.3537392616271973,6.615329742431641,9.058759689331055,10.124271392822266,8.320058822631836,6.00507116317749,3.8595480918884277,9.305961608886719,3.5318195819854736,4.329195499420166
2021-03-26,2.3489456176757812,6.709582805633545,9.454256057739258,10.229731559753418,8.347855567932129,6.243157386779785,3.799940824508667,9.41561508178711,3.6249852180480957,4.333662986755371
2021-03-29,2.33935809135437,6.821505546569824,9.388340950012207,10.244797706604004,8.310794830322266,6.666422367095947,3.9191548824310303,9.72264575958252,3.6461586952209473,4.3917436599731445
2021-03-30,2.396883249282837,6.75081729888916,9.736754417419434,10.282462120056152,8.431241035461426,6.816329002380371,4.060720920562744,10.044296264648438,3.6503942012786865,4.4676947593688965
2021-03-31,2.4112648963928223,6.792051315307617,9.774420738220215,10.305062294006348,8.431241035461426,6.666422367095947,3.926605463027954,9.846920013427734,3.599576234817505,4.306857109069824
2021-04-01,2.3585329055786133,7.027683734893799,9.868586540222168,10.244797706604004,8.431241035461426,6.851600646972656,3.97131085395813,10.088159561157227,3.684272289276123,4.271115779876709
2021-04-06,2.396883249282837,7.039463520050049,9.868586540222168,10.244797706604004,8.468301773071289,6.913327217102051,3.934056282043457,9.854230880737305,3.768968343734741,4.19963264465332
2021-04-07,2.3777081966400146,7.068917751312256,9.736754417419434,10.241032600402832,8.792579650878906,6.789875030517578,3.911703586578369,10.000435829162598,3.7350900173187256,4.266648292541504
2021-04-08,2.3777081966400146,7.098371505737305,9.491922378540039,10.395456314086914,8.968616485595703,7.054415702819824,4.008565425872803,9.99312686920166,3.7350900173187256,4.324728965759277
2021-04-09,2.396883249282837,7.098371505737305,9.491922378540039,10.546114921569824,9.079797744750977,7.054415702819824,4.008565425872803,9.868851661682129,3.7266199588775635,4.454291343688965
2021-04-12,2.3010079860687256,7.1278252601623535,9.491922378540039,10.508450508117676,8.954719543457031,7.230775356292725,4.008565425872803,9.971195220947266,3.773202657699585,4.436420440673828
2021-04-13,2.320183038711548,7.086590766906738,9.322422981262207,10.613912582397461,8.973250389099121,7.21314001083374,3.911703586578369,10.190502166748047,3.9129509925842285,4.244309902191162
2021-04-14,2.2962141036987305,7.1278252601623535,9.256507873535156,10.546114921569824,8.987146377563477,7.31895637512207,4.023466110229492,10.02967643737793,3.972238063812256,4.338130950927734
2021-04-15,2.2818331718444824,7.363457679748535,9.20942497253418,10.561182022094727,8.917657852172852,7.671676158905029,4.030917644500732,10.066227912902832,3.972238063812256,4.288986682891846
2021-04-16,2.3010079860687256,7.280986309051514,9.134092330932617,10.69677448272705,8.848170280456543,7.689311981201172,4.023466110229492,9.934642791748047,3.9129509925842285,4.19963264465332
2021-04-19,2.2818331718444824,7.098371505737305,9.18117618560791,10.425588607788086,8.588748931884766,7.654041290283203,3.822293281555176,9.693406105041504,3.752028703689575,4.0387959480285645
2021-04-20,2.3489456176757812,7.027683734893799,9.218841552734375,10.31259536743164,8.482198715209961,7.6981306076049805,3.799940824508667,9.72995662689209,3.692741632461548,4.020925045013428
2021-04-21,2.463995933532715,6.874524116516113,9.200008392333984,10.289995193481445,8.482198715209961,7.706948280334473,3.799940824508667,9.400995254516602,3.692741632461548,4.280051231384277
2021-04-22,2.5790462493896484,7.015900611877441,9.322422981262207,10.395456314086914,8.477566719055176,7.9803080558776855,3.8893516063690186,9.72264575958252,3.8240203857421875,4.5034356117248535
2021-04-23,2.6461589336395264,7.186734199523926,9.265925407409668,10.561182022094727,8.551687240600586,7.892126560211182,3.948957920074463,9.708025932312012,3.862133741378784,4.5034356117248535
2021-04-26,2.6557466983795166,7.363457679748535,9.454256057739258,10.621443748474121,8.797212600708008,8.094941139221191,4.0383687019348145,9.72264575958252,3.9002468585968018,4.610660076141357
2021-04-27,2.6509528160095215,7.3693461418151855,9.275341987609863,10.666642189025879,8.811110496520996,7.936217784881592,4.001114845275879,9.459476470947266,3.870603561401367,4.44982385635376
2021-04-28,2.626983880996704,7.475379943847656,9.360090255737305,10.772103309631348,8.792579650878906,7.84803581237793,4.023466110229492,9.408305168151855,3.9044816493988037,4.557048320770264
2021-04-29,2.7132716178894043,7.5107269287109375,9.454256057739258,10.628976821899414,8.723091125488281,7.504134178161621,3.956408739089966,9.393684387207031,3.9044816493988037,4.51237154006958
2021-05-05,2.77079701423645,7.481270790100098,9.35067367553711,10.561182022094727,8.588748931884766,7.627586841583252,3.9936628341674805,9.678783416748047,3.9044816493988037,4.521306991577148
2021-05-06,2.742034435272217,7.322220802307129,9.265925407409668,10.711841583251953,8.320058822631836,7.548224449157715,3.874448776245117,9.832301139831543,3.768968343734741,4.4676947593688965
2021-05-07,2.679715633392334,7.2927680015563965,9.34125804901123,10.583779335021973,8.199613571166992,7.3277740478515625,3.874448776245117,9.861540794372559,3.8113157749176025,4.548112869262695
2021-05-10,2.68450927734375,7.357565879821777,9.322422981262207,10.92276382446289,8.190347671508789,7.451227188110352,4.09797477722168,10.02967643737793,3.870603561401367,4.637466907501221
2021-05-11,2.694096565246582,7.198516368865967,9.143508911132812,10.892631530761719,8.079167366027832,7.389501094818115,4.12777853012085,9.846920013427734,3.8451945781707764,4.557048320770264
2021-05-12,2.7899725437164307,7.157279968261719,9.105842590332031,10.854966163635254,8.199613571166992,7.363046646118164,4.112877368927002,9.868851661682129,3.8451945781707764,4.557048320770264
2021-05-13,2.761209487915039,7.192624568939209,9.313008308410645,10.888863563537598,8.533157348632812,7.4247727394104,4.023466110229492,9.94195556640625,3.785907030105591,4.44982385635376
2021-05-14,2.694096565246582,7.334002494812012,9.435423851013184,11.073421478271484,8.551687240600586,7.8039469718933105,4.194836139678955,10.175882339477539,3.794377088546753,4.494500637054443
2021-05-17,2.7036843299865723,7.174951553344727,9.473091125488281,11.209013938903809,8.556320190429688,7.953853607177734,4.135229110717773,10.102779388427734,3.773202657699585,4.315792560577393
2021-05-18,2.679715633392334,7.104264259338379,9.30359172821045,10.998091697692871,8.357120513916016,7.8039469718933105,4.0458197593688965,10.022367477416992,3.768968343734741,4.329195499420166
2021-05-19,2.607809066772461,7.104264259338379,9.200008392333984,10.69677448272705,8.079167366027832,7.468862533569336,4.023466110229492,9.656852722167969,3.7181506156921387,4.195165157318115
2021-05-20,2.622190237045288,7.245641708374023,9.18117618560791,11.144984245300293,8.083800315856934,7.451227188110352,4.112877368927002,9.868851661682129,3.7181506156921387,4.253244876861572
2021-05-21,2.679715633392334,7.198516368865967,9.152926445007324,11.009390830993652,8.218144416809082,7.407135486602783,4.291697978973389,9.99312686920166,3.692741632461548,4.217503547668457
2021-05-24,2.617396354675293,7.263313293457031,9.105842590332031,11.126151084899902,8.338589668273926,7.407135486602783,4.392136573791504,9.94195556640625,3.70121169090271,4.280051231384277
2021-05-25,2.626983880996704,7.157279968261719,9.096426010131836,10.885098457336426,8.282999992370605,7.41595458984375,4.2689924240112305,9.788436889648438,3.5318195819854736,4.07453727722168
2021-05-26,2.5694589614868164,7.2515339851379395,8.945760726928711,10.964193344116211,8.394182205200195,7.548224449157715,4.392136573791504,9.759197235107422,3.599576234817505,4.159422874450684
2021-05-27,2.4927585124969482,7.6285400390625,8.917510986328125,10.91899585723877,8.366384506225586,7.601131916046143,4.761569023132324,9.854230880737305,3.5572280883789062,4.217503547668457
2021-05-28,2.535902500152588,7.599087238311768,8.992843627929688,11.031991004943848,8.352487564086914,7.565860748291016,4.564538478851318,9.824991226196289,3.671567916870117,4.154554843902588
2021-05-31,2.531108856201172,7.599087238311768,9.134092330932617,11.156283378601074,8.394182205200195,7.742220401763916,4.663053512573242,9.912712097167969,3.7266199588775635,4.145563125610352
2021-06-01,2.5742526054382324,7.6815571784973145,9.021093368530273,11.227846145629883,8.357120513916016,7.715765953063965,4.515280723571777,10.23436450958252,3.7266199588775635,4.18602991104126
2021-06-02,2.54548978805542,7.9171881675720215,9.077592849731445,11.092253684997559,8.320058822631836,7.715765953063965,4.515280723571777,10.870357513427734,3.7435593605041504,4.1815338134765625
2021-06-03,2.5742526054382324,7.952532768249512,9.04934310913086,10.975492477416992,8.264470100402832,7.715765953063965,4.515280723571777,10.672980308532715,3.760498523712158,4.177036762237549
2021-06-04,2.6365716457366943,7.964315414428711,9.039926528930664,11.220314025878906,8.199613571166992,7.724584102630615,4.515280723571777,10.687601089477539,3.76473331451416,4.163548469543457
2021-06-07,2.5886340141296387,7.934861660003662,9.105842590332031,11.073421478271484,8.296897888183594,7.689311981201172,4.531700134277344,10.607187271118164,3.709681272506714,4.136570453643799
2021-06-08,2.622190237045288,8.0526762008667,9.20942497253418,11.295642852783203,8.52389144897461,7.689311981201172,4.531700134277344,10.746082305908203,3.752028703689575,4.136570453643799
2021-06-09,2.59822154045105,7.905406475067139,9.096426010131836,11.284343719482422,8.477566719055176,7.645222187042236,4.523489952087402,10.746082305908203,3.8282551765441895,4.163548469543457
2021-06-10,2.5886340141296387,8.070347785949707,9.322422981262207,11.389803886413574,8.505362510681152,7.8039469718933105,4.523489952087402,10.819186210632324,3.8282551765441895,4.293940544128418
2021-06-11,2.603015184402466,8.046783447265625,9.397756576538086,11.435003280639648,8.486831665039062,7.865673542022705,4.515280723571777,10.819186210632324,3.768968343734741,4.316421985626221
2021-06-14,2.617396354675293,7.993768215179443,9.52958869934082,11.318241119384766,8.52389144897461,7.8039469718933105,4.523489952087402,10.819186210632324,3.7181506156921387,4.320918083190918
2021-06-15,2.612602472305298,7.834718227386475,9.3695068359375,11.450068473815918,8.491464614868164,7.6981306076049805,4.42497444152832,10.84111499786377,3.768968343734741,4.329909801483154
2021-06-16,2.54548978805542,7.699229717254639,9.124675750732422,11.427469253540039,8.477566719055176,7.662858486175537,4.2689924240112305,10.731461524963379,3.7562637329101562,4.2354888916015625
2021-06-17,2.54548978805542,7.657994747161865,9.115259170532227,11.540462493896484,8.519259452819824,7.742220401763916,4.3675079345703125,10.921528816223145,3.7562637329101562,4.199518203735352
2021-06-18,2.550283908843994,7.646212577819824,9.143508911132812,11.348373413085938,8.52389144897461,7.565860748291016,4.466022968292236,10.811875343322754,3.752028703689575,4.091608047485352
2021-06-22,2.5886340141296387,7.540180683135986,9.134092330932617,11.499032020568848,8.49609661102295,7.671676158905029,4.638424873352051,10.760703086853027,3.8282551765441895,4.046645641326904
2021-06-23,2.4975523948669434,7.587306022644043,9.115259170532227,11.706189155578613,8.468301773071289,7.627586841583252,4.745149612426758,10.702220916748047,3.8367247581481934,4.001681804656982
2021-06-24,2.5023458003997803,7.61086893081665,9.058759689331055,11.68359088897705,8.459036827087402,7.654041290283203,4.638424873352051,10.651049613952637,3.768968343734741,4.064630031585693
2021-06-25,2.5071396827697754,7.652103900909424,9.077592849731445,11.630681037902832,8.486831665039062,7.636404514312744,4.753359317779541,10.599876403808594,3.8494293689727783,4.024163246154785
2021-06-28,2.4496147632598877,7.699229717254639,8.90809440612793,11.705564498901367,8.4497709274292,7.724584102630615,4.441393852233887,10.446359634399414,3.7266199588775635,4.046645641326904
2021-06-29,2.3825018405914307,7.652103900909424,8.851593971252441,11.429676055908203,8.431241035461426,7.618768692016602,4.227944374084473,10.417120933532715,3.798611640930176,3.9567201137542725
2021-06-30,2.3585329055786133,7.487163066864014,8.804512977600098,11.153787612915039,8.310794830322266,7.50085973739624,4.342878818511963,10.453672409057617,3.777437686920166,3.992690086364746
2021-07-01,2.3153891563415527,7.5696330070495605,8.813926696777344,11.358732223510742,8.40344524383545,7.664119243621826,4.441393852233887,10.402501106262207,3.7266199588775635,4.055638313293457
2021-07-02,2.3441519737243652,7.5107269287109375,8.936344146728516,11.37449836730957,8.347855567932129,7.618768692016602,4.515280723571777,10.460983276367188,3.7266199588775635,4.024163246154785
2021-07-05,2.272245168685913,7.410582065582275,8.804512977600098,11.342967987060547,8.329324722290039,7.401089668273926,4.334669589996338,10.28553581237793,3.70121169090271,4.028660297393799
2021-07-06,2.33935809135437,7.2750935554504395,8.861010551452637,11.607032775878906,8.292263984680176,7.310390472412109,4.441393852233887,10.314775466918945,3.692741632461548,4.127577781677246
2021-07-07,2.4304397106170654,7.345785140991211,8.78567886352539,11.662211418151855,8.264470100402832,7.165271282196045,4.29362154006958,10.256295204162598,3.6758029460906982,4.17254114151001
2021-07-08,2.3105955123901367,7.304548263549805,8.578513145446777,11.413910865783691,8.106962203979492,7.147130489349365,4.3264594078063965,10.088159561157227,3.599576234817505,3.9881935119628906
2021-07-09,2.387295961380005,7.339892864227295,8.832761764526367,11.536090850830078,8.111595153808594,7.337600231170654,4.359298229217529,10.168571472167969,3.6419246196746826,4.082615375518799
2021-07-12,2.387295961380005,7.469490051269531,8.842179298400879,11.567621231079102,8.106962203979492,7.165271282196045,4.392136573791504,10.175882339477539,3.6419246196746826,4.001681804656982
2021-07-13,2.406470775604248,7.327859878540039,8.795095443725586,11.327202796936035,8.199613571166992,7.056431293487549,4.236154079437256,10.175882339477539,3.6419246196746826,4.042149066925049
2021-07-14,2.387295961380005,7.340174198150635,8.861010551452637,11.559737205505371,8.162553787231445,7.156200885772705,4.186896800994873,10.073538780212402,3.6673333644866943,3.992690086364746
2021-07-15,2.387295961380005,7.130806922912598,8.861010551452637,11.42573356628418,8.116228103637695,7.07457160949707,4.186896800994873,9.883471488952637,3.6419246196746826,4.010674953460693
2021-07-16,2.4304397106170654,7.093860626220703,9.06817626953125,11.55579662322998,8.171817779541016,6.9838714599609375,4.2689924240112305,9.846920013427734,3.6419246196746826,4.006178855895996
2021-07-19,2.257863998413086,6.83522891998291,8.663262367248535,11.362674713134766,7.8753342628479,6.802472114562988,4.104800701141357,9.488717079162598,3.514880418777466,3.7319061756134033
2021-07-20,2.2147200107574463,6.946069717407227,8.766846656799316,11.52032470703125,7.810479640960693,6.829682350158691,4.071962356567383,9.503337860107422,3.536054849624634,3.7364022731781006
2021-07-21,2.3537392616271973,7.124649524688721,8.813926696777344,11.54397201538086,7.967986106872559,6.893171787261963,4.104800701141357,9.620302200317383,3.608046054840088,3.920750141143799
2021-07-22,2.3489456176757812,7.149281024932861,8.92692756652832,11.662211418151855,7.986515998840332,6.938521862030029,4.186896800994873,9.744577407836914,3.6376895904541016,3.884779214859009
2021-07-23,2.33935809135437,7.081544399261475,8.964594841003418,11.603092193603516,8.153288841247559,7.110851287841797,4.195106506347656,9.868851661682129,3.599576234817505,3.920750141143799
2021-07-26,2.3489456176757812,7.167755126953125,8.97400951385498,11.705564498901367,8.264470100402832,7.237830638885498,4.2689924240112305,9.927331924438477,3.591106414794922,3.9567201137542725
2021-07-27,2.396883249282837,7.315544128417969,8.92692756652832,11.973570823669434,8.245939254760742,7.319459915161133,4.2607831954956055,10.058917999267578,3.5572280883789062,3.929741621017456
2021-07-28,2.396883249282837,7.35249137878418,8.97400951385498,12.091809272766113,8.208877563476562,7.3285298347473145,4.2607831954956055,10.080848693847656,3.5529937744140625,4.028660297393799
2021-07-29,2.3681206703186035,7.407911777496338,8.851593971252441,12.18639850616455,8.190347671508789,7.219690799713135,4.40855598449707,10.015056610107422,3.5572280883789062,4.019667148590088
2021-07-30,2.3729143142700195,7.500278949737549,8.964594841003418,12.12333869934082,8.384916305541992,7.156200885772705,4.433184623718262,9.912712097167969,3.5318195819854736,4.037652492523193
2021-08-02,2.3729143142700195,7.5680155754089355,8.97400951385498,12.296754837036133,8.301528930664062,7.165271282196045,4.301830768585205,10.02967643737793,3.603811264038086,4.141067028045654
2021-08-03,2.320183038711548,7.512596130371094,8.983427047729492,12.336167335510254,8.357120513916016,7.110851287841797,4.236154079437256,9.890783309936523,3.6292197704315186,4.114089012145996
2021-08-04,2.3777081966400146,7.555699825286865,8.955177307128906,12.139103889465332,8.505362510681152,7.101780891418457,4.236154079437256,9.83961009979248,3.6503942012786865,4.127577781677246
2021-08-05,2.3633267879486084,7.451015949249268,9.021093368530273,12.407110214233398,8.52389144897461,7.07457160949707,4.252573013305664,9.868851661682129,3.616515874862671,4.127577781677246
2021-08-06,2.329770565032959,7.451015949249268,8.955177307128906,12.407110214233398,8.486831665039062,6.9838714599609375,4.236154079437256,9.898092269897461,3.582636833190918,4.082615375518799
2021-08-09,2.320183038711548,7.377121925354004,8.92692756652832,12.375578880310059,8.514625549316406,7.092711448669434,4.236154079437256,9.773818969726562,3.608046054840088,4.132074356079102
2021-08-10,2.406470775604248,7.414068698883057,8.90809440612793,12.485936164855957,8.616543769836426,6.9838714599609375,4.236154079437256,9.846920013427734,3.5487585067749023,4.127577781677246
2021-08-11,2.416058301925659,7.54954195022583,8.955177307128906,12.454405784606934,8.667501449584961,7.110851287841797,4.236154079437256,10.073538780212402,3.497941493988037,4.132074356079102
2021-08-12,2.406470775604248,7.444857597351074,8.90809440612793,12.340107917785645,8.625807762145996,7.138060569763184,4.203315734863281,10.000435829162598,3.574167251586914,4.136570453643799
2021-08-13,2.4448208808898926,7.469490051269531,8.964594841003418,12.367697715759277,8.560952186584473,7.165271282196045,4.285411834716797,9.949262619018555,3.616515874862671,4.136570453643799
2021-08-16,2.473583459854126,7.574173927307129,8.92692756652832,12.612056732177734,8.667501449584961,7.110851287841797,4.277202129364014,9.854230880737305,3.6758029460906982,4.132074356079102
2021-08-17,2.392089366912842,7.666541576385498,8.97400951385498,12.612056732177734,8.70919418334961,7.165271282196045,4.351088523864746,9.890783309936523,3.620750904083252,4.042149066925049
2021-08-18,2.334563970565796,7.574173927307129,8.983427047729492,12.596291542053223,8.764784812927246,7.101780891418457,4.466022968292236,9.83961009979248,3.6376895904541016,3.992690086364746
2021-08-19,2.3010079860687256,7.451015949249268,8.842179298400879,12.56870174407959,8.667501449584961,6.965732097625732,4.383927345275879,9.700715065002441,3.5445239543914795,3.871290683746338
2021-08-20,2.2818331718444824,7.487964630126953,8.842179298400879,12.5923490524292,8.64433765411377,6.938521862030029,4.392136573791504,9.620302200317383,3.591106414794922,3.8667945861816406
2021-08-23,2.3441519737243652,7.5988054275512695,8.861010551452637,12.887945175170898,9.005677223205566,7.029221057891846,4.40855598449707,9.883471488952637,3.5868723392486572,4.001681804656982
2021-08-24,2.329770565032959,7.685014247894287,9.34125804901123,12.919473648071289,9.255834579467773,7.237830638885498,4.457813262939453,9.978503227233887,3.616515874862671,4.199518203735352
2021-08-25,2.3441519737243652,7.962119102478027,9.265925407409668,13.006181716918945,9.367016792297363,7.301320552825928,4.433184623718262,10.22705364227295,3.663098096847534,4.17254114151001
2021-08-26,2.33935809135437,8.005223274230957,9.284757614135742,13.124420166015625,9.195611953735352,7.283180236816406,4.44960355758667,10.248985290527344,3.6334550380706787,4.118585586547852
2021-08-27,2.33935809135437,8.005223274230957,9.171758651733398,13.163834571838379,9.265100479125977,7.382950305938721,4.433184623718262,10.256295204162598,3.582636833190918,4.073622703552246
2021-08-30,2.468789577484131,8.122224807739258,9.20942497253418,13.19930648803711,9.394811630249023,7.800168037414551,4.474232196807861,10.460983276367188,3.8324897289276123,4.22649621963501
2021-08-31,2.4927585124969482,8.177644729614258,9.171758651733398,13.136246681213379,9.29289436340332,7.582488059997559,4.498861312866211,10.23436450958252,3.798611640930176,4.253473281860352
2021-09-01,2.478377103805542,8.183802604675293,9.284757614135742,12.785470962524414,9.126123428344727,7.700398921966553,4.4167656898498535,10.007746696472168,3.7223854064941406,4.17254114151001
2021-09-02,2.4879648685455322,8.06064510345459,9.218841552734375,12.824884414672852,9.357751846313477,7.582488059997559,4.4167656898498535,10.088159561157227,3.6673333644866943,4.141067028045654
2021-09-03,2.5215213298797607,8.134539604187012,9.22825813293457,12.53322982788086,9.29289436340332,7.645979404449463,4.40855598449707,9.978503227233887,3.692741632461548,4.154554843902588
2021-09-06,2.5215213298797607,8.12838077545166,9.190592765808105,12.71452808380127,9.37628173828125,7.528069496154785,4.383927345275879,9.920022010803223,3.6588635444641113,4.136570453643799
2021-09-07,2.5215213298797607,7.9436445236206055,9.143508911132812,12.623878479003906,9.265100479125977,7.509929180145264,4.351088523864746,9.890783309936523,3.6334550380706787,4.15905237197876
2021-09-08,2.5215213298797607,8.079119682312012,9.077592849731445,12.643588066101074,9.08906364440918,7.437368869781494,4.301830768585205,9.72995662689209,3.578402042388916,4.190526008605957
2021-09-09,2.4927585124969482,8.029853820800781,8.964594841003418,12.627821922302246,8.968616485595703,7.382950305938721,4.342878818511963,9.649542808532715,3.603811264038086,4.127577781677246
2021-09-10,2.454408645629883,8.005223274230957,8.936344146728516,12.903709411621094,9.172449111938477,7.346670627593994,4.277202129364014,9.656852722167969,3.582636833190918,4.100600719451904
2021-09-13,2.55507755279541,8.08527660369873,8.964594841003418,12.848531723022461,9.728354454040527,7.365339756011963,4.3182501792907715,9.708025932312012,3.5656979084014893,4.22649621963501
2021-09-14,2.5694589614868164,8.226906776428223,8.936344146728516,12.994359970092773,9.654234886169434,7.225314617156982,4.359298229217529,9.71533489227295,3.5656979084014893,4.2354888916015625
2021-09-15,2.5598714351654053,8.202276229858398,8.90809440612793,12.9352388381958,9.468932151794434,7.243985176086426,4.3264594078063965,9.656852722167969,3.574167251586914,4.316421985626221
2021-09-16,2.5694589614868164,8.436274528503418,8.898676872253418,12.797296524047852,9.431872367858887,7.159969329833984,4.351088523864746,9.788436889648438,3.5487585067749023,4.379368782043457
2021-09-17,2.5215213298797607,8.491695404052734,8.851593971252441,12.848531723022461,9.357751846313477,7.4400200843811035,4.3264594078063965,9.94195556640625,3.5572280883789062,4.2220001220703125
2021-09-20,2.5598714351654053,8.356223106384277,8.616179466247559,12.80911922454834,8.991780281066895,7.281325340270996,4.219735145568848,9.686094284057617,3.4682979583740234,4.114089012145996
2021-09-21,2.5934276580810547,8.313116073608398,8.710346221923828,12.769708633422852,8.723091125488281,7.206644535064697,4.29362154006958,9.72264575958252,3.4725325107574463,4.046645641326904
2021-09-22,2.59822154045105,8.263854026794434,8.672679901123047,12.722411155700684,8.625807762145996,7.197309494018555,4.2689924240112305,9.868851661682129,3.4725325107574463,4.060133457183838
2021-09-23,2.4496147632598877,8.374696731567383,8.663262367248535,12.824884414672852,8.357120513916016,7.010609149932861,4.186896800994873,9.72264575958252,3.4301846027374268,3.8937718868255615
2021-09-24,2.396883249282837,8.22075080871582,8.625595092773438,12.454405784606934,7.393549919128418,6.945263385772705,4.15405797958374,9.664164543151855,3.4471237659454346,4.001681804656982
2021-09-27,2.396883249282837,8.079119682312012,8.456097602844238,12.608115196228027,7.4954657554626465,6.945263385772705,4.17868709564209,9.7811279296875,3.4301846027374268,3.902764320373535
2021-09-28,2.3105955123901367,8.011383056640625,8.296016693115234,12.26522445678711,7.4676713943481445,6.82390832901001,4.137639045715332,9.832301139831543,3.4217147827148438,3.8398163318634033
2021-09-29,2.320183038711548,8.005223274230957,8.474931716918945,12.769708633422852,7.41208028793335,6.898588180541992,4.145848751068115,9.759197235107422,3.400540828704834,3.875786542892456
2021-09-30,2.2818331718444824,8.23922348022461,8.493764877319336,12.785470962524414,7.597382068634033,6.82390832901001,4.2607831954956055,9.649542808532715,3.3878366947174072,3.7319061756134033
2021-10-01,2.3825018405914307,8.282327651977539,8.663262367248535,12.730293273925781,7.8753342628479,6.749227523803711,4.195106506347656,9.788436889648438,3.3878366947174072,3.875786542892456
2021-10-04,2.4352331161499023,8.356223106384277,8.587930679321289,12.612056732177734,8.014310836791992,6.767898082733154,4.186896800994873,9.72995662689209,3.396306276321411,3.9072604179382324
2021-10-05,2.454408645629883,8.313116073608398,8.616179466247559,12.470170021057129,8.13012409210205,6.898588180541992,4.285411834716797,10.073538780212402,3.4301846027374268,3.965712308883667
2021-10-06,2.4496147632598877,8.294645309448242,8.597347259521484,12.612056732177734,8.153288841247559,6.926593780517578,4.3100409507751465,10.161260604858398,3.3793671131134033,3.875786542892456
2021-10-07,2.5071396827697754,8.313116073608398,8.700928688049316,12.612056732177734,8.181082725524902,7.225314617156982,4.3675079345703125,10.453672409057617,3.4386541843414307,4.046645641326904
2021-10-08,2.5167274475097656,8.313116073608398,8.870428085327148,12.675117492675781,8.208877563476562,7.187974452972412,4.29362154006958,10.599876403808594,3.409010648727417,4.100600719451904
2021-10-11,2.483170986175537,8.25153923034668,8.870428085327148,12.53322982788086,8.079167366027832,7.131964206695557,4.244363784790039,10.439051628112793,3.3624279499053955,4.087111473083496
2021-10-12,2.4448208808898926,8.25153923034668,8.955177307128906,12.529290199279785,8.153288841247559,7.103959560394287,4.2689924240112305,10.39518928527832,3.3793671131134033,4.046645641326904
2021-10-13,2.459202289581299,8.22075080871582,8.955177307128906,12.383462905883789,8.23204231262207,7.075953960418701,4.162268161773682,10.292845726013184,3.3708975315093994,4.010674953460693
2021-10-14,2.463995933532715,8.25153923034668,9.011676788330078,12.399227142333984,8.245939254760742,7.066619396209717,4.211525917053223,10.373257637023926,3.3878366947174072,3.9747045040130615
2021-10-15,2.483170986175537,8.313116073608398,9.162341117858887,12.30069637298584,8.329324722290039,7.103959560394287,4.203315734863281,10.665668487548828,3.4301846027374268,4.015171051025391
2021-10-18,2.483170986175537,8.23922348022461,9.134092330932617,12.06027889251709,8.477566719055176,7.019943714141846,4.162268161773682,10.746082305908203,3.4301846027374268,3.920750141143799
2021-10-19,2.5215213298797607,8.362380981445312,9.162341117858887,12.217928886413574,8.616543769836426,6.982603549957275,4.211525917053223,10.811875343322754,3.4386541843414307,3.9702084064483643
2021-10-20,2.531108856201172,8.511266708374023,9.171758651733398,12.139103889465332,8.801844596862793,7.150634288787842,4.227944374084473,10.987320899963379,3.4640629291534424,3.992690086364746
2021-10-21,2.483170986175537,8.474043846130371,9.143508911132812,12.083925247192383,8.70919418334961,7.131964206695557,4.227944374084473,10.972700119018555,3.4386541843414307,4.001681804656982
2021-10-22,2.5023458003997803,8.591913223266602,9.34125804901123,12.099691390991211,8.574850082397461,7.075953960418701,4.2607831954956055,10.84842586517334,3.3624279499053955,3.9747045040130615
2021-10-25,2.535902500152588,8.331363677978516,9.331840515136719,12.213988304138184,8.40344524383545,6.991938591003418,4.2689924240112305,10.84842586517334,3.3708975315093994,3.938734531402588
2021-10-26,2.5598714351654053,8.405804634094238,9.30359172821045,12.198223114013672,8.412711143493652,6.973268508911133,4.227944374084473,10.782633781433105,3.3793671131134033,4.046645641326904
2021-10-27,2.5886340141296387,8.548487663269043,9.190592765808105,12.217928886413574,8.699930191040039,7.066619396209717,4.2607831954956055,10.877667427062988,3.3878366947174072,4.028660297393799
2021-10-29,2.5886340141296387,8.343770027160645,9.105842590332031,12.06027889251709,8.686031341552734,7.057283878326416,4.227944374084473,10.731461524963379,3.2523229122161865,3.938734531402588
2021-11-01,2.6653342247009277,8.312751770019531,9.322422981262207,12.225811958312988,8.565584182739258,7.141299247741699,4.236154079437256,10.775322914123535,3.2946712970733643,4.006178855895996
2021-11-02,2.679715633392334,8.19488525390625,9.275341987609863,12.20610523223877,8.593379020690918,7.010609149932861,4.162268161773682,10.746082305908203,3.311610460281372,4.010674953460693
2021-11-03,2.68450927734375,8.312751770019531,9.18117618560791,12.217928886413574,8.70919418334961,7.066619396209717,4.121219635009766,10.936148643493652,3.2777316570281982,4.019667148590088
2021-11-04,2.6605403423309326,8.269328117370605,9.190592765808105,11.981453895568848,8.801844596862793,7.094624042510986,4.195106506347656,10.936148643493652,3.2607927322387695,3.992690086364746
2021-11-05,2.6557466983795166,8.176276206970215,9.08700942993164,11.926274299621582,9.121491432189941,7.225314617156982,4.236154079437256,10.84842586517334,3.2692620754241943,3.9747045040130615
2021-11-08,2.6557466983795166,8.176276206970215,9.604921340942383,12.020866394042969,9.867331504821777,7.328000068664551,4.186896800994873,10.863757133483887,3.3539583683013916,3.9747045040130615
2021-11-09,2.6461589336395264,8.126646041870117,9.642587661743164,12.020866394042969,10.098958015441895,7.281325340270996,4.244363784790039,10.819294929504395,3.3878366947174072,4.001681804656982
2021-11-10,2.751621961593628,8.269328117370605,9.567255020141602,11.981453895568848,9.913657188415527,7.243985176086426,4.195106506347656,10.722957611083984,3.4725325107574463,4.109593391418457
2021-11-11,2.751621961593628,8.374786376953125,9.567255020141602,12.178516387939453,9.441136360168457,7.131964206695557,4.236154079437256,10.834115982055664,3.4725325107574463,4.069126605987549
2021-11-12,2.7372405529022217,8.250717163085938,9.567255020141602,11.894745826721191,9.496728897094727,7.038613796234131,4.17868709564209,10.98973560333252,3.4640629291534424,4.078118324279785
2021-11-15,2.7324466705322266,8.188681602478027,9.52958869934082,12.193012237548828,9.654234886169434,7.001274108886719,4.162268161773682,10.834115982055664,3.4513583183288574,4.064630031585693
2021-11-16,2.7180657386779785,8.03359317779541,9.567255020141602,11.960535049438477,9.561583518981934,6.889253616333008,4.088381767272949,10.596981048583984,3.4259495735168457,4.069126605987549
2021-11-17,2.77079701423645,8.145256996154785,9.699088096618652,12.072766304016113,9.329955101013184,7.057283878326416,4.104800701141357,10.685906410217285,3.4471237659454346,4.17254114151001
2021-11-18,2.761209487915039,8.07081413269043,9.793252944946289,12.345324516296387,9.533787727355957,7.1132941246032715,4.17868709564209,10.596981048583984,3.4471237659454346,4.208510875701904
2021-11-19,2.7995595932006836,8.052203178405762,9.604921340942383,12.180987358093262,9.37628173828125,7.019943714141846,4.088381767272949,10.448771476745605,3.3878366947174072,4.213006973266602
2021-11-22,2.842703342437744,7.940539360046387,9.510756492614746,12.040699005126953,9.265100479125977,7.038613796234131,4.051438331604004,10.485821723937988,3.3539583683013916,4.26696252822876
2021-11-23,2.818734645843506,7.853690147399902,9.331840515136719,12.160944938659668,9.079797744750977,6.86124849319458,4.030913829803467,10.270918846130371,3.298905849456787,4.100600719451904
2021-11-24,2.8762600421905518,7.779247283935547,9.275341987609863,12.168962478637695,9.014942169189453,6.767898082733154,3.9857614040374756,10.263509750366211,3.2819666862487793,4.123081684112549
2021-11-25,2.9194040298461914,7.940539360046387,9.360090255737305,12.345324516296387,8.987146377563477,6.86124849319458,4.121219635009766,10.589568138122559,3.303140640258789,4.195022106170654
2021-11-26,2.7995595932006836,7.5993452072143555,9.030510902404785,12.036691665649414,8.5424222946167,6.711888313293457,3.8420937061309814,10.152351379394531,3.133748769760132,3.9567201137542725
2021-11-29,2.828322410583496,7.64897346496582,9.039926528930664,12.144912719726562,8.70919418334961,6.749227523803711,3.924189805984497,10.189404487609863,3.193035840988159,4.100600719451904
2021-11-30,2.7947657108306885,7.611751079559326,9.22825813293457,12.229084968566895,8.718460083007812,6.926593780517578,4.006285667419434,9.930036544799805,3.2607927322387695,4.060133457183838
2021-12-01,2.823528528213501,7.5993452072143555,9.30359172821045,12.353340148925781,8.760151863098145,6.7865681648254395,3.915980100631714,9.959680557250977,3.3624279499053955,4.141067028045654
2021-12-02,2.7947657108306885,7.593140125274658,9.22825813293457,12.40143871307373,8.89449691772461,6.805238246917725,3.8995606899261475,9.96709156036377,3.3370189666748047,4.064630031585693
2021-12-03,2.809147357940674,7.7544331550598145,9.22825813293457,12.337307929992676,8.908392906188965,7.001274108886719,3.9488182067871094,10.078248023986816,3.315845012664795,4.028660297393799
2021-12-06,2.7803845405578613,7.72961950302124,9.200008392333984,12.425488471984863,8.755518913269043,7.075953960418701,4.018599510192871,10.122710227966309,3.2438535690307617,3.9567201137542725
2021-12-07,2.7803845405578613,7.8040618896484375,9.190592765808105,12.481602668762207,9.042738914489746,7.159969329833984,4.104800701141357,10.19681453704834,3.2692620754241943,4.010674953460693
2021-12-08,2.7851784229278564,7.748229503631592,9.20942497253418,12.64995002746582,9.014942169189453,7.047949314117432,4.162268161773682,10.219045639038086,3.324314832687378,4.064630031585693
2021-12-09,2.7899725437164307,7.847485542297363,9.190592765808105,12.906476020812988,9.005677223205566,7.0292792320251465,4.088381767272949,10.485821723937988,3.3412539958953857,4.046645641326904
2021-12-10,2.8762600421905518,7.797857284545898,9.22825813293457,12.89044189453125,9.033473014831543,7.169303894042969,4.022704601287842,10.50064468383789,3.3878366947174072,4.033156871795654
2021-12-13,2.905022144317627,7.642768859863281,9.162341117858887,12.938541412353516,8.811110496520996,7.187974452972412,4.162268161773682,10.30056095123291,3.3412539958953857,4.073622703552246
2021-12-14,2.9002292156219482,7.543511390686035,9.077592849731445,13.026721954345703,8.70919418334961,7.019943714141846,4.104800701141357,10.219045639038086,3.303140640258789,3.9971866607666016
2021-12-15,2.9194040298461914,7.5559210777282715,8.992843627929688,13.082837104797363,8.66286849975586,7.047949314117432,4.076066970825195,10.189404487609863,3.2946712970733643,3.952223539352417
2021-12-16,3.0488357543945312,7.5993452072143555,9.077592849731445,13.130935668945312,8.630440711975098,7.187974452972412,4.162268161773682,10.19681453704834,3.286201238632202,4.1815338134765625
2021-12-17,3.0488357543945312,7.506291389465332,8.842179298400879,13.030729293823242,8.801844596862793,7.271989822387695,4.096590995788574,10.018962860107422,3.2607927322387695,4.244481086730957
2021-12-20,3.0056917667388916,7.506291389465332,8.870428085327148,12.78622817993164,8.556320190429688,7.057283878326416,4.006285667419434,10.004142761230469,3.2692620754241943,4.17254114151001
2021-12-21,3.0248665809631348,7.568325519561768,8.78567886352539,12.98263168334961,8.5424222946167,7.019943714141846,4.039124011993408,10.093069076538086,3.2607927322387695,4.230992317199707
2021-12-22,2.9481661319732666,7.72961950302124,8.776261329650879,13.146967887878418,8.394182205200195,7.001274108886719,4.059648036956787,10.152351379394531,3.2523229122161865,4.123081684112549
2021-12-23,2.9433727264404297,7.8226704597473145,8.832761764526367,13.191058158874512,8.440505981445312,7.187974452972412,4.014495372772217,10.204225540161133,3.298905849456787,4.163548469543457
2021-12-27,2.924197196960449,7.7544331550598145,8.97400951385498,12.986640930175781,8.431241035461426,7.225314617156982,3.8995606899261475,10.181992530822754,3.2777316570281982,4.064630031585693
2021-12-28,2.9529600143432617,7.8226704597473145,9.002260208129883,13.263206481933594,8.4497709274292,7.225314617156982,3.9406089782714844,10.167171478271484,3.3370189666748047,4.064630031585693
2021-12-29,2.9337852001190186,7.810265064239502,9.030510902404785,13.175025939941406,8.459036827087402,7.066619396209717,3.932399034500122,10.144941329956055,3.32854962348938,4.064630031585693
2021-12-30,2.962547779083252,7.7544331550598145,8.983427047729492,12.986640930175781,8.5424222946167,7.234649181365967,3.8995606899261475,10.204225540161133,3.286201238632202,4.064630031585693
2021-12-31,2.972135066986084,7.73582124710083,8.955177307128906,13.030729293823242,8.70919418334961,7.2906599044799805,3.9447131156921387,10.189404487609863,3.2607927322387695,4.127577781677246
2022-01-03,3.044041872024536,7.866096496582031,9.04934310913086,13.251182556152344,8.616543769836426,7.234649181365967,4.039124011993408,10.285740852355957,3.3666625022888184,4.154554843902588
2022-01-04,3.0488357543945312,7.946743011474609,9.134092330932617,13.483659744262695,8.533157348632812,7.281325340270996,4.129429340362549,10.337613105773926,3.4344191551208496,4.163548469543457
2022-01-05,3.0008981227874756,7.940539360046387,9.096426010131836,13.29928207397461,8.4497709274292,7.187974452972412,4.145848751068115,10.307971954345703,3.4471237659454346,4.132074356079102
2022-01-07,3.0008981227874756,7.87850284576416,9.039926528930664,13.090853691101074,8.394182205200195,7.243985176086426,4.170477390289307,10.330204010009766,3.493706226348877,4.078118324279785
2022-01-10,2.9961040019989014,7.8040618896484375,9.039926528930664,13.146967887878418,8.255204200744629,7.281325340270996,4.186896800994873,10.463592529296875,3.485236883163452,4.091608047485352
2022-01-11,3.0680108070373535,8.03359317779541,9.04934310913086,13.427543640136719,8.482198715209961,7.21597957611084,4.227944374084473,10.685906410217285,3.4598281383514404,4.17254114151001
2022-01-12,3.1638858318328857,8.238309860229492,9.3695068359375,13.579856872558594,8.584115028381348,7.234649181365967,4.29362154006958,10.96750545501709,3.6758029460906982,4.2354888916015625
2022-01-13,3.192648410797119,8.225902557373047,9.22825813293457,13.860433578491211,8.616543769836426,7.281325340270996,4.433184623718262,11.115713119506836,3.7266199588775635,4.22649621963501
2022-01-14,3.2022359371185303,8.139053344726562,9.378925323486328,13.716137886047363,8.375651359558105,7.262654781341553,4.3100409507751465,11.049019813537598,3.709681272506714,4.18602991104126
2022-01-17,3.3076987266540527,8.294142723083496,9.322422981262207,13.76423454284668,8.421976089477539,7.430685043334961,4.359298229217529,11.026787757873535,3.8113157749176025,4.293940544128418
2022-01-18,3.3076987266540527,8.126646041870117,9.247091293334961,13.515725135803223,8.282999992370605,7.580045223236084,4.3675079345703125,11.041607856750488,3.785907030105591,4.2894439697265625
2022-01-19,3.5090372562408447,8.126646041870117,9.190592765808105,13.599897384643555,8.282999992370605,7.552041053771973,4.498861312866211,11.338028907775879,3.8028464317321777,4.469294548034668
2022-01-20,3.4898622035980225,8.139053344726562,9.284757614135742,13.567831039428711,8.264470100402832,7.430685043334961,4.498861312866211,11.352849006652832,3.7477943897247314,4.4782867431640625
2022-01-21,3.451511859893799,7.971558094024658,9.134092330932617,13.547791481018066,8.153288841247559,7.299994468688965,4.490651607513428,11.115713119506836,3.6461586952209473,4.370377063751221
2022-01-24,3.475480556488037,7.766840934753418,9.002260208129883,13.347379684448242,7.921661376953125,7.131964206695557,4.351088523864746,10.745189666748047,3.616515874862671,4.262465953826904
2022-01-25,3.595324993133545,7.7544331550598145,8.870428085327148,13.475642204284668,7.829009532928467,7.075953960418701,4.2689924240112305,10.582159996032715,3.5868723392486572,4.22649621963501
2022-01-26,3.7103750705718994,8.170071601867676,8.964594841003418,13.792291641235352,8.02820873260498,7.131964206695557,4.392136573791504,10.760010719299316,3.7181506156921387,4.316421985626221
2022-01-27,3.6432626247406006,8.182477951049805,8.851593971252441,13.87646484375,8.116228103637695,7.038613796234131,4.433184623718262,10.752599716186523,3.6419246196746826,4.257970333099365
2022-01-28,3.6192939281463623,8.027389526367188,8.757429122924805,13.748201370239258,7.986515998840332,7.001274108886719,4.342878818511963,10.50064468383789,3.5318195819854736,4.22649621963501
2022-01-31,3.6336750984191895,8.176276206970215,8.682097434997559,13.840391159057617,7.986515998840332,7.187974452972412,4.507071495056152,10.537696838378906,3.6292197704315186,4.298436641693115
2022-02-01,3.5857372283935547,8.387194633483887,8.964594841003418,13.98067855834961,8.04673957824707,7.234649181365967,4.712311267852783,10.774831771850586,3.6673333644866943,4.496273040771484
2022-02-02,3.60011887550354,8.269328117370605,9.06817626953125,14.01274585723877,8.227409362792969,7.159969329833984,4.794407367706299,10.782241821289062,3.7181506156921387,4.523250102996826
2022-02-03,3.51383113861084,8.188681602478027,9.030510902404785,13.960637092590332,8.056004524230957,7.21597957611084,4.8765034675598145,10.619210243225098,3.663098096847534,4.464798450469971
2022-02-04,3.6432626247406006,8.064611434936523,8.917510986328125,13.9125394821167,8.069903373718262,7.0292792320251465,4.8765034675598145,10.65626335144043,3.7308549880981445,4.523250102996826
2022-02-07,3.6288812160491943,8.046000480651855,8.842179298400879,13.872456550598145,7.829009532928467,7.001274108886719,4.827245712280273,10.485821723937988,3.688507318496704,4.451309680938721
2022-02-08,3.542593240737915,8.325159072875977,8.757429122924805,14.108942031860352,7.63444185256958,7.085289478302002,4.786197662353516,10.389488220214844,3.6503942012786865,4.370377063751221
2022-02-09,3.523418426513672,8.480247497558594,8.861010551452637,14.14902400970459,7.690032958984375,7.159969329833984,4.901132106781006,10.737777709960938,3.7266199588775635,4.379368782043457
2022-02-10,3.4946556091308594,8.505061149597168,8.78567886352539,14.10493278503418,7.824377059936523,7.057283878326416,4.9421796798706055,10.722957611083984,3.688507318496704,4.329909801483154
2022-02-11,3.5857372283935547,8.430620193481445,8.851593971252441,14.30935287475586,8.018943786621094,7.066619396209717,5.08995246887207,10.604392051696777,3.7308549880981445,4.2759552001953125
2022-02-14,3.5090372562408447,8.343770027160645,8.729179382324219,14.108942031860352,7.8614373207092285,7.075953960418701,5.007856845855713,10.508055686950684,3.6122803688049316,4.132074356079102
2022-02-15,3.5569751262664795,8.498859405517578,8.92692756652832,14.245221138000488,7.995781421661377,6.991938591003418,5.11458158493042,10.493233680725098,3.6292197704315186,4.177036762237549
2022-02-16,3.6864066123962402,8.449231147766113,8.851593971252441,14.301336288452148,8.069903373718262,6.954598426818848,5.1474199295043945,10.38207721710205,3.6249852180480957,4.17254114151001
2022-02-17,3.604912042617798,8.424416542053223,8.757429122924805,14.301336288452148,8.083800315856934,6.86124849319458,5.106371879577637,10.352435111999512,3.6122803688049316,4.123081684112549
2022-02-18,3.734344005584717,8.523673057556152,8.870428085327148,14.052827835083008,7.967986106872559,6.898588180541992,5.098162651062012,10.374667167663574,3.616515874862671,4.199518203735352
2022-02-21,3.7774879932403564,8.393399238586426,8.842179298400879,14.084891319274902,8.060637474060059,6.870584011077881,5.024275779724121,10.426539421081543,3.574167251586914,4.136570453643799
2022-02-22,3.80625057220459,8.343770027160645,8.757429122924805,14.269270896911621,8.102330207824707,6.814572811126709,5.024275779724121,10.52287483215332,3.5445239543914795,4.136570453643799
2022-02-23,3.89253830909729,8.250717163085938,8.719762802124023,14.573897361755371,8.106962203979492,6.805238246917725,4.9914374351501465,10.893399238586426,3.5614631175994873,4.213006973266602
2022-02-24,3.6336750984191895,7.7854509353637695,8.286599159240723,14.389516830444336,7.555688858032227,6.4971818923950195,4.556329250335693,10.30056095123291,3.307375431060791,3.7768685817718506
2022-02-25,3.8637759685516357,7.99016809463501,8.606762886047363,14.638028144836426,7.8521728515625,6.730558395385742,4.843664646148682,10.88598918914795,3.48100209236145,4.073622703552246
2022-02-28,3.7870755195617676,8.03359317779541,8.183015823364258,14.269270896911621,7.847540378570557,6.739892482757568,4.720520496368408,10.589568138122559,3.32854962348938,3.8667945861816406
2022-03-01,3.595324993133545,8.163867950439453,8.098267555236816,14.381501197814941,7.527893543243408,6.57186222076416,4.515280723571777,10.256098747253418,3.2523229122161865,3.740898370742798
2022-03-02,3.403574228286743,8.225902557373047,8.041768074035645,14.365467071533203,7.194349765777588,6.487847328186035,4.244363784790039,10.018962860107422,3.2734968662261963,3.650973081588745
2022-03-03,3.4802746772766113,8.058405876159668,8.098267555236816,14.008737564086914,7.078536510467529,6.4971818923950195,4.392136573791504,10.478413581848145,3.2946712970733643,3.7319061756134033
2022-03-04,3.2022359371185303,7.797857284545898,7.86285400390625,13.62795639038086,6.856173992156982,6.263805866241455,4.104800701141357,10.078248023986816,3.1506879329681396,3.5250775814056396
2022-03-08,2.9961040019989014,7.425645351409912,7.627438068389893,12.553751945495605,6.670872211456299,6.161120891571045,4.088381767272949,9.85593318939209,3.0575225353240967,3.3002641201019287
2022-03-09,3.2933175563812256,7.506291389465332,7.806352615356445,12.962590217590332,7.078536510467529,6.4318366050720215,4.301830768585205,9.915216445922852,3.1803317070007324,3.5250775814056396
2022-03-10,3.192648410797119,7.326389789581299,7.740437030792236,12.986640930175781,6.800583362579346,6.263805866241455,4.121219635009766,9.566924095153809,3.10834002494812,3.4171671867370605
2022-03-11,3.4275429248809814,7.679991722106934,7.825186252593994,13.259199142456055,6.976620197296143,6.375826835632324,4.244363784790039,9.774417877197266,3.218444585800171,3.453137159347534
2022-03-14,3.523418426513672,7.574531078338623,7.938185691833496,13.030729293823242,6.967355251312256,6.2358012199401855,4.244363784790039,9.789237022399902,3.2650275230407715,3.529574155807495
2022-03-15,3.6432626247406006,7.438052177429199,8.088850975036621,12.593832969665527,6.874704360961914,6.310482025146484,4.203315734863281,9.767006874084473,3.209975004196167,3.7453949451446533
2022-03-16,3.7774879932403564,7.859892845153809,8.550264358520508,13.307297706604004,7.226778030395508,6.543857574462891,4.392136573791504,10.174582481384277,3.3370189666748047,3.9162535667419434
2022-03-17,3.4994494915008545,7.779247283935547,8.3996000289917,13.8163423538208,7.226778030395508,6.450507164001465,4.2689924240112305,10.011554718017578,3.235383987426758,3.727409839630127
2022-03-18,3.403574228286743,7.723414897918701,8.569096565246582,13.611920356750488,7.087801933288574,6.450507164001465,4.359298229217529,9.700312614440918,3.121044397354126,3.812838554382324
2022-03-21,3.259761333465576,7.692397117614746,8.550264358520508,13.363411903381348,6.995151042938232,6.310482025146484,4.351088523864746,9.9893217086792,3.1591577529907227,3.925245523452759
2022-03-22,3.3029050827026367,7.779247283935547,8.456097602844238,13.27523136138916,6.930294990539551,6.385162353515625,4.351088523864746,10.041194915771484,3.1845664978027344,3.9477272033691406
2022-03-23,3.274142265319824,8.046000480651855,8.352516174316406,12.89044189453125,6.800583362579346,6.478511810302734,4.277202129364014,9.93744945526123,3.125279188156128,3.848809242248535
2022-03-24,3.120742082595825,8.00877857208252,8.267765998840332,12.657965660095215,6.6801371574401855,6.301146507263184,4.137639045715332,9.93744945526123,3.1549229621887207,3.686943292617798
2022-03-28,3.111154556274414,8.157663345336914,8.296016693115234,13.146967887878418,6.763523578643799,6.487847328186035,4.244363784790039,10.152351379394531,3.1676273345947266,3.857801914215088
2022-03-29,3.3076987266540527,8.244513511657715,8.324265480041504,13.724153518676758,7.1989827156066895,6.562527179718018,4.342878818511963,10.671085357666016,3.226914405822754,3.9567201137542725
2022-03-30,3.254967451095581,8.176276206970215,8.97400951385498,13.363411903381348,7.226778030395508,6.53452205657959,4.433184623718262,10.708136558532715,3.218444585800171,3.9747045040130615
2022-03-31,3.240586280822754,8.188681602478027,8.870428085327148,13.146967887878418,7.041475772857666,6.403831481933594,4.548119068145752,10.43394947052002,3.121044397354126,3.9971866607666016
2022-04-01,3.2981114387512207,8.28173542022705,8.823344230651855,13.579856872558594,7.124861717224121,6.487847328186035,4.679472923278809,10.596981048583984,3.133748769760132,3.9567201137542725
2022-04-04,3.2885239124298096,8.306548118591309,8.832761764526367,13.62795639038086,7.226778030395508,6.487847328186035,4.704102039337158,10.730368614196777,3.116809844970703,3.9747045040130615
2022-04-05,3.326873779296875,8.387194633483887,8.879844665527344,13.77225112915039,7.273103713989258,6.487847328186035,4.572748184204102,10.76742172241211,3.0914011001586914,3.9432311058044434
2022-04-06,3.2118234634399414,8.449231147766113,8.851593971252441,13.788285255432129,7.171186923980713,6.441172122955322,4.482442378997803,10.782241821289062,3.0914011001586914,3.8667945861816406
2022-04-07,3.269348621368408,8.511266708374023,8.889261245727539,14.036795616149902,7.1758198738098145,6.4971818923950195,4.433184623718262,10.952682495117188,3.099870443344116,3.848809242248535
2022-04-08,3.3029050827026367,8.802831649780273,8.870428085327148,14.638028144836426,7.291633129119873,6.618537902832031,4.400346279144287,10.819294929504395,3.1549229621887207,3.8667945861816406
2022-04-11,3.2981114387512207,8.833849906921387,9.058759689331055,14.694140434265137,7.829009532928467,6.721222400665283,4.457813262939453,10.96750545501709,3.209975004196167,3.911756753921509
2022-04-12,3.3076987266540527,8.796629905700684,9.322422981262207,14.413566589355469,7.764153480529785,6.599867820739746,4.474232196807861,11.375080108642578,3.218444585800171,3.911756753921509
2022-04-13,3.3700177669525146,8.902088165283203,9.30359172821045,14.557860374450684,7.95872163772583,6.637207508087158,4.392136573791504,11.123124122619629,3.1676273345947266,3.938734531402588
2022-04-14,3.3748116493225098,8.902088165283203,9.247091293334961,14.461666107177734,7.699298858642578,6.646543025970459,4.466022968292236,11.041607856750488,3.1506879329681396,4.010674953460693
2022-04-19,3.33166766166687,8.759407043457031,9.52958869934082,14.42158317565918,7.523261070251465,6.655877590179443,4.44960355758667,10.760010719299316,3.2777316570281982,4.042149066925049
2022-04-20,3.317286252975464,8.908292770385742,9.548422813415527,14.269270896911621,7.555688858032227,6.683882713317871,4.556329250335693,10.88598918914795,3.286201238632202,4.109593391418457
2022-04-21,3.24537992477417,9.038567543029785,9.435423851013184,14.461666107177734,7.57885217666626,6.7585625648498535,4.630215167999268,10.96750545501709,3.2692620754241943,4.163548469543457
2022-04-26,3.11594820022583,8.889681816101074,9.34125804901123,14.485716819763184,7.48620080947876,6.693217754364014,4.556329250335693,11.115713119506836,3.1676273345947266,4.046645641326904
2022-04-27,3.0200729370117188,8.69737434387207,9.134092330932617,14.413566589355469,7.073904037475586,6.515852451324463,4.474232196807861,11.049019813537598,3.125279188156128,3.8398163318634033
2022-04-28,3.034454107284546,8.815239906311035,9.3695068359375,14.654060363769531,7.041475772857666,6.53452205657959,4.474232196807861,11.249101638793945,3.0871663093566895,3.830824613571167
2022-04-29,3.1351232528686523,8.796629905700684,9.22825813293457,14.750256538391113,7.087801933288574,6.665213108062744,4.4167656898498535,11.189817428588867,3.1506879329681396,3.7723724842071533
2022-05-03,2.981722593307495,8.622928619384766,9.08700942993164,14.605960845947266,6.791317939758301,6.53452205657959,4.351088523864746,10.930452346801758,3.027878999710083,3.570040225982666
2022-05-04,2.9433727264404297,8.647745132446289,9.18117618560791,14.325386047363281,6.689402103424072,6.618537902832031,4.392136573791504,11.115713119506836,3.015174388885498,3.5790328979492188
2022-05-05,2.914609909057617,8.622928619384766,9.124675750732422,14.084891319274902,6.568955898284912,6.6745476722717285,4.392136573791504,11.478825569152832,3.036348342895508,3.6150028705596924
2022-05-06,2.742034435272217,8.399601936340332,9.08700942993164,14.189107894897461,6.351226329803467,6.53452205657959,4.2689924240112305,11.478825569152832,2.9135396480560303,3.4711220264434814
2022-05-09,2.5886340141296387,8.219698905944824,8.898676872253418,14.301336288452148,6.170556545257568,6.53452205657959,4.227944374084473,11.671500205993652,2.828843355178833,3.3497231006622314
2022-05-10,2.7132716178894043,8.343770027160645,8.710346221923828,14.30935287475586,6.124231338500977,6.618537902832031,4.334669589996338,11.508468627929688,2.845782518386841,3.3362343311309814
2022-05-11,2.8570849895477295,8.263124465942383,8.870428085327148,14.365467071533203,6.124231338500977,6.627872467041016,4.3264594078063965,11.678909301757812,2.866956949234009,3.5070924758911133
2022-05-12,2.7372405529022217,8.163867950439453,8.729179382324219,14.229187965393066,5.920398712158203,6.627872467041016,4.17868709564209,11.678909301757812,2.7949650287628174,3.372204303741455
2022-05-13,2.991309881210327,8.064611434936523,9.011676788330078,14.341419219970703,6.02231502532959,6.618537902832031,4.285411834716797,12.153179168701172,2.837312936782837,3.4576334953308105
2022-05-16,3.034454107284546,8.101831436157227,8.898676872253418,13.908531188964844,5.837013244628906,6.581197738647461,4.2689924240112305,11.85676097869873,2.837312936782837,3.5340700149536133
2022-05-17,3.096773147583008,8.306548118591309,8.870428085327148,13.603904724121094,5.864808559417725,6.627872467041016,4.3100409507751465,12.07907485961914,2.854252338409424,3.5790328979492188
2022-05-18,3.111154556274414,8.312751770019531,8.870428085327148,13.595888137817383,5.864808559417725,6.6745476722717285,4.2607831954956055,12.027202606201172,2.850017547607422,3.6150028705596924
2022-05-19,3.183060884475708,8.349973678588867,8.74801254272461,14.413566589355469,5.735097408294678,6.562527179718018,4.219735145568848,11.708551406860352,2.811903953552246,3.4171671867370605
2022-05-20,3.173473358154297,8.157663345336914,8.851593971252441,13.964646339416504,5.864808559417725,6.543857574462891,4.211525917053223,11.88640308380127,2.7102694511413574,3.3497231006622314
2022-05-23,3.178267240524292,8.294142723083496,9.039926528930664,14.237203598022461,5.9250311851501465,6.581197738647461,4.2607831954956055,11.930866241455078,2.735678195953369,3.4081742763519287
2022-05-24,3.0680108070373535,8.07081413269043,8.983427047729492,13.908531188964844,5.7582597732543945,6.53452205657959,4.186896800994873,11.7826566696167,2.6933302879333496,3.5070924758911133
2022-05-25,3.111154556274414,8.19488525390625,8.945760726928711,13.780268669128418,5.837013244628906,6.581197738647461,4.15405797958374,11.893814086914062,2.7737910747528076,3.556551218032837
2022-05-26,3.11594820022583,8.287938117980957,9.322422981262207,13.812333106994629,5.920398712158203,6.581197738647461,4.252573013305664,11.930866241455078,2.761086940765381,3.610506534576416
2022-05-27,3.0680108070373535,8.374786376953125,9.322422981262207,14.00472640991211,5.725831985473633,6.6092023849487305,4.277202129364014,12.042022705078125,2.727208375930786,3.5790328979492188
2022-05-30,3.096773147583008,8.343770027160645,9.454256057739258,13.788285255432129,5.670241355895996,6.646543025970459,4.17868709564209,12.116127967834473,2.727208375930786,3.5340700149536133
2022-05-31,3.058422803878784,8.616726875305176,9.416590690612793,14.18109130859375,5.670241355895996,6.627872467041016,4.170477390289307,12.130949974060059,2.739912986755371,3.5340700149536133
2022-06-01,3.0680108070373535,8.908292770385742,9.416590690612793,14.42959976196289,5.725831985473633,6.814572811126709,4.195106506347656,12.708964347839355,2.7187387943267822,3.5520553588867188
2022-06-02,2.957753896713257,8.740796089172363,9.322422981262207,14.245221138000488,5.707301616668701,7.085289478302002,4.170477390289307,12.879405975341797,2.7102694511413574,3.5205812454223633
2022-06-03,2.9961040019989014,8.933107376098633,9.34125804901123,14.132990837097168,5.698036193847656,7.374675273895264,4.227944374084473,13.205467224121094,2.7864954471588135,3.598816394805908
2022-06-06,3.0680108070373535,8.7780179977417,9.416590690612793,14.00472640991211,5.776790142059326,7.262654781341553,4.244363784790039,13.420372009277344,2.727208375930786,3.6264290809631348
2022-06-07,3.0200729370117188,8.722187042236328,9.35067367553711,13.916546821594238,5.637813568115234,7.169303894042969,4.383927345275879,13.405549049377441,2.6933302879333496,3.5712039470672607
2022-06-08,2.9865164756774902,8.858663558959961,9.661422729492188,14.00472640991211,5.559060096740723,7.328000068664551,4.433184623718262,13.524118423461914,2.7017998695373535,3.469958543777466
2022-06-09,2.8762600421905518,8.77181625366211,9.548422813415527,13.868449211120605,5.443246364593506,7.449355602264404,4.392136573791504,13.45001220703125,2.7695565223693848,3.4331419467926025
2022-06-10,2.766003370285034,8.684965133666992,9.22825813293457,13.555807113647461,5.2255167961120605,7.25331974029541,4.334669589996338,13.190646171569824,2.7102694511413574,3.32729434967041
2022-06-14,2.6365716457366943,8.560894012451172,9.021093368530273,12.609867095947266,4.947563648223877,7.187974452972412,4.227944374084473,12.597808837890625,2.5366427898406982,3.1938345432281494
2022-06-15,2.6557466983795166,8.77181625366211,8.842179298400879,13.146967887878418,5.021684646606445,7.094624042510986,4.2689924240112305,13.057257652282715,2.5112338066101074,3.212242841720581
2022-06-16,2.4927585124969482,8.57950496673584,8.74801254272461,12.665982246398926,4.827117443084717,7.085289478302002,4.162268161773682,13.153594017028809,2.4985296726226807,3.120201587677002
2022-06-17,2.622190237045288,8.622928619384766,9.08700942993164,12.858378410339355,4.989256858825684,7.094624042510986,4.195106506347656,13.146184921264648,2.5832254886627197,3.0925889015197754
2022-06-20,2.5886340141296387,8.684965133666992,9.134092330932617,13.066802978515625,5.211618423461914,7.094624042510986,4.17868709564209,12.768250465393066,2.659451723098755,3.0925889015197754
2022-06-21,2.6605403423309326,8.660151481628418,9.039926528930664,13.227133750915527,5.146762847900391,7.066619396209717,4.211525917053223,13.227699279785156,2.7102694511413574,3.2076404094696045
2022-06-22,2.5886340141296387,8.740796089172363,8.955177307128906,13.122919082641602,4.956828594207764,7.103959560394287,4.170477390289307,13.487065315246582,2.727208375930786,3.2076404094696045
2022-06-23,2.607809066772461,8.666356086730957,8.92692756652832,13.11490249633789,5.1560282707214355,7.122629165649414,4.211525917053223,13.561168670654297,2.7017998695373535,3.221447229385376
2022-06-24,2.626983880996704,8.64154052734375,8.945760726928711,13.122919082641602,5.049479007720947,7.085289478302002,4.15405797958374,13.487065315246582,2.7102694511413574,3.134007692337036
2022-06-27,2.5215213298797607,8.69737434387207,8.813926696777344,13.082837104797363,4.817851543426514,6.963933944702148,4.15405797958374,13.264751434326172,2.659451723098755,3.0925889015197754
2022-06-28,2.5694589614868164,8.858663558959961,8.757429122924805,13.082837104797363,4.77152681350708,6.721222400665283,4.121219635009766,13.057257652282715,2.5959298610687256,3.134007692337036
2022-06-29,2.59822154045105,8.598115921020508,8.729179382324219,13.227133750915527,4.882707595825195,6.814572811126709,4.055542945861816,13.464834213256836,2.5154685974121094,3.0511703491210938
2022-06-30,2.5071396827697754,8.554689407348633,8.832761764526367,13.347379684448242,4.878075122833252,6.767898082733154,3.965237617492676,13.227699279785156,2.5112457275390625,3.064976453781128
2022-07-01,2.4352331161499023,8.498859405517578,8.832761764526367,13.065998077392578,4.729833602905273,6.627872467041016,3.8954555988311768,13.190646171569824,2.506847620010376,3.097191095352173
2022-07-04,2.396883249282837,8.647745132446289,8.804512977600098,13.447851181030273,4.776159286499023,6.7585625648498535,3.9406089782714844,13.153594017028809,2.4188880920410156,3.0373644828796387
2022-07-05,2.253070116043091,8.405804634094238,8.512598037719727,13.348237037658691,4.578812599182129,6.53452205657959,3.866722583770752,13.116541862487793,2.366112470626831,3.009751796722412
2022-07-06,2.2962141036987305,8.585707664489746,8.38076400756836,13.215417861938477,4.632550239562988,6.53452205657959,3.7805216312408447,12.694144248962402,2.4364800453186035,3.0373644828796387
2022-07-07,2.5886340141296387,8.684965133666992,8.465514183044434,13.431248664855957,4.688140869140625,6.721222400665283,3.965237617492676,12.520049095153809,2.6255929470062256,3.3088862895965576
2022-07-08,2.607809066772461,8.591913223266602,8.456097602844238,13.406344413757324,4.697405815124512,6.721222400665283,4.0350189208984375,12.473678588867188,2.590409278869629,3.336498737335205
2022-07-11,2.540696144104004,8.678762435913086,8.38076400756836,13.42294692993164,4.506544589996338,6.711888313293457,3.981656551361084,12.195455551147461,2.506847620010376,3.244457483291626
2022-07-12,2.679715633392334,8.622928619384766,8.314849853515625,13.298430442810059,4.495426654815674,6.777233600616455,3.9775516986846924,12.458222389221191,2.5244393348693848,3.221447229385376
2022-07-13,2.674921751022339,8.715982437133789,8.38076400756836,13.48935604095459,4.715936183929443,6.767898082733154,4.006285667419434,12.75190258026123,2.6255929470062256,3.221447229385376
2022-07-14,2.6557466983795166,8.926904678344727,8.361931800842285,13.505958557128906,4.715936183929443,6.907923698425293,3.981656551361084,12.635976791381836,2.5596234798431396,3.2030386924743652
2022-07-15,2.6557466983795166,8.790425300598145,8.361931800842285,13.447851181030273,4.674243450164795,6.898588180541992,3.9077703952789307,12.674617767333984,2.5948073863983154,3.2260489463806152
2022-07-18,2.77079701423645,8.893312454223633,8.418431282043457,13.754993438720703,4.715936183929443,6.86124849319458,4.039124011993408,12.867828369140625,2.6519811153411865,3.2306509017944336
2022-07-19,2.751621961593628,8.841869354248047,8.550264358520508,13.547464370727539,4.725200653076172,6.870584011077881,4.0268096923828125,13.292893409729004,2.656378984451294,3.1984364986419678
2022-07-20,2.679715633392334,8.91903305053711,8.917510986328125,13.597270965576172,5.049479007720947,6.945263385772705,4.080171585083008,13.493830680847168,2.6080009937286377,3.175426483154297
2022-07-21,2.68450927734375,9.041213989257812,8.936344146728516,13.572367668151855,5.318167209625244,6.954598426818848,4.186896800994873,13.308347702026367,2.687164783477783,3.1478137969970703
2022-07-22,2.694096565246582,9.195544242858887,9.021093368530273,13.605572700500488,5.197721004486084,7.085289478302002,4.2689924240112305,13.115138053894043,2.704756498336792,3.175426483154297
2022-07-25,2.6509528160095215,9.266278266906738,8.90809440612793,13.572367668151855,5.206985950469971,7.187974452972412,4.2607831954956055,13.06103801727295,2.7355422973632812,3.1708240509033203
2022-07-26,2.68450927734375,9.246988296508789,8.870428085327148,13.572367668151855,5.1328654289245605,7.206644535064697,4.383927345275879,12.836915969848633,2.7443385124206543,3.157017946243286
2022-07-27,2.694096565246582,9.317721366882324,8.757429122924805,13.77989673614502,5.0958051681518555,7.243985176086426,4.301830768585205,12.682347297668457,2.7443385124206543,3.157017946243286
2022-07-28,2.742034435272217,9.356306076049805,8.945760726928711,13.796500205993652,5.253311634063721,7.346670627593994,4.29362154006958,12.682347297668457,2.7443385124206543,3.1386096477508545
2022-07-29,2.761209487915039,9.280905723571777,9.06817626953125,13.96252155303955,5.341330051422119,7.4680256843566895,4.252573013305664,13.06103801727295,2.687164783477783,3.189232349395752
2022-08-01,2.7899725437164307,9.39057731628418,9.039926528930664,13.862909317016602,5.498836994171143,7.514700412750244,4.277202129364014,13.331535339355469,2.770726203918457,3.290478229522705
2022-08-02,2.7899725437164307,9.507102966308594,9.20942497253418,13.95422077178955,5.512734413146973,7.514700412750244,4.392136573791504,13.25424861907959,2.770726203918457,3.299682140350342
2022-08-03,2.77079701423645,9.520812034606934,9.171758651733398,13.78819751739502,5.744361877441406,7.346670627593994,4.3675079345703125,13.138323783874512,2.814706325531006,3.313488483428955
2022-08-04,2.751621961593628,9.445412635803223,9.134092330932617,13.796500205993652,5.684138774871826,7.131964206695557,4.383927345275879,13.31607723236084,2.77952241897583,3.267467737197876
2022-08-05,2.7132716178894043,9.102691650390625,8.992843627929688,13.879509925842285,5.396920680999756,7.225314617156982,4.2607831954956055,13.31607723236084,2.7267465591430664,3.221447229385376
2022-08-08,2.7228593826293945,9.328887939453125,9.171758651733398,14.153447151184082,5.373757839202881,7.243985176086426,4.301830768585205,13.354720115661621,2.682766914367676,3.2490592002868652
2022-08-09,2.68450927734375,9.123254776000977,9.021093368530273,13.995726585388184,5.322800159454346,7.281325340270996,4.3264594078063965,13.25424861907959,2.6607770919799805,3.3318965435028076
2022-08-10,2.751621961593628,9.15067195892334,9.039926528930664,14.194954872131348,5.582222938537598,7.4680256843566895,4.383927345275879,13.223335266113281,2.77952241897583,3.5021729469299316
2022-08-11,2.77079701423645,9.267197608947754,9.105842590332031,14.087037086486816,5.568325519561768,7.430685043334961,4.334669589996338,13.517016410827637,2.8322980403900146,3.492968797683716
2022-08-12,2.7995595932006836,9.075273513793945,8.945760726928711,13.730090141296387,5.5358967781066895,7.449355602264404,4.392136573791504,13.509286880493164,2.788318157196045,3.4883668422698975
2022-08-16,2.818734645843506,9.349451065063477,9.18117618560791,13.97082233428955,5.716567039489746,7.4680256843566895,4.3675079345703125,13.362448692321777,2.814706325531006,3.5435917377471924
2022-08-17,2.7995595932006836,9.322033882141113,9.152926445007324,14.236458778381348,5.716567039489746,7.412015438079834,4.392136573791504,13.447460174560547,2.731144428253174,3.469958543777466
2022-08-18,2.809147357940674,9.431703567504883,9.284757614135742,14.194954872131348,5.559060096740723,7.430685043334961,4.3675079345703125,13.547929763793945,2.7267465591430664,3.5251832008361816
2022-08-19,2.7851784229278564,9.41799545288086,9.200008392333984,14.186653137207031,5.512734413146973,7.374675273895264,4.351088523864746,13.911164283752441,2.770726203918457,3.50677490234375
2022-08-22,2.756415843963623,9.198653221130371,9.200008392333984,14.045534133911133,5.447878837585449,7.4680256843566895,4.351088523864746,13.972993850708008,2.7091546058654785,3.4883668422698975
2022-08-23,2.622190237045288,9.253488540649414,9.134092330932617,14.062135696411133,5.373757839202881,7.374675273895264,4.3100409507751465,14.06573486328125,2.682766914367676,3.46075439453125
2022-08-24,2.5886340141296387,9.322033882141113,9.416590690612793,14.194954872131348,5.318167209625244,7.393345355987549,4.351088523864746,14.452157020568848,2.6739706993103027,3.3871212005615234
2022-08-25,2.6557466983795166,9.459121704101562,9.567255020141602,14.203255653381348,5.304269790649414,7.421350002288818,4.433184623718262,14.374873161315918,2.7179505825042725,3.4515504837036133
2022-08-26,2.603015184402466,9.486539840698242,9.604921340942383,14.153447151184082,5.220883846282959,7.35600471496582,4.433184623718262,14.653095245361328,2.713552713394165,3.4515504837036133
2022-08-29,2.550283908843994,9.370013236999512,9.313008308410645,13.680282592773438,4.938298225402832,7.318665027618408,4.203315734863281,14.606724739074707,2.5772151947021484,3.2490592002868652
2022-08-30,2.483170986175537,9.116399765014648,9.058759689331055,13.431248664855957,4.822484016418457,7.328000068664551,4.121219635009766,14.235758781433105,2.6080009937286377,3.1708240509033203
2022-08-31,2.4879648685455322,9.013583183288574,9.096426010131836,13.165611267089844,4.822484016418457,7.281325340270996,4.0268096923828125,14.56035327911377,2.638787031173706,3.166222095489502
2022-09-01,2.4208521842956543,9.130107879638672,8.983427047729492,12.866771697998047,4.776159286499023,7.328000068664551,4.051438331604004,14.181660652160645,2.5596234798431396,3.101793050765991
2022-09-02,2.478377103805542,9.047855377197266,9.06817626953125,12.866771697998047,5.068009853363037,7.243985176086426,4.129429340362549,14.212573051452637,2.599205255508423,3.157017946243286
2022-09-05,2.396883249282837,8.910765647888184,8.945760726928711,12.700748443603516,5.021684646606445,7.16650915145874,4.022704601287842,14.011634826660156,2.533235788345337,3.0373644828796387
2022-09-06,2.463995933532715,8.972456932067871,8.889261245727539,12.85846996307373,5.077275276184082,7.156824111938477,4.076066970825195,14.081192016601562,2.621195077896118,3.074180841445923
2022-09-07,2.5119333267211914,8.958747863769531,8.936344146728516,12.601133346557617,4.808586597442627,7.16650915145874,4.055542945861816,13.602029800415039,2.612399101257324,2.9821393489837646
2022-09-08,2.59822154045105,8.89705753326416,8.832761764526367,12.601133346557617,4.873442649841309,7.243984222412109,3.9898664951324463,13.292893409729004,2.621195077896118,2.9821393489837646
2022-09-09,2.68450927734375,8.9793119430542,9.002260208129883,13.165611267089844,4.947563648223877,7.224615573883057,4.0350189208984375,13.88025188446045,2.590409278869629,3.0373644828796387
2022-09-12,2.7036843299865723,9.219216346740723,9.152926445007324,13.124105453491211,5.0124192237854,7.340828895568848,4.08427619934082,13.292893409729004,2.6036031246185303,3.110997200012207
2022-09-13,2.6461589336395264,9.116399765014648,9.039926528930664,13.115804672241211,4.882707595825195,7.418304920196533,4.059648036956787,12.89101505279541,2.6167969703674316,3.110997200012207
2022-09-14,2.694096565246582,9.088982582092285,9.124675750732422,12.949783325195312,4.924400806427002,7.427989482879639,4.137639045715332,12.836915969848633,2.555225372314453,3.2628655433654785
2022-09-15,2.694096565246582,9.136963844299316,8.917510986328125,13.016191482543945,4.91050386428833,7.54420280456543,4.186896800994873,12.728715896606445,2.5508275032043457,3.2490592002868652
2022-09-16,2.694096565246582,8.993021011352539,8.851593971252441,13.057697296142578,4.725200653076172,7.311776161193848,4.15405797958374,12.520049095153809,2.4716639518737793,3.290478229522705
2022-09-19,2.7132716178894043,8.931330680847168,8.729179382324219,12.949783325195312,4.79932165145874,7.302091121673584,4.104800701141357,12.35002326965332,2.4540717601776123,3.2030386924743652
2022-09-20,2.7228593826293945,9.041000366210938,8.597347259521484,12.883373260498047,4.854912281036377,7.243984222412109,4.002180576324463,12.14908504486084,2.423285961151123,3.2076404094696045
2022-09-21,2.7036843299865723,8.945038795471191,8.474931716918945,12.850168228149414,4.8363823890686035,7.243984222412109,3.932399034500122,12.473678588867188,2.4056942462921143,3.120201587677002
2022-09-22,2.68450927734375,8.780531883239746,8.361931800842285,12.634339332580566,4.794689655303955,7.16650915145874,3.8995606899261475,12.36548137664795,2.339724540710449,3.1294057369232178
2022-09-23,2.622190237045288,8.492647171020508,8.258349418640137,12.202679634094238,4.77152681350708,7.19556188583374,3.776416778564453,12.303653717041016,2.2957444190979004,3.0833849906921387
2022-09-26,2.5838398933410645,8.328139305114746,8.051185607910156,11.937042236328125,4.89197301864624,7.0599799156188965,3.83798885345459,11.785849571228027,2.2869486808776855,3.134007692337036
2022-09-27,2.5838398933410645,8.314430236816406,8.145350456237793,11.75441837310791,4.929033279418945,7.069664001464844,3.776416778564453,12.07180118560791,2.2517647743225098,3.1846303939819336
2022-09-28,2.550283908843994,8.32128620147705,8.004101753234863,11.795923233032227,4.89197301864624,7.050295352935791,3.682006359100342,12.373209953308105,2.2033872604370117,3.120201587677002
2022-09-29,2.483170986175537,8.232176780700684,7.99468469619751,11.961946487426758,4.78542423248291,6.953449726104736,3.6532721519470215,12.35002326965332,2.1989893913269043,3.120201587677002
2022-09-30,2.463995933532715,8.417247772216797,8.23009967803955,12.327198028564453,4.817851543426514,6.943766117095947,3.628643751144409,12.473678588867188,2.1989893913269043,3.1155991554260254
2022-10-03,2.4927585124969482,8.554335594177246,8.23009967803955,12.725651741027832,4.975358486175537,6.992187976837158,3.669691324234009,12.798271179199219,2.2693567276000977,3.1386096477508545
2022-10-04,2.4975523948669434,8.739405632019043,8.296016693115234,13.016191482543945,5.0958051681518555,7.021241664886475,3.8338840007781982,13.076497077941895,2.282550573348999,3.221447229385376
2022-10-05,2.535902500152588,8.629734992980957,8.239516258239746,12.700748443603516,5.169926166534424,7.108402252197266,3.776416778564453,13.022396087646484,2.234173059463501,3.313488483428955
2022-10-06,2.55507755279541,8.355558395385742,8.154767036437988,12.576231002807617,5.030949115753174,7.03092622756958,3.776416778564453,13.006941795349121,2.1945912837982178,3.313488483428955
2022-10-07,2.535902500152588,8.328139305114746,8.267765998840332,12.451713562011719,5.035581588745117,7.021241664886475,3.6943204402923584,12.836915969848633,2.1726014614105225,3.2858757972717285
2022-10-10,2.5215213298797607,8.266450881958008,8.126517295837402,12.559629440307617,4.966094017028809,6.8856587409973145,3.6861109733581543,12.89874267578125,2.1813971996307373,3.2766714096069336
2022-10-11,2.5023458003997803,8.334993362426758,8.004101753234863,12.501521110534668,4.947563648223877,6.779129981994629,3.6450629234313965,12.55096435546875,2.225377082824707,3.221447229385376
2022-10-12,2.550283908843994,8.48579216003418,8.070016860961914,12.526424407958984,5.003154277801514,6.817867755889893,3.718949794769287,13.06103801727295,2.234173059463501,3.212242841720581
2022-10-13,2.5263149738311768,8.417247772216797,8.032350540161133,12.426811218261719,4.933665752410889,7.0406107902526855,3.8010456562042236,12.75190258026123,2.242968797683716,3.1846303939819336
2022-10-14,2.531108856201172,8.520064353942871,8.107684135437012,12.775459289550781,4.947563648223877,7.089033126831055,3.874931812286377,12.945113182067871,2.2561628818511963,3.221447229385376
2022-10-17,2.540696144104004,8.705133438110352,8.286599159240723,13.099203109741211,5.0865397453308105,7.069664001464844,3.924189805984497,12.983755111694336,2.2693567276000977,3.2950797080993652
2022-10-18,2.5598714351654053,8.732551574707031,8.371349334716797,13.082601547241211,5.262576580047607,7.0406107902526855,3.9406089782714844,13.277436256408691,2.4100921154022217,3.359509229660034
2022-10-19,2.540696144104004,8.711492538452148,8.474931716918945,12.982986450195312,5.383022785186768,7.0599799156188965,3.8995606899261475,13.169238090515137,2.4100921154022217,3.368713140487671
2022-10-20,2.612602472305298,8.830827713012695,8.578513145446777,13.198816299438477,5.466409206390381,6.972818851470947,3.88314151763916,12.983755111694336,2.498051881790161,3.3779172897338867
2022-10-21,2.68450927734375,8.753612518310547,8.663262367248535,13.107504844665527,5.531264305114746,6.779129981994629,3.8420937061309814,13.09195327758789,2.498051881790161,3.4009275436401367
2022-10-24,2.7803845405578613,8.739570617675781,8.74801254272461,13.099203109741211,5.6656084060668945,6.856605529785156,3.9570279121398926,13.493830680847168,2.51564359664917,3.4791626930236816
2022-10-25,2.818734645843506,8.89400577545166,8.78567886352539,13.107504844665527,5.688770771026611,6.779129981994629,3.915980100631714,13.130595207214355,2.4364800453186035,3.446948289871216
2022-10-26,2.751621961593628,8.837845802307129,8.842179298400879,12.974684715270996,5.559060096740723,6.759760856628418,4.0350189208984375,13.679313659667969,2.4584696292877197,3.50677490234375
2022-10-27,2.7276530265808105,8.837845802307129,8.691511154174805,13.049395561218262,5.633180618286133,6.643547058105469,4.0637526512146,13.308347702026367,2.4188880920410156,3.469958543777466
2022-10-31,2.7324466705322266,8.704472541809082,9.06817626953125,13.198816299438477,5.920398712158203,6.972818851470947,4.104800701141357,13.432003021240234,2.3309288024902344,3.4975712299346924
2022-11-01,2.766003370285034,8.725532531738281,8.92692756652832,13.207117080688477,5.827747821807861,7.0406107902526855,4.0637526512146,13.555659294128418,2.339724540710449,3.46075439453125
2022-11-02,2.77079701423645,8.851886749267578,9.011676788330078,13.256924629211426,5.883338451385498,6.914712905883789,4.08427619934082,13.547929763793945,2.3529186248779297,3.46075439453125
2022-11-03,2.7132716178894043,8.908044815063477,8.917510986328125,12.866771697998047,5.707301616668701,6.779129981994629,4.014495372772217,13.679313659667969,2.3089382648468018,3.414733648300171
2022-11-04,2.7995595932006836,9.090557098388672,9.030510902404785,13.149009704589844,5.76289176940918,6.875974655151367,4.08427619934082,13.833881378173828,2.4276838302612305,3.4975712299346924
2022-11-07,2.7851784229278564,9.188835144042969,9.039926528930664,13.281827926635742,5.7906880378723145,6.856605529785156,3.9980757236480713,13.857067108154297,2.506847620010376,3.5712039470672607
2022-11-08,2.742034435272217,9.118636131286621,9.011676788330078,13.207117080688477,5.7953200340271,6.86629056930542,4.0350189208984375,13.949808120727539,2.498051881790161,3.561999797821045
2022-11-09,2.751621961593628,8.90102481842041,8.889261245727539,13.24032211303711,5.929664134979248,6.875974655151367,3.9980757236480713,13.911164283752441,2.489255666732788,3.5435917377471924
2022-11-10,2.7803845405578613,9.020359992980957,9.021093368530273,13.190515518188477,5.97598934173584,6.934081554412842,4.047333240509033,14.05800724029541,2.5288376808166504,3.561999797821045
2022-11-11,2.8762600421905518,8.985262870788574,9.105842590332031,12.974684715270996,5.85554313659668,6.924396991729736,4.145848751068115,13.679313659667969,2.638787031173706,3.5712039470672607
2022-11-14,2.957753896713257,9.02738094329834,9.039926528930664,12.866771697998047,6.031580448150635,6.905027866363525,4.137639045715332,14.027091026306152,2.704756498336792,3.608020544052124
2022-11-15,3.0200729370117188,8.915064811706543,9.124675750732422,12.949783325195312,6.170556545257568,6.905027866363525,4.113010883331299,13.895709991455078,2.7003586292266846,3.5896124839782715
2022-11-16,3.0008981227874756,8.6834135055542,9.058759689331055,12.584532737731934,5.929664134979248,6.875974655151367,4.076066970825195,13.802969932556152,2.599205255508423,3.4975712299346924
2022-11-17,2.9481661319732666,8.739570617675781,9.021093368530273,12.468317031860352,5.911133766174316,6.808183193206787,4.096590995788574,13.79524040222168,2.5860111713409424,3.4239377975463867
2022-11-18,3.0248665809631348,8.936124801635742,9.077592849731445,12.592832565307617,5.97598934173584,6.788814544677734,4.067857265472412,13.787510871887207,2.6036031246185303,3.5251832008361816
2022-11-21,3.0871856212615967,9.125656127929688,9.077592849731445,12.62603759765625,5.94819450378418,6.779129981994629,4.055542945861816,13.91866397857666,2.590409278869629,3.5251832008361816
2022-11-22,3.1542985439300537,9.125656127929688,9.256507873535156,12.700748443603516,5.892603874206543,6.86629056930542,4.059648036956787,14.23499584197998,2.656378984451294,3.6402347087860107
2022-11-23,3.106360673904419,9.083537101745605,9.322422981262207,12.709050178527832,5.823115348815918,6.808183193206787,4.0924859046936035,14.282445907592773,2.7443385124206543,3.7736949920654297
2022-11-24,3.106360673904419,9.223933219909668,9.313008308410645,12.833565711975098,6.161291599273682,6.808183193206787,4.076066970825195,14.685771942138672,2.7927162647247314,3.7736949920654297
2022-11-25,3.101566791534424,9.055459976196289,9.256507873535156,12.767156600952148,6.28173828125,6.837236404418945,4.104800701141357,14.582963943481445,2.7487363815307617,3.8749403953552246
2022-11-28,3.0488357543945312,9.125656127929688,9.152926445007324,12.451713562011719,6.087170600891113,6.740391731262207,4.104800701141357,14.788580894470215,2.7267465591430664,3.8749403953552246
2022-11-29,3.1303296089172363,9.237972259521484,9.190592765808105,12.269087791442871,6.1890869140625,6.817867755889893,4.104800701141357,15.223536491394043,2.7091546058654785,3.833522081375122
2022-11-30,3.0775980949401855,9.287110328674316,8.992843627929688,12.244185447692871,6.105701446533203,6.827552318572998,4.0637526512146,15.223536491394043,2.612399101257324,3.911757230758667
2022-12-01,3.106360673904419,9.294130325317383,9.021093368530273,12.335497856140137,6.212249755859375,6.846921443939209,4.104800701141357,15.81666374206543,2.6519811153411865,3.9991962909698486
2022-12-02,2.9961040019989014,9.195855140686035,8.74801254272461,12.219281196594238,6.003785133361816,6.682285308837891,4.129429340362549,15.81666374206543,2.638787031173706,3.856532335281372
2022-12-05,3.0152788162231445,9.153735160827637,9.115259170532227,12.161173820495605,6.11496639251709,6.721023082733154,4.137639045715332,15.800847053527832,2.638787031173706,3.8381237983703613
2022-12-06,3.0200729370117188,9.195855140686035,9.171758651733398,12.252486228942871,6.124231338500977,6.711338520050049,4.088381767272949,16.180444717407227,2.638787031173706,3.7921032905578613
2022-12-07,2.972135066986084,9.188835144042969,9.30359172821045,12.310593605041504,6.087170600891113,6.691969394683838,4.236154079437256,16.101362228393555,2.6343891620635986,3.7368781566619873
2022-12-08,3.034454107284546,9.287110328674316,9.34125804901123,12.410207748413086,6.226147174835205,6.73070764541626,4.244363784790039,16.14881134033203,2.656378984451294,3.7506844997406006
2022-12-09,3.034454107284546,9.329228401184082,9.322422981262207,12.28569221496582,6.253942489624023,6.682285308837891,4.236154079437256,16.053911209106445,2.6475830078125,3.801307439804077
2022-12-12,3.058422803878784,9.308171272277832,9.265925407409668,12.31889533996582,6.198351860046387,6.6144938468933105,4.186896800994873,16.13299560546875,2.7575323581695557,3.7967052459716797
2022-12-13,3.0680108070373535,9.336249351501465,9.22825813293457,12.260787963867188,6.170556545257568,6.5951247215271,4.244363784790039,16.30698013305664,2.929053544998169,3.7690927982330322
2022-12-14,3.0488357543945312,9.350288391113281,9.22825813293457,12.202679634094238,6.110333442687988,6.575756072998047,4.3182501792907715,16.718210220336914,2.937849283218384,3.7828993797302246
2022-12-15,2.9961040019989014,9.40644645690918,9.256507873535156,12.302292823791504,6.105701446533203,6.517648696899414,4.29362154006958,16.8131103515625,2.845492124557495,3.6724495887756348
2022-12-16,3.0152788162231445,9.301151275634766,9.35067367553711,12.186078071594238,6.050110816955566,6.353012561798096,4.359298229217529,16.30698013305664,2.9158594608306885,3.801307439804077
2022-12-19,2.924197196960449,9.266051292419434,9.416590690612793,12.343798637390137,6.06864070892334,6.478911876678467,4.3182501792907715,16.68657875061035,2.8982677459716797,3.6954598426818848
2022-12-20,2.905022144317627,9.230953216552734,9.793252944946289,12.177776336669922,6.054742813110352,6.362698078155518,4.392136573791504,16.73402976989746,2.902665615081787,3.764491081237793
2022-12-21,2.924197196960449,9.230953216552734,10.038084983825684,12.244185447692871,6.059375762939453,6.353012561798096,4.3757171630859375,17.129446029663086,3.069788694381714,3.7276742458343506
2022-12-22,2.924197196960449,9.083537101745605,10.075750350952148,12.28569221496582,6.133496284484863,6.420804500579834,4.433184623718262,17.05035972595215,3.0653908252716064,3.7736949920654297
2022-12-23,2.885847330093384,9.097579002380371,10.113417625427246,12.343798637390137,6.0640082359313965,6.488595485687256,4.466022968292236,17.081995010375977,2.9818294048309326,3.6816537380218506
2022-12-27,2.9529600143432617,9.090557098388672,10.13225269317627,12.244185447692871,6.059375762939453,6.459542751312256,4.531700134277344,17.145261764526367,2.9554412364959717,3.7506844997406006
2022-12-28,2.9337852001190186,9.336249351501465,10.151083946228027,12.119668960571289,6.087170600891113,6.449857234954834,4.474232196807861,17.224346160888672,2.911461591720581,3.686255693435669
2022-12-29,2.924197196960449,9.2520112991333,10.264082908630371,12.103065490722656,6.02231502532959,6.362698078155518,4.351088523864746,17.16107749938965,2.9158594608306885,3.6954598426818848
2022-12-30,2.895435094833374,9.287110328674316,10.264082908630371,12.111367225646973,6.073272705078125,6.585440635681152,4.342878818511963,17.255977630615234,2.8586859703063965,3.686255693435669
2023-01-02,2.9433727264404297,9.259032249450684,10.433581352233887,12.094764709472656,6.184454441070557,6.643547058105469,4.466022968292236,17.287612915039062,2.920257329940796,3.7921032905578613
2023-01-03,2.9481661319732666,9.462604522705078,10.35824966430664,12.202679634094238,6.434612274169922,6.624178886413574,4.498861312866211,17.80956268310547,2.9906256198883057,3.755286693572998
2023-01-04,3.0871856212615967,9.343269348144531,10.35824966430664,12.07816219329834,6.44851016998291,6.643547058105469,4.589167594909668,17.84119415283203,2.9554412364959717,3.9301650524139404
2023-01-05,3.0775980949401855,9.441544532775879,10.33941650390625,12.194377899169922,6.467039585113525,6.566071510314941,4.613796234130859,17.603944778442383,2.9906256198883057,3.902552604675293
2023-01-09,3.096773147583008,9.455584526062012,10.377083778381348,12.127968788146973,6.6430768966674805,6.478911876678467,4.720520496368408,17.904460906982422,3.078584671020508,4.040614128112793
2023-01-10,3.11594820022583,9.308171272277832,10.395915031433105,12.119668960571289,6.615281581878662,6.459542751312256,4.646634101867676,17.793743133544922,3.060992956161499,3.9393694400787354
2023-01-11,3.1638858318328857,9.315190315246582,10.35824966430664,12.235883712768555,6.578220844268799,6.459542751312256,4.736939907073975,17.714662551879883,3.034605026245117,3.957777738571167
2023-01-12,3.1399171352386475,9.266051292419434,10.791412353515625,12.194377899169922,6.531895637512207,6.440173625946045,4.687682628631592,17.556495666503906,3.0082173347473145,3.9761855602264404
2023-01-13,3.101566791534424,9.266051292419434,10.829079627990723,12.05325984954834,6.5967512130737305,6.469226360321045,4.761569023132324,18.18916130065918,3.012615203857422,3.911757230758667
2023-01-16,3.125535488128662,9.343269348144531,10.829079627990723,12.161173820495605,6.782052993774414,6.556386947631836,4.679472923278809,18.173343658447266,3.0829827785491943,3.902552604675293
2023-01-17,3.1638858318328857,9.280091285705566,10.885579109191895,12.202679634094238,6.768155574798584,6.527333736419678,4.605587005615234,18.837644577026367,3.192932367324829,3.8657360076904297
2023-01-18,3.2789363861083984,9.266051292419434,11.205742835998535,12.119668960571289,6.735727310180664,6.546702861785889,4.654844284057617,18.5054931640625,3.166544198989868,3.911757230758667
2023-01-19,3.2262048721313477,9.195855140686035,10.716078758239746,11.986849784851074,6.485569953918457,6.449857234954834,4.720520496368408,17.52486228942871,3.069788694381714,3.824317693710327
2023-01-20,3.269348621368408,9.259032249450684,10.998578071594238,12.061559677124023,6.392919063568115,6.4111199378967285,4.860084056854248,17.556495666503906,3.1401565074920654,3.8611342906951904
2023-01-23,3.3556365966796875,9.294130325317383,11.03624439239502,12.202679634094238,6.707932472229004,6.537017822265625,4.966808795928955,17.82537841796875,3.1401565074920654,3.9761855602264404
2023-01-24,3.451511859893799,9.371347427368164,11.092742919921875,12.169474601745605,6.624546527862549,6.546702861785889,4.868293285369873,17.793743133544922,3.1225647926330566,4.095839500427246
2023-01-25,3.3460490703582764,9.280091285705566,11.281074523925781,12.119668960571289,6.578220844268799,6.575756072998047,4.9914374351501465,17.57231330871582,3.1797382831573486,4.013002872467041
2023-01-26,3.393986463546753,9.448566436767578,11.375240325927734,12.119668960571289,6.712564945220947,6.633862495422363,5.163838863372803,17.4774112701416,3.2545039653778076,4.0314106941223145
2023-01-27,3.528212070465088,9.54684066772461,11.54473876953125,12.451713562011719,6.735727310180664,6.769445419311523,5.278773307800293,17.82537841796875,3.2545039653778076,4.233901500701904
2023-01-30,3.609706163406372,9.799551963806152,11.789570808410645,12.40190601348877,6.856173992156982,6.779129981994629,5.245934963226318,17.936094284057617,3.2632999420166016,4.270718097686768
2023-01-31,3.6288812160491943,9.673194885253906,11.733071327209473,12.01175308227539,6.763523578643799,6.779129981994629,5.336240291595459,17.714662551879883,3.192932367324829,4.298330783843994
2023-02-01,3.537799596786499,9.701274871826172,11.63890552520752,11.961946487426758,6.856173992156982,6.856605529785156,5.3444504737854,17.698843002319336,3.1489524841308594,4.183279037475586
2023-02-02,3.5569751262664795,9.757433891296387,11.488240242004395,11.961946487426758,6.948824882507324,6.914712905883789,5.377289295196533,17.714662551879883,3.1489524841308594,4.1418609619140625
2023-02-03,3.528212070465088,10.150538444519043,11.243408203125,12.07816219329834,6.971987724304199,6.972818851470947,5.582529067993164,17.99936294555664,3.192932367324829,4.197084903717041
2023-02-06,3.4994494915008545,9.982065200805664,11.168075561523438,12.061559677124023,6.916397571563721,6.963135242462158,5.7220916748046875,17.63558006286621,3.1577484607696533,4.105043888092041
2023-02-07,3.523418426513672,10.122459411621094,11.337574005126953,12.28569221496582,6.930294990539551,7.021241664886475,5.648205757141113,17.872827529907227,3.219320058822632,4.086635589599609
2023-02-08,3.595324993133545,10.178617477416992,11.6765718460083,12.833565711975098,7.036843299865723,7.079348564147949,5.66462516784668,17.95191192626953,3.276494026184082,4.266116142272949
2023-02-09,3.672024726867676,10.192656517028809,11.582406044006348,12.709050178527832,7.189717769622803,7.069664001464844,5.837026596069336,18.42641258239746,3.2808918952941895,4.390371799468994
2023-02-10,3.6432626247406006,10.655959129333496,10.94207763671875,12.584532737731934,7.171186923980713,6.992187976837158,5.8288164138793945,19.011627197265625,3.2632999420166016,4.243105888366699
2023-02-13,3.662437677383423,10.655959129333496,11.205742835998535,12.725651741027832,7.393549919128418,7.0599799156188965,6.239296913146973,19.913179397583008,3.316075563430786,4.307534694671631
2023-02-14,3.624087333679199,10.445367813110352,10.829079627990723,12.816963195800781,7.41208028793335,7.050295352935791,6.148991584777832,19.739194869995117,3.351259469985962,4.270718097686768
2023-02-15,3.6528499126434326,10.459405899047852,11.130409240722656,12.825264930725098,7.569586753845215,6.992187976837158,6.0751051902771,19.770830154418945,3.3732492923736572,4.238503932952881
2023-02-16,3.7918694019317627,10.571723937988281,11.243408203125,12.800362586975098,7.4584059715271,7.001872539520264,5.993009090423584,19.786645889282227,3.4304230213165283,4.293728351593018
2023-02-17,3.8350133895874023,10.529603004455566,11.092742919921875,12.592832565307617,7.527893543243408,6.982503890991211,6.017637252807617,20.008079528808594,3.4480152130126953,4.367362022399902
2023-02-20,3.8350133895874023,10.571723937988281,11.111577033996582,12.6592435836792,7.551055908203125,7.050295352935791,6.083314418792725,20.008079528808594,3.434821128845215,4.404177665710449
2023-02-21,3.8350133895874023,10.37516975402832,10.94207763671875,12.62603759765625,7.45377254486084,6.934081554412842,6.181830406188965,19.739194869995117,3.408433198928833,4.3259429931640625
2023-02-22,3.7822813987731934,10.213716506958008,10.65958023071289,12.61773681640625,7.393549919128418,6.924396991729736,6.140781402587891,19.059078216552734,3.39963698387146,4.243105888366699
2023-02-23,3.7822813987731934,10.494504928588867,11.092742919921875,12.28569221496582,7.57885217666626,6.934081554412842,6.140781402587891,19.059078216552734,3.4128310680389404,4.261514186859131
2023-02-24,3.748725414276123,10.354110717773438,11.168075561523438,12.02835464477539,7.597382068634033,6.972818851470947,6.157201290130615,18.85346221923828,3.434821128845215,4.233901500701904
2023-02-28,3.76310658454895,10.304972648620605,11.205742835998535,12.05325984954834,7.690032958984375,6.86629056930542,6.239296913146973,19.83409881591797,3.434821128845215,4.233901500701904
2023-03-01,3.8541882038116455,10.655959129333496,11.299907684326172,12.343798637390137,7.782683849334717,6.808183193206787,6.198249340057373,20.324411392211914,3.4040350914001465,4.261514186859131
2023-03-02,3.9260947704315186,10.599800109863281,11.130409240722656,12.161173820495605,7.597382068634033,6.837236404418945,6.132571697235107,19.770830154418945,3.333667516708374,4.174074649810791
2023-03-03,3.8493943214416504,10.445367813110352,11.130409240722656,11.978549003601074,7.356489181518555,6.740391731262207,6.0751051902771,19.343778610229492,3.3380656242370605,4.1418609619140625
2023-03-06,3.748725414276123,10.269874572753906,10.8102445602417,11.629900932312012,6.976620197296143,6.546702861785889,5.8698649406433105,19.296327590942383,3.166544198989868,4.040614128112793
2023-03-07,3.825425624847412,10.220736503601074,10.772578239440918,11.588395118713379,7.083168983459473,6.66291618347168,5.91091251373291,19.106529235839844,3.1489524841308594,4.105043888092041
2023-03-08,3.7870755195617676,10.297952651977539,10.62191390991211,11.372565269470215,7.393549919128418,6.585440635681152,5.943750858306885,19.31214714050293,3.1137688159942627,4.068227291107178
2023-03-09,3.6959939002990723,10.185636520385742,10.829079627990723,11.355962753295898,7.569586753845215,6.585440635681152,5.878074645996094,19.407047271728516,3.153350353240967,4.128054141998291
2023-03-10,3.72955060005188,10.340072631835938,10.734912872314453,11.189939498901367,7.4491400718688965,6.527333736419678,5.894493579864502,18.7269287109375,3.0302071571350098,4.040614128112793
2023-03-13,3.6528499126434326,10.122459411621094,10.546581268310547,10.97411060333252,7.356489181518555,6.449857234954834,5.8206071853637695,18.442228317260742,2.9686355590820312,3.920961618423462
2023-03-14,3.6528499126434326,10.592782020568848,10.527748107910156,10.882796287536621,7.63444185256958,6.653231620788574,5.993009090423584,18.299877166748047,3.1401565074920654,3.9945943355560303
2023-03-15,3.4131617546081543,10.389209747314453,10.151083946228027,10.617161750793457,7.217513084411621,6.459542751312256,5.968379974365234,17.319244384765625,3.0082173347473145,3.856532335281372
2023-03-16,3.4323368072509766,10.227755546569824,10.151083946228027,10.542450904846191,7.305531978607178,6.537017822265625,5.8698649406433105,17.540678024291992,2.911461591720581,3.8197154998779297
2023-03-17,3.3508424758911133,10.40324878692627,10.151083946228027,10.633764266967773,7.226778030395508,6.643547058105469,5.853445529937744,17.002910614013672,2.911461591720581,3.902552604675293
2023-03-20,3.5857372283935547,10.213716506958008,10.056918144226074,10.99071216583252,7.134126663208008,6.478911876678467,5.779559135437012,16.70240020751953,2.9554412364959717,3.847327947616577
2023-03-21,3.72955060005188,10.459405899047852,10.584247589111328,11.17333698272705,7.402814865112305,6.527333736419678,5.804188251495361,17.4774112701416,3.0170130729675293,3.966981887817383
2023-03-22,3.739137887954712,10.319011688232422,10.584247589111328,11.057122230529785,7.226778030395508,6.420804500579834,5.812397480010986,17.730478286743164,3.0653908252716064,3.8933486938476562
2023-03-23,3.7055816650390625,10.63490104675293,10.65958023071289,11.048820495605469,7.291633129119873,6.488595485687256,5.902703285217285,18.078445434570312,3.1225647926330566,3.879542589187622
2023-03-24,3.5809435844421387,10.248814582824707,10.35824966430664,10.866196632385254,7.189717769622803,6.391750812530518,5.787769317626953,17.49323081970215,3.078584671020508,3.7368781566619873
2023-03-27,3.614499807357788,10.389209747314453,10.565414428710938,10.857894897460938,7.115596294403076,6.38206672668457,6.009428024291992,17.683027267456055,3.1137688159942627,3.7736949920654297
2023-03-28,3.7055816650390625,10.445367813110352,10.35824966430664,10.716774940490723,6.921029567718506,6.256168365478516,5.943750858306885,17.39832878112793,3.0302071571350098,3.686255693435669
2023-03-29,3.739137887954712,10.529603004455566,10.433581352233887,11.073723793029785,7.013680934906006,6.2949066162109375,6.034056663513184,16.971277236938477,3.069788694381714,3.6954598426818848
2023-03-30,3.748725414276123,10.53662395477295,10.301748275756836,11.090326309204102,7.208248138427734,6.333644390106201,6.239296913146973,18.204978942871094,3.078584671020508,3.8611342906951904
2023-03-31,3.748725414276123,10.38218879699707,10.33941650390625,11.198241233825684,7.393549919128418,6.2949066162109375,6.239296913146973,18.7269287109375,3.1137688159942627,3.8841443061828613
2023-04-03,3.6959939002990723,10.438346862792969,10.33941650390625,11.231446266174316,7.4676713943481445,6.527333736419678,6.173620223999023,19.169795989990234,3.175340414047241,3.8749403953552246
2023-04-04,3.662437677383423,10.494504928588867,10.169918060302734,11.106928825378418,7.319429397583008,6.556386947631836,6.099733829498291,19.454496383666992,3.1885342597961426,3.8289194107055664
2023-04-05,3.662437677383423,10.599800109863281,10.320582389831543,11.090326309204102,7.365754127502441,6.604809761047363,6.099733829498291,19.359596252441406,3.201728105545044,3.7967052459716797
2023-04-06,3.753519058227539,10.669998168945312,10.414750099182129,11.206542015075684,7.551055908203125,6.537017822265625,6.091524124145508,19.24888038635254,3.3292696475982666,3.847327947616577
2023-04-11,3.906919479370117,10.740196228027344,11.149242401123047,11.588395118713379,7.551055908203125,6.478911876678467,6.4855852127075195,19.770830154418945,3.382045030593872,3.920961618423462
2023-04-12,3.964444875717163,10.810393333435059,11.375240325927734,11.505383491516113,7.48620080947876,6.517648696899414,6.510213375091553,19.122346878051758,3.4216272830963135,3.9991962909698486
2023-04-13,3.9548568725585938,10.691056251525879,11.431740760803223,11.638201713562012,7.551055908203125,6.585440635681152,6.3296027183532715,18.552946090698242,3.434821128845215,3.9853901863098145
2023-04-18,4.09867000579834,10.866551399230957,11.6765718460083,11.646502494812012,7.643707275390625,6.6144938468933105,6.534842491149902,18.18916130065918,3.4128310680389404,4.128054141998291
2023-04-19,4.103464126586914,10.831452369689941,11.469407081604004,11.45557689666748,7.63444185256958,6.517648696899414,6.567681312561035,17.730478286743164,3.426025152206421,4.123452186584473
2023-04-20,4.218514919281006,10.74721622467041,11.469407081604004,11.314457893371582,7.597382068634033,6.575756072998047,6.518423557281494,17.63558006286621,3.4304230213165283,4.1418609619140625
2023-04-21,4.247276782989502,10.740196228027344,11.6765718460083,11.339360237121582,7.537158966064453,6.604809761047363,6.567681312561035,17.39832878112793,3.3776471614837646,4.137258529663086
2023-04-24,4.25686502456665,10.782313346862793,11.751903533935547,11.239748001098633,7.504731178283691,6.546702861785889,6.575891017913818,17.39832878112793,3.3776471614837646,4.123452186584473
2023-04-25,4.304802417755127,10.733176231384277,11.714238166809082,11.123530387878418,7.421345233917236,6.488595485687256,6.3296027183532715,17.20853042602539,3.342463493347168,4.210891246795654
2023-04-26,4.266452312469482,10.684040069580078,11.733071327209473,10.99071216583252,7.398182392120361,6.585440635681152,6.477375507354736,17.49323081970215,3.426025152206421,4.229300022125244
2023-04-27,4.491758823394775,10.908669471740723,11.714238166809082,11.065423011779785,7.33332633972168,6.198061466217041,6.493794918060303,17.335060119628906,3.5183827877044678,4.565250396728516
2023-04-28,4.501347064971924,10.85251235961914,11.6765718460083,10.999013900756836,7.2453083992004395,6.101216793060303,6.387070178985596,17.081995010375977,3.5183827877044678,4.569852352142334
2023-05-02,4.386295795440674,10.985886573791504,11.6765718460083,11.007315635681152,7.365754127502441,6.333644390106201,6.534842491149902,17.113628387451172,3.483199119567871,4.417984962463379
2023-05-03,4.381502628326416,11.070125579833984,11.601239204406738,11.106928825378418,7.356489181518555,6.110901355743408,6.403489112854004,17.018728256225586,3.4963927268981934,4.482413291931152
2023-05-04,4.400677680969238,11.09118366241455,11.488240242004395,11.057122230529785,7.3286943435668945,6.101216793060303,6.362441062927246,16.73402976989746,3.50079083442688,4.510025978088379
2023-05-05,4.458202838897705,11.203498840332031,11.63890552520752,11.040519714355469,7.337959289550781,6.101216793060303,6.3788604736328125,16.68657875061035,3.491994857788086,4.542239665985107
2023-05-08,4.453409194946289,11.357933044433594,11.883736610412598,11.16503620147705,7.504731178283691,6.101216793060303,6.518423557281494,16.749845504760742,3.5183827877044678,4.565250396728516
2023-05-09,4.429440021514893,11.231578826904297,11.63890552520752,11.098628044128418,7.53252649307251,6.159323692321777,6.469166278839111,17.097810745239258,3.4700050354003906,4.5514445304870605
2023-05-10,4.453409194946289,11.540447235107422,11.582406044006348,11.098628044128418,7.782683849334717,6.169008255004883,6.477375507354736,17.319244384765625,3.509586811065674,4.482413291931152
2023-05-11,4.439028263092041,11.329853057861328,11.394075393676758,11.17333698272705,7.65297269821167,6.062478542327881,6.321393013000488,17.30342674255371,3.50079083442688,4.436392784118652
2023-05-12,4.458202838897705,11.1122407913208,11.394075393676758,11.231446266174316,7.671502590179443,6.0915327072143555,6.346022129058838,17.097810745239258,3.5183827877044678,4.399576187133789
2023-05-15,4.558871746063232,11.168399810791016,11.563572883605957,11.17333698272705,7.699298858642578,5.965633869171143,6.387070178985596,16.923828125,3.557964324951172,4.464004993438721
2023-05-16,4.717065811157227,11.231578826904297,11.507072448730469,11.414070129394531,7.838274955749512,5.975318908691406,6.567681312561035,16.718210220336914,3.63273024559021,4.528433799743652
2023-05-17,4.784178733825684,11.020984649658203,11.394075393676758,11.447275161743164,7.690032958984375,5.94626522064209,6.584100723266602,17.066179275512695,3.5843522548675537,4.565250396728516
2023-05-18,4.683509826660156,10.985886573791504,11.299907684326172,11.414070129394531,7.504731178283691,5.94626522064209,6.493794918060303,16.98709487915039,3.5271787643432617,4.556046485900879
2023-05-19,4.669127941131592,11.175419807434082,11.26224136352539,11.497081756591797,7.504731178283691,5.965633869171143,6.559471130371094,16.908010482788086,3.474402904510498,4.528433799743652
2023-05-22,4.832116603851318,11.428131103515625,11.6765718460083,11.721213340759277,8.699930191040039,6.265852451324463,6.73187255859375,17.603944778442383,3.5623624324798584,4.638883590698242
2023-05-23,4.889641761779785,11.428131103515625,12.24156665802002,11.779319763183594,8.73698902130127,6.391750812530518,6.978160858154297,17.746295928955078,3.549168586730957,4.694108486175537
2023-05-24,5.023866653442383,11.39303207397461,12.467565536499023,11.704610824584961,8.676765441894531,6.31427526473999,7.2244486808776855,17.319244384765625,3.5051887035369873,4.648087978363037
2023-05-25,5.206030368804932,11.301775932312012,12.900728225708008,11.696309089660645,8.667501449584961,6.459542751312256,7.6677680015563965,17.603944778442383,3.606342315673828,5.053069114685059
2023-05-26,5.349843502044678,11.301775932312012,12.900728225708008,11.638201713562012,9.042738914489746,6.517648696899414,7.643138885498047,18.06262969970703,3.76466965675354,5.209539413452148
2023-05-29,5.282731056213379,11.463229179382324,13.145560264587402,11.878935813903809,9.237305641174316,6.633862495422363,8.078248023986816,19.011627197265625,3.9229965209960938,5.24635648727417
2023-05-30,5.436131477355957,11.23859691619873,12.938395500183105,11.78762149810791,9.246569633483887,6.585440635681152,8.094666481018066,18.647846221923828,3.9933643341064453,5.273968696594238
2023-05-31,5.455306053161621,11.217537879943848,12.750062942504883,11.887235641479492,9.177081108093262,6.323959827423096,8.20139217376709,19.07489776611328,3.87022066116333,5.338397979736328
2023-06-01,5.378605842590332,11.056084632873535,12.65589714050293,12.01175308227539,9.005677223205566,6.217430591583252,8.086457252502441,18.473861694335938,3.804250955581665,5.145111083984375
2023-06-02,5.445718765258789,11.231578826904297,12.787729263305664,12.161173820495605,9.149286270141602,6.24648380279541,8.119296073913574,18.268245697021484,3.8086495399475098,5.292377471923828
2023-06-06,5.6949944496154785,11.745440483093262,13.352725982666016,12.368701934814453,9.232671737670898,6.372381687164307,8.143924713134766,18.695295333862305,3.7954556941986084,5.319990158081055
2023-06-07,5.704582214355469,11.745440483093262,13.315058708190918,12.410207748413086,9.320690155029297,6.537017822265625,8.111085891723633,18.42641258239746,3.896608591079712,5.329193592071533
2023-06-08,5.7525200843811035,11.745440483093262,13.409224510192871,12.28569221496582,9.357751846313477,6.6144938468933105,8.1275053024292,18.67947769165039,3.8526291847229004,5.356805801391602
2023-06-09,5.723756790161133,11.804167747497559,13.315058708190918,12.161173820495605,9.404075622558594,6.682285308837891,8.086457252502441,18.663660049438477,3.905404806137085,5.3660101890563965
2023-06-12,5.704582214355469,11.928963661193848,13.08906078338623,12.368701934814453,9.468932151794434,6.653231620788574,8.193181991577148,18.7269287109375,3.9010066986083984,5.402826309204102
2023-06-13,5.733345031738281,12.03173542022705,13.183226585388184,12.410207748413086,9.496728897094727,6.711338520050049,8.373793601989746,18.74274444580078,3.887812852859497,5.375214099884033
2023-06-14,6.030557632446289,12.171212196350098,13.352725982666016,12.343798637390137,9.422606468200684,6.711338520050049,8.455888748168945,18.837644577026367,4.002160549163818,5.6145219802856445
2023-06-15,5.982619762420654,12.068440437316895,13.258560180664062,12.38530445098877,9.357751846313477,6.691969394683838,8.275278091430664,18.995813369750977,3.887812852859497,5.678950786590576
2023-06-16,6.020970821380615,12.362075805664062,13.08906078338623,12.62603759765625,9.431872367858887,6.721023082733154,8.1275053024292,19.517763137817383,3.848231077194214,5.697359085083008
2023-06-19,5.991977214813232,12.06791877746582,13.145560264587402,12.592832565307617,9.37628173828125,6.6144938468933105,8.423051834106445,19.454496383666992,3.8658230304718018,5.641042232513428
2023-06-20,5.827681541442871,12.06791877746582,13.559889793395996,12.451713562011719,9.357751846313477,6.6144938468933105,8.488727569580078,19.691747665405273,3.9273946285247803,5.565953731536865
2023-06-21,5.847010612487793,12.105632781982422,13.785888671875,12.509821891784668,9.357751846313477,6.537017822265625,8.84994888305664,19.660114288330078,4.0901198387146,5.594111919403076
2023-06-22,5.818016529083252,11.992496490478516,13.597556114196777,12.451713562011719,9.251202583312988,6.469226360321045,8.800692558288574,19.660114288330078,4.046140193939209,5.472092628479004
2023-06-23,5.876003742218018,11.95478343963623,13.559889793395996,12.460014343261719,9.302160263061523,6.469226360321045,8.89920711517334,19.849912643432617,4.050538063049316,5.622270107269287
2023-06-26,5.837346076965332,11.720967292785645,13.315058708190918,12.37700366973877,8.917657852172852,6.440173625946045,8.505146026611328,19.13831329345703,3.988966226577759,5.387617588043213
2023-06-27,5.79868745803833,11.758679389953613,13.296225547790527,12.534725189208984,8.880599021911621,6.440173625946045,8.30811595916748,19.271329879760742,3.9581801891326904,5.584725856781006
2023-06-28,5.79868745803833,11.758679389953613,13.333891868591309,12.725651741027832,9.107593536376953,6.459542751312256,8.554404258728027,19.22144889831543,3.9669761657714844,5.612884044647217
2023-06-29,5.914661407470703,11.95478343963623,13.597556114196777,12.949783325195312,9.487462043762207,6.5951247215271,8.784273147583008,19.487489700317383,4.102214336395264,5.678586959838867
2023-06-30,5.818016529083252,12.052834510803223,13.50339126586914,13.041094779968262,9.682029724121094,6.711338520050049,8.866369247436523,19.287960052490234,4.201388359069824,5.5190229415893555
2023-07-03,5.837346076965332,12.226310729980469,13.37155818939209,12.949783325195312,9.682029724121094,6.740391731262207,9.194753646850586,19.337841033935547,4.210404396057129,5.612884044647217
2023-07-04,5.866339206695557,12.150885581970215,13.541057586669922,12.883373260498047,9.728354454040527,6.856605529785156,9.358945846557617,19.58725357055664,4.19688081741333,5.631656646728516
2023-07-05,5.8856682777404785,12.14334487915039,13.559889793395996,12.985862731933594,9.728354454040527,6.86629056930542,9.47387981414795,19.387723922729492,4.156309604644775,5.669200897216797
2023-07-06,5.789022922515869,11.879359245300293,13.484556198120117,12.778779983520508,9.561583518981934,6.817867755889893,9.293268203735352,18.92215347290039,4.129261493682861,5.556567192077637
2023-07-07,5.702043056488037,11.758679389953613,13.446890830993652,12.718379020690918,9.52452278137207,6.672600746154785,9.145496368408203,18.52309226989746,4.075166702270508,5.556567192077637
2023-07-10,5.827681541442871,11.901986122131348,13.484556198120117,12.856435775756836,9.487462043762207,6.73070764541626,9.523138046264648,18.456581115722656,4.165325164794922,5.537795543670654
2023-07-11,5.895332336425781,12.211226463317871,13.635222434997559,13.115289688110352,9.635703086853027,6.682285308837891,9.588814735412598,19.12168312072754,4.3817057609558105,5.6034979820251465
2023-07-12,5.914661407470703,12.173515319824219,13.484556198120117,12.916834831237793,9.580113410949707,6.759760856628418,9.736586570739746,19.70364761352539,4.46284818649292,5.537795543670654
2023-07-13,5.914661407470703,12.188600540161133,13.541057586669922,12.770151138305664,9.58937931060791,6.740391731262207,9.769425392150879,19.86992073059082,4.390721797943115,5.565953731536865
2023-07-14,5.895332336425781,12.264023780822754,13.748222351074219,12.606207847595215,9.672764778137207,6.682285308837891,9.818683624267578,19.820039749145508,4.327610969543457,5.556567192077637
2023-07-17,5.895332336425781,12.14334487915039,13.446890830993652,12.459524154663086,9.496728897094727,6.643547058105469,9.917198181152344,19.13831329345703,4.192372798919678,5.406390190124512
2023-07-18,5.953319549560547,12.022665023803711,13.50339126586914,12.217927932739258,9.635703086853027,6.585440635681152,10.097809791564941,19.005290985107422,4.390721797943115,5.443934917449951
2023-07-19,6.330234050750732,12.279109954833984,13.69172191619873,12.59758186340332,9.959981918334961,6.546702861785889,10.360516548156738,18.972036361694336,4.390721797943115,5.631656646728516
2023-07-20,6.378556251525879,12.445042610168457,13.69172191619873,12.649352073669434,9.99704360961914,6.566071510314941,10.262001037597656,19.23807716369629,4.3681817054748535,5.669200897216797
2023-07-21,6.5718464851379395,12.324363708496094,13.50339126586914,12.476781845092773,10.302791595458984,6.556386947631836,10.426193237304688,19.387723922729492,4.3817057609558105,5.875694751739502
2023-07-24,6.5718464851379395,12.233853340148926,13.315058708190918,12.433639526367188,10.191610336303711,6.556386947631836,10.672480583190918,19.321212768554688,4.408752918243408,6.054030418395996
2023-07-25,6.765135765075684,12.362075805664062,13.465723991394043,12.381869316101074,10.182344436645508,6.6144938468933105,10.951608657836914,19.487489700317383,4.417769432067871,6.363771915435791
2023-07-26,6.852116584777832,12.339449882507324,13.39039134979248,12.502667427062988,10.117488861083984,6.604809761047363,10.869511604309082,19.321212768554688,4.417769432067871,6.457632541656494
2023-07-27,6.707149028778076,12.20368480682373,13.409224510192871,12.355982780456543,10.034103393554688,6.556386947631836,10.672480583190918,19.271329879760742,4.489895820617676,6.326227188110352
2023-07-28,6.697484016418457,12.12071704864502,13.428057670593262,12.355982780456543,9.941451072692871,6.682285308837891,10.459031105041504,19.08842658996582,4.4989118576049805,6.176049709320068
2023-07-31,6.765135765075684,12.075464248657227,13.50339126586914,12.381869316101074,9.969246864318848,6.701653957366943,10.7381591796875,19.12168312072754,4.417769432067871,6.21359395980835
2023-08-01,6.63949728012085,12.030208587646484,13.446890830993652,12.442268371582031,9.959981918334961,6.604809761047363,10.508289337158203,19.055171966552734,4.309579372406006,6.044644355773926
2023-08-02,6.494530200958252,11.803935050964355,13.05139446258545,12.347354888916016,9.654234886169434,6.556386947631836,10.459031105041504,18.556344985961914,4.309579372406006,6.129119873046875
2023-08-03,6.5718464851379395,11.675712585449219,13.145560264587402,12.381869316101074,9.709824562072754,6.575756072998047,10.7381591796875,18.40669822692871,4.287039279937744,6.147891998291016
2023-08-04,6.552517414093018,11.781307220458984,13.258560180664062,12.286954879760742,9.76541519165039,6.701653957366943,10.754578590393066,18.3568172454834,4.327610969543457,6.298069000244141
2023-08-07,6.465537071228027,11.82656192779541,13.05139446258545,12.295584678649902,9.756150245666504,6.682285308837891,10.885931968688965,18.70599365234375,4.300562858581543,6.28868293762207
2023-08-08,6.281911849975586,11.736053466796875,13.032561302185059,12.192042350769043,9.515257835388184,6.643547058105469,10.573966026306152,18.62285614013672,4.165325164794922,6.100961208343506
2023-08-09,6.330234050750732,11.864274978637695,13.296225547790527,12.252440452575684,9.54305362701416,6.66291618347168,10.47545051574707,19.12168312072754,4.183356761932373,6.147891998291016
2023-08-10,6.359227657318115,11.653085708618164,13.220892906188965,12.157527923583984,9.487462043762207,6.653231620788574,10.426193237304688,18.93878173828125,4.1608171463012695,6.129119873046875
2023-08-11,6.165937900543213,11.585203170776367,13.013728141784668,11.959074020385742,9.172449111938477,6.517648696899414,10.426193237304688,18.955406188964844,4.01205587387085,5.932011604309082
2023-08-14,6.291576862335205,11.675712585449219,12.76889705657959,11.665705680847168,9.079797744750977,6.507964611053467,10.393355369567871,18.423324584960938,3.9850080013275146,5.903852939605713
2023-08-16,6.3109049797058105,11.562577247619629,12.561732292175293,11.976330757141113,8.987146377563477,6.469226360321045,10.754578590393066,18.30693244934082,4.057135105133057,5.86630916595459
2023-08-17,6.281911849975586,11.472066879272461,12.524065971374512,12.261070251464844,9.228039741516113,6.469226360321045,10.623223304748535,18.273677825927734,4.052626609802246,5.847536563873291
2023-08-18,6.194931507110596,11.366472244262695,12.298067092895508,12.364611625671387,8.996411323547363,6.372381687164307,10.22916316986084,17.991008758544922,3.9218966960906982,5.716131210327148
2023-08-21,6.4462080001831055,11.494693756103516,12.222733497619629,12.140271186828613,9.204877853393555,6.31427526473999,10.426193237304688,18.32356071472168,4.01205587387085,5.856922626495361
2023-08-22,6.5718464851379395,11.555032730102539,12.298067092895508,12.338726043701172,9.367016792297363,6.391750812530518,10.442612648010254,18.73925018310547,4.1472930908203125,6.110347270965576
2023-08-23,6.5621819496154785,11.426812171936035,12.66146183013916,12.192042350769043,9.28363037109375,6.353012561798096,10.262001037597656,18.92215347290039,4.241960048675537,6.232366561889648
2023-08-24,6.5718464851379395,11.38909912109375,13.082235336303711,12.3214693069458,9.255834579467773,6.285221576690674,11.115799903869629,18.456581115722656,4.210404396057129,6.185435771942139
2023-08-25,6.620168209075928,11.426812171936035,13.005732536315918,12.166156768798828,9.357751846313477,6.2949066162109375,11.132220268249512,18.672740936279297,4.201388359069824,6.316841125488281
2023-08-28,6.948760986328125,11.683255195617676,12.910100936889648,12.166156768798828,9.450401306152344,6.459542751312256,11.247153282165527,19.504114151000977,4.282531261444092,6.617196559906006
2023-08-29,6.958425521850586,11.841645240783691,12.85272216796875,12.105757713317871,9.515257835388184,6.4111199378967285,11.06654167175293,19.204822540283203,4.2915472984313965,6.523334980010986
2023-08-30,7.016412734985352,11.992496490478516,12.66146183013916,11.924559593200684,9.52452278137207,6.440173625946045,11.017285346984863,19.23807716369629,4.22843599319458,6.579651832580566
2023-08-31,6.832787036895752,11.751137733459473,12.871849060058594,11.907302856445312,9.357751846313477,6.391750812530518,10.836673736572266,19.537370681762695,4.174340724945068,6.579651832580566
2023-09-01,6.939095973968506,11.992496490478516,12.642335891723633,12.0885009765625,9.367016792297363,6.38206672668457,10.836673736572266,19.23807716369629,4.174340724945068,6.391930103302002
2023-09-04,6.939095973968506,11.781307220458984,12.298067092895508,11.950445175170898,9.102961540222168,6.362698078155518,10.360516548156738,18.888896942138672,4.057135105133057,6.166663646697998
2023-09-05,6.842451095581055,12.369617462158203,12.393696784973145,11.890046119689941,9.172449111938477,6.285221576690674,10.7381591796875,19.52074432373047,4.057135105133057,6.147891998291016
2023-09-06,6.881109714508057,12.301736831665039,12.298067092895508,11.890046119689941,9.265100479125977,6.110901355743408,10.8202543258667,19.687021255493164,3.8903415203094482,6.147891998291016
2023-09-07,6.668490886688232,12.135802268981934,11.934670448303223,11.657075881958008,8.908392906188965,6.101216793060303,10.360516548156738,19.337841033935547,3.7325642108917236,5.960169792175293
2023-09-08,6.7844648361206055,12.301736831665039,11.953797340393066,11.726103782653809,8.917657852172852,6.217430591583252,10.360516548156738,19.47085952758789,3.899357318878174,6.054030418395996
2023-09-11,6.794129371643066,12.452585220336914,12.049428939819336,11.777874946594238,8.801844596862793,6.207745552062988,10.262001037597656,19.420978546142578,3.975991725921631,6.119732856750488
2023-09-12,6.697484016418457,12.316821098327637,12.202436447143555,11.553534507751465,8.70919418334961,6.0915327072143555,10.22916316986084,19.47085952758789,3.8948495388031006,6.100961208343506
2023-09-13,6.47520112991333,12.188600540161133,12.145057678222656,11.432735443115234,8.486831665039062,6.03324031829834,9.70374870300293,19.12168312072754,3.8317387104034424,5.847536563873291
2023-09-14,6.3495635986328125,12.06791877746582,12.030301094055176,11.432735443115234,8.574850082397461,6.004094123840332,9.687329292297363,19.487489700317383,3.8632936477661133,5.86630916595459
2023-09-15,6.765135765075684,12.218770027160645,12.412822723388672,11.372336387634277,8.838905334472656,5.83893346786499,9.917198181152344,19.853296279907227,3.809199094772339,5.86630916595459
2023-09-18,6.765135765075684,12.294193267822266,12.240689277648926,11.519021034240723,9.038105010986328,5.9263715744018555,9.999295234680176,19.953062057495117,3.6829769611358643,5.86630916595459
2023-09-19,6.697484016418457,12.181057929992676,12.145057678222656,11.588048934936523,8.908392906188965,5.780640602111816,9.424622535705566,19.371095657348633,3.696500539779663,5.631656646728516
2023-09-20,6.484866142272949,11.894444465637207,12.030301094055176,11.467248916625977,8.801844596862793,5.6834869384765625,8.948464393615723,19.13831329345703,3.786659002304077,5.406390190124512
2023-09-21,6.5621819496154785,11.773764610290527,12.298067092895508,11.74336051940918,8.70919418334961,5.605764389038086,8.948464393615723,19.204822540283203,3.768627405166626,5.321915149688721
2023-09-22,6.513859272003174,11.781307220458984,12.77621841430664,12.010843276977539,8.66286849975586,5.70291805267334,9.112658500671387,19.986316680908203,4.057135105133057,5.162352085113525
2023-09-25,6.388221263885498,12.007580757141113,12.66146183013916,11.717475891113281,8.792579650878906,5.634910583496094,9.096238136291504,20.01957130432129,4.174340724945068,4.974629878997803
2023-09-26,6.504194736480713,12.052834510803223,12.565832138061523,11.639819145202637,9.079797744750977,5.576618194580078,9.014142990112305,19.953062057495117,4.120245933532715,4.974629878997803
2023-09-27,6.455872058868408,11.917072296142578,12.604083061218262,11.674332618713379,8.801844596862793,5.625195026397705,8.702177047729492,19.936433792114258,3.9399287700653076,4.927699565887451
2023-09-28,6.3205695152282715,11.69834041595459,12.604083061218262,11.717475891113281,8.801844596862793,5.5183258056640625,8.373793601989746,19.75353240966797,3.8768179416656494,4.927699565887451
2023-09-29,6.3495635986328125,11.962325096130371,12.58495807647705,11.924559593200684,8.801844596862793,5.460033416748047,8.620081901550293,19.903179168701172,3.926405191421509,4.974629878997803
2023-10-02,6.252918243408203,11.766222953796387,12.527580261230469,11.864160537719727,8.574850082397461,5.38231086730957,8.505146026611328,19.836668014526367,3.8227224349975586,4.8244524002075195
2023-10-03,6.13694429397583,11.653085708618164,12.4319486618042,11.674332618713379,8.338589668273926,5.38231086730957,8.570823669433594,19.337841033935547,3.786659002304077,4.730591297149658
2023-10-04,5.991977214813232,11.517321586608887,12.298067092895508,11.639819145202637,8.514625549316406,5.324018955230713,8.800692558288574,18.955406188964844,3.7280564308166504,4.636730670928955
2023-10-05,5.682714462280273,11.50977897644043,11.705158233642578,11.74336051940918,8.421976089477539,5.343449592590332,8.340954780578613,18.22379493713379,3.696500539779663,4.495939254760742
2023-10-06,5.489424228668213,11.38909912109375,11.724284172058105,11.449992179870605,8.157920837402344,5.440603256225586,8.209601402282715,17.95775604248047,3.696500539779663,4.486552715301514
2023-10-09,5.14150333404541,11.253336906433105,11.437393188476562,11.122111320495605,8.014310836791992,5.343449592590332,7.823749542236328,17.542064666748047,3.4846279621124268,4.242514133453369
2023-10-10,5.692378520965576,11.426812171936035,11.915545463562012,11.57942008972168,8.50072956085205,5.343449592590332,8.258858680725098,17.824735641479492,3.6694533824920654,4.5053253173828125
2023-10-11,5.895332336425781,11.524863243103027,12.049428939819336,11.432735443115234,8.774049758911133,5.440603256225586,8.554404258728027,18.373445510864258,3.786659002304077,4.608572006225586
2023-10-12,5.8856682777404785,11.660628318786621,12.4319486618042,11.424107551574707,8.519259452819824,5.479464530944824,8.537984848022461,18.70599365234375,3.7596120834350586,4.777522087097168
2023-10-13,5.624727249145508,11.615372657775879,12.317192077636719,11.45862102508545,8.560952186584473,5.469749450683594,8.373793601989746,18.473209381103516,3.7145323753356934,4.674274921417236
2023-10-16,5.702043056488037,11.487152099609375,12.470202445983887,11.760618209838867,8.5424222946167,5.392026424407959,8.324536323547363,18.62285614013672,3.6559290885925293,4.674274921417236
2023-10-17,5.5667405128479,11.539950370788574,12.221561431884766,11.605305671691895,8.611909866333008,5.489180088043213,8.472308158874512,18.888896942138672,3.6604373455047607,4.683660507202148
2023-10-18,5.605398178100586,11.57011890411377,12.374570846557617,11.691590309143066,8.653603553771973,5.460033416748047,8.406631469726562,19.154939651489258,3.6919925212860107,4.688354015350342
2023-10-19,5.537747383117676,11.434353828430176,12.412822723388672,11.674332618713379,8.514625549316406,5.421172618865967,8.30811595916748,19.038545608520508,3.768627405166626,4.589799880981445
2023-10-20,5.508752822875977,11.351387023925781,12.412822723388672,11.57942008972168,8.394182205200195,5.343449592590332,8.045409202575684,18.988662719726562,3.7325642108917236,4.5053253173828125
2023-10-23,5.615062713623047,11.366472244262695,12.623209953308105,11.36370849609375,8.384916305541992,5.362880229949951,8.086457252502441,18.556344985961914,3.646913528442383,4.477166652679443
2023-10-24,5.702043056488037,11.615372657775879,12.451075553894043,11.260167121887207,8.588748931884766,5.489180088043213,8.423051834106445,18.70599365234375,3.678468704223633,4.603879451751709
2023-10-25,5.489424228668213,11.555032730102539,12.470202445983887,11.156625747680664,8.560952186584473,5.304588317871094,8.209601402282715,18.83901596069336,3.664945125579834,4.486552715301514
2023-10-26,5.499088764190674,11.592745780944824,12.374570846557617,11.19113826751709,8.598012924194336,5.430887699127197,7.996151447296143,18.52309226989746,3.5973265171051025,4.387999057769775
2023-10-27,5.731036186218262,11.464524269104004,12.4319486618042,11.372336387634277,8.787946701049805,5.430887699127197,8.094666481018066,18.92215347290039,3.588310480117798,4.416157245635986
2023-10-30,5.914661407470703,11.630457878112793,12.54670524597168,11.320565223693848,8.92229175567627,5.430887699127197,8.35737419128418,18.68936538696289,3.579294443130493,4.533483505249023
2023-10-31,6.127280235290527,12.06791877746582,12.623209953308105,11.41547966003418,8.92229175567627,5.450318813323975,8.488727569580078,18.70599365234375,3.651421546936035,4.636730670928955
2023-11-01,6.204596042633057,12.128259658813477,12.527580261230469,11.45862102508545,8.89449691772461,5.489180088043213,8.439470291137695,18.62285614013672,3.7280564308166504,4.683660507202148
2023-11-02,6.378556251525879,12.475557327270508,12.75709342956543,11.829646110534668,9.079797744750977,5.53775691986084,8.932045936584473,19.47085952758789,3.840754508972168,4.7681355476379395
2023-11-03,6.397885322570801,12.42729663848877,12.73796558380127,12.0194730758667,9.158551216125488,5.586333751678467,8.882787704467773,19.454233169555664,3.7776436805725098,4.683660507202148
2023-11-06,6.4365434646606445,12.467514038085938,13.063109397888184,11.976330757141113,9.431872367858887,5.615479946136475,9.326107025146484,19.70364761352539,3.7776436805725098,4.739977836608887
2023-11-07,6.378556251525879,12.30664348602295,13.005732536315918,11.700220108032227,9.329955101013184,5.605764389038086,9.539556503295898,19.52074432373047,3.786659002304077,4.758749961853027
2023-11-08,6.407549858093262,12.42729663848877,13.005732536315918,11.74336051940918,9.232671737670898,5.605764389038086,9.441040992736816,19.287960052490234,3.7145323753356934,4.730591297149658
2023-11-09,6.417214393615723,12.42729663848877,12.967479705810547,11.130738258361816,9.075165748596191,5.586333751678467,9.309688568115234,18.606229782104492,3.6243739128112793,4.655502796173096
2023-11-10,6.378556251525879,12.379034996032715,12.814470291137695,10.915026664733887,9.28363037109375,5.489180088043213,9.244010925292969,18.040891647338867,3.5657706260681152,4.646116256713867
2023-11-13,6.378556251525879,11.98490047454834,12.795344352722168,10.897770881652832,9.496728897094727,5.528041362762451,9.309688568115234,18.24042320251465,3.516183614730835,4.617958068847656
2023-11-14,6.552517414093018,11.98490047454834,12.871849060058594,11.130738258361816,9.672764778137207,5.576618194580078,9.687329292297363,19.105052947998047,3.6874849796295166,4.815066337585449
2023-11-15,6.697484016418457,12.113598823547363,13.082235336303711,11.044454574584961,9.59864330291748,5.576618194580078,9.572395324707031,18.40669822692871,3.7145323753356934,4.861996650695801
2023-11-16,6.697484016418457,12.1216402053833,12.795344352722168,10.932284355163574,9.450401306152344,5.634910583496094,9.835102081298828,18.539716720581055,3.7731354236602783,4.871382713317871
2023-11-17,6.5718464851379395,11.864246368408203,12.814470291137695,10.92365550994873,9.533787727355957,5.732064247131348,9.835102081298828,18.48983383178711,3.7325642108917236,5.134192943572998
2023-11-20,6.629833221435547,11.759679794311523,12.814470291137695,11.087596893310547,9.450401306152344,5.732064247131348,9.670909881591797,18.656110763549805,3.7776436805725098,5.29375696182251
2023-11-21,6.5621819496154785,11.671201705932617,12.623209953308105,11.173882484436035,9.367016792297363,5.54747200012207,9.391783714294434,18.62285614013672,3.786659002304077,5.152965068817139
2023-11-22,6.5815110206604,11.743593215942383,12.718840599060059,11.217023849487305,9.58937931060791,5.71263313293457,9.490299224853516,19.537370681762695,3.7776436805725098,5.199896335601807
2023-11-23,6.620168209075928,11.727505683898926,12.890974044799805,11.122111320495605,9.682029724121094,5.741779327392578,9.523138046264648,19.653764724731445,3.7641196250915527,5.143579483032227
2023-11-24,6.716813087463379,11.663158416748047,12.77621841430664,11.217023849487305,9.728354454040527,5.693202972412109,9.523138046264648,19.80341148376465,3.723548412322998,5.124807357788086
2023-11-27,6.736142158508301,11.912508964538574,12.910100936889648,11.251538276672363,9.728354454040527,5.8486480712890625,9.47387981414795,20.202476501464844,3.696500539779663,5.152965068817139
2023-11-28,6.552517414093018,11.815984725952148,12.680588722229004,11.24290943145752,9.959981918334961,5.887509822845459,9.309688568115234,20.58490753173828,3.6829769611358643,5.134192943572998
2023-11-29,6.668490886688232,11.888379096984863,12.814470291137695,11.372336387634277,9.904391288757324,5.7612104415893555,9.358945846557617,20.78443717956543,3.651421546936035,5.152965068817139
2023-11-30,6.7458062171936035,11.824028968811035,12.66146183013916,11.622562408447266,10.006308555603027,5.634910583496094,9.408204078674316,20.6181640625,3.74157977104187,5.0872626304626465
2023-12-01,6.861780643463135,11.944683074951172,12.680588722229004,11.501763343811035,10.034103393554688,5.829217910766602,9.47387981414795,20.551652908325195,3.795675039291382,5.143579483032227
2023-12-04,6.765135765075684,11.87229061126709,12.623209953308105,11.389593124389648,9.959981918334961,5.916656017303467,9.326107025146484,20.651418685913086,3.7190401554107666,5.115420818328857
2023-12-05,6.687819957733154,12.041205406188965,12.393696784973145,11.251538276672363,9.85806655883789,6.004094123840332,9.408204078674316,20.352121353149414,3.7055165767669678,5.049718379974365
2023-12-06,6.707149028778076,11.719464302062988,12.623209953308105,11.277422904968262,9.941451072692871,6.023524761199951,9.523138046264648,20.25235939025879,3.7190401554107666,5.030946254730225
2023-12-07,6.726478099822998,11.719464302062988,12.66146183013916,11.449992179870605,10.052633285522461,6.04295539855957,9.588814735412598,20.119335174560547,3.696500539779663,4.993402004241943
2023-12-08,6.765135765075684,11.952726364135742,12.565832138061523,11.475878715515137,10.006308555603027,6.023524761199951,9.670909881591797,20.668046951293945,3.6874849796295166,5.021560192108154
2023-12-11,6.803793907165527,11.743593215942383,12.489327430725098,11.432735443115234,9.922922134399414,6.04295539855957,9.605234146118164,20.767812728881836,3.7055165767669678,5.162352085113525
2023-12-12,6.765135765075684,11.751636505126953,12.4319486618042,11.389593124389648,9.959981918334961,6.04295539855957,9.490299224853516,20.834321975708008,3.6559290885925293,5.124807357788086
2023-12-13,6.736142158508301,11.98490047454834,12.4319486618042,11.303309440612793,10.098958015441895,5.984663486480713,9.555976867675781,20.91745948791504,3.6604373455047607,5.162352085113525
2023-12-14,6.765135765075684,12.081422805786133,12.4319486618042,11.337822914123535,10.284260749816895,6.013809680938721,9.523138046264648,20.78443717956543,3.6424055099487305,5.143579483032227
2023-12-15,6.7458062171936035,12.161858558654785,12.489327430725098,11.173882484436035,10.237936019897461,5.70291805267334,9.441040992736816,20.834321975708008,3.6559290885925293,5.059104919433594
2023-12-18,6.668490886688232,12.113598823547363,12.680588722229004,11.19113826751709,10.154550552368164,5.71263313293457,9.129076957702637,20.68991470336914,3.6243739128112793,4.993402004241943
2023-12-19,6.707149028778076,12.266425132751465,12.58495807647705,11.044454574584961,10.395442008972168,5.770925521850586,9.358945846557617,20.774429321289062,3.633389949798584,5.040332317352295
2023-12-20,6.755471229553223,12.43533992767334,12.508453369140625,10.932284355163574,10.580744743347168,5.770925521850586,9.506718635559082,20.520877838134766,3.592818260192871,5.002788066864014
2023-12-21,6.803793907165527,12.42729663848877,12.604083061218262,11.113481521606445,10.413971900939941,5.897225379943848,9.391783714294434,20.50397300720215,3.646913528442383,5.030946254730225
2023-12-22,6.755471229553223,12.290555000305176,12.66146183013916,11.087596893310547,10.349117279052734,5.897225379943848,9.358945846557617,20.199708938598633,3.606342315673828,4.955857276916504
2023-12-27,6.861780643463135,12.403164863586426,12.489327430725098,11.009940147399902,10.339852333068848,5.897225379943848,9.227592468261719,20.318035125732422,3.615358352661133,4.974629878997803
2023-12-28,6.842451095581055,12.322728157043457,12.565832138061523,10.966797828674316,10.358382225036621,5.819501876831055,9.178335189819336,20.318035125732422,3.6243739128112793,4.908926963806152
2023-12-29,6.919767379760742,12.362947463989258,12.58495807647705,11.130738258361816,10.339852333068848,5.916656017303467,9.309688568115234,20.08138656616211,3.606342315673828,4.9370856285095215
2024-01-02,6.929431915283203,12.507732391357422,12.565832138061523,11.329195022583008,10.849431991577148,5.9652323722839355,9.326107025146484,20.284229278564453,3.74157977104187,4.965243816375732
2024-01-03,6.861780643463135,12.555992126464844,12.527580261230469,11.562162399291992,10.654865264892578,5.780640602111816,9.424622535705566,20.301130294799805,3.7190401554107666,5.190510272979736
2024-01-04,6.81345796585083,12.676647186279297,12.527580261230469,11.544905662536621,10.701190948486328,5.83893346786499,9.375365257263184,20.385648727416992,3.8768179416656494,5.303143501281738
2024-01-05,6.794129371643066,12.580123901367188,12.565832138061523,11.605305671691895,11.034734725952148,5.86807918548584,9.424622535705566,20.233516693115234,3.8587863445281982,5.443934917449951
2024-01-08,6.881109714508057,12.781211853027344,12.986604690551758,11.536276817321777,11.164445877075195,5.790356636047363,9.523138046264648,20.148998260498047,3.8587863445281982,5.669200897216797
2024-01-09,7.016412734985352,12.724907875061035,13.101361274719238,11.475878715515137,11.303421974182129,5.819501876831055,9.769425392150879,20.453262329101562,3.9218966960906982,5.734903335571289
2024-01-10,7.277353286743164,12.749038696289062,13.36912727355957,11.406850814819336,11.396072387695312,5.887509822845459,9.70374870300293,20.875852584838867,3.8948495388031006,5.697359085083008
2024-01-11,7.229030609130859,12.829473495483398,13.579513549804688,11.251538276672363,11.414603233337402,5.887509822845459,9.687329292297363,20.90966033935547,3.786659002304077,5.537795543670654
2024-01-12,7.209702014923096,12.588167190551758,13.541261672973633,11.337822914123535,11.442399024963379,5.887509822845459,9.588814735412598,21.18011474609375,3.7596120834350586,5.650428295135498
2024-01-15,7.277353286743164,12.749038696289062,13.560388565063477,11.389593124389648,11.442399024963379,5.906940460205078,9.539556503295898,20.791336059570312,3.723548412322998,5.856922626495361
2024-01-16,7.15171480178833,12.636429786682129,13.388253211975098,11.199766159057617,11.220035552978516,5.858364105224609,9.34252643585205,20.520877838134766,3.6424055099487305,5.894467353820801
2024-01-17,7.122721195220947,12.829473495483398,13.311747550964355,11.096223831176758,11.192240715026855,5.8486480712890625,9.227592468261719,20.706815719604492,3.588310480117798,5.697359085083008
2024-01-18,7.035740852355957,12.789257049560547,13.388253211975098,11.147995948791504,11.210771560668945,5.790356636047363,9.194753646850586,20.67300796508789,3.606342315673828,5.800605773925781
2024-01-19,6.97775411605835,12.7972993850708,12.929227828979492,11.260167121887207,11.257096290588379,5.780640602111816,9.276849746704102,20.977272033691406,3.606342315673828,5.612884044647217
2024-01-22,6.939095973968506,12.917953491210938,13.005732536315918,11.217023849487305,11.340482711791992,5.819501876831055,9.227592468261719,21.484378814697266,3.561262845993042,5.584725856781006
2024-01-23,7.064734935760498,12.861647605895996,13.063109397888184,11.251538276672363,11.562844276428223,5.8486480712890625,9.326107025146484,21.60270118713379,3.579294443130493,5.612884044647217
2024-01-24,7.17104434967041,13.12708568572998,13.196991920471191,11.493135452270508,11.599905967712402,5.722348690032959,9.654491424560547,21.873159408569336,3.7280564308166504,5.697359085083008
2024-01-25,7.132385730743408,13.01447582244873,13.063109397888184,11.19113826751709,11.368277549743652,5.664056301116943,9.670909881591797,21.974580764770508,3.750595808029175,5.687972545623779
2024-01-26,7.180707931518555,13.030563354492188,13.235244750976562,11.24290943145752,11.396072387695312,5.586333751678467,9.638071060180664,21.906965255737305,3.7776436805725098,5.847536563873291
2024-01-29,7.074399471282959,13.030563354492188,13.216117858886719,11.113481521606445,11.118120193481445,5.5960493087768555,9.441040992736816,21.50128173828125,3.664945125579834,5.903852939605713
2024-01-30,7.006747722625732,12.950127601623535,13.082235336303711,11.044454574584961,11.247831344604492,5.625195026397705,9.687329292297363,21.29844093322754,3.615358352661133,5.941397190093994
2024-01-31,7.045405387878418,12.88577938079834,13.3308744430542,11.087596893310547,11.340482711791992,5.586333751678467,10.081389427185059,21.36605453491211,3.6604373455047607,5.969555854797363
2024-02-01,7.016412734985352,13.038605690002441,13.426506042480469,11.087596893310547,11.488723754882812,5.67377233505249,10.032132148742676,21.24772834777832,3.74157977104187,5.875694751739502
2024-02-02,7.103392601013184,13.151216506958008,13.44563102722168,11.087596893310547,11.572110176086426,5.644625663757324,10.17990493774414,21.50128173828125,3.786659002304077,6.025872230529785
2024-02-05,7.084063529968262,13.271869659423828,13.636892318725586,11.104853630065918,11.553580284118652,5.53775691986084,10.311259269714355,21.484378814697266,3.7776436805725098,6.147891998291016
2024-02-06,7.103392601013184,13.255782127380371,13.885531425476074,11.122111320495605,11.581376075744629,5.5960493087768555,10.426193237304688,22.02528953552246,3.7370717525482178,6.0915751457214355
2024-02-07,7.006747722625732,13.207520484924316,13.86640453338623,11.130738258361816,11.136651039123535,5.615479946136475,10.344098091125488,22.78594970703125,3.7325642108917236,5.978941440582275
2024-02-08,7.055070400238037,13.151216506958008,13.9620361328125,11.493135452270508,11.155179977416992,5.67377233505249,10.426193237304688,23.326862335205078,3.696500539779663,5.950783729553223
2024-02-09,7.093728542327881,13.23165225982666,13.9620361328125,11.45862102508545,11.025468826293945,5.722348690032959,10.426193237304688,23.157827377319336,3.7055165767669678,5.913239479064941
2024-02-12,7.006747722625732,13.34426212310791,13.732521057128906,11.432735443115234,10.932818412780762,5.732064247131348,10.196325302124023,22.954984664916992,3.7641196250915527,5.80999231338501
2024-02-13,6.81345796585083,13.13512897491455,13.770774841308594,11.217023849487305,10.932818412780762,5.634910583496094,10.262001037597656,22.73523712158203,3.7776436805725098,5.781833171844482
2024-02-14,6.861780643463135,13.11904239654541,13.770774841308594,11.372336387634277,10.914287567138672,5.67377233505249,10.22916316986084,23.107114791870117,3.7145323753356934,5.744289398193359
2024-02-15,6.861780643463135,12.901866912841797,13.770774841308594,11.519021034240723,11.053263664245605,5.634910583496094,10.212743759155273,22.549301147460938,3.6874849796295166,5.716131210327148
2024-02-16,6.929431915283203,13.11904239654541,13.770774841308594,11.613934516906738,10.914287567138672,5.634910583496094,10.097809791564941,22.988792419433594,3.782151699066162,5.697359085083008
2024-02-19,6.919767379760742,13.23165225982666,13.809026718139648,12.0194730758667,11.090325355529785,5.615479946136475,10.22916316986084,23.664934158325195,3.7776436805725098,5.725517749786377
2024-02-20,6.852116584777832,13.01447582244873,13.942909240722656,12.217927932739258,11.164445877075195,5.5960493087768555,10.147067070007324,23.03950309753418,3.8317387104034424,5.678586959838867
2024-02-21,6.765135765075684,12.998388290405273,14.03853988647461,11.993586540222168,11.025468826293945,5.5960493087768555,10.17990493774414,23.326862335205078,3.8317387104034424,5.6034979820251465
2024-02-22,6.707149028778076,12.966214179992676,13.923783302307129,11.674332618713379,11.071793556213379,5.586333751678467,10.294839859008789,23.157827377319336,3.813706636428833,5.622270107269287
2024-02-23,6.678155422210693,12.982301712036133,13.751648902893066,11.613934516906738,10.942083358764648,5.5183258056640625,10.376935958862305,22.988792419433594,3.786659002304077,5.594111919403076
2024-02-26,6.610504150390625,13.312087059020996,13.86640453338623,11.657075881958008,10.969879150390625,5.528041362762451,10.196325302124023,22.769046783447266,3.840754508972168,5.500250816345215
2024-02-27,6.504194736480713,13.593611717224121,13.86640453338623,11.605305671691895,10.960613250732422,5.489180088043213,10.048551559448242,22.43097686767578,3.8317387104034424,5.453320026397705
2024-02-28,6.755471229553223,13.529264450073242,13.656018257141113,11.665705680847168,10.979144096374512,5.430887699127197,10.064970970153809,22.14361572265625,3.8497700691223145,5.584725856781006
2024-02-29,6.948760986328125,13.569480895996094,13.617765426635742,12.045357704162598,11.173710823059082,5.362880229949951,10.327677726745605,22.312650680541992,3.840754508972168,5.631656646728516
2024-03-01,7.142050266265869,13.754484176635742,13.713397026062012,11.821017265319824,11.053263664245605,5.498895168304443,10.459031105041504,22.81975746154785,3.8678016662597656,5.697359085083008
2024-03-04,7.15171480178833,13.923398971557617,13.770774841308594,11.855531692504883,10.932818412780762,5.401741981506348,10.508289337158203,23.157827377319336,3.840754508972168,5.678586959838867
2024-03-05,7.345004081726074,13.698179244995117,13.847278594970703,11.734733581542969,10.812372207641602,5.469749450683594,10.344098091125488,23.276151657104492,3.840754508972168,5.669200897216797
2024-03-06,7.277353286743164,13.481002807617188,14.153295516967773,11.59667682647705,10.895757675170898,5.53775691986084,10.426193237304688,23.157827377319336,3.854278326034546,5.594111919403076
2024-03-07,7.23869514465332,13.754484176635742,14.554944038391113,11.708847045898438,10.988408088684082,5.5183258056640625,10.541128158569336,23.24234390258789,3.8813257217407227,5.490865230560303
2024-03-08,6.958425521850586,13.714264869689941,14.899213790893555,11.855531692504883,10.830901145935059,5.498895168304443,10.393355369567871,23.49589729309082,3.8678016662597656,5.406390190124512
2024-03-11,6.774800777435303,13.489046096801758,14.516692161560059,11.475878715515137,10.469563484191895,5.343449592590332,10.130647659301758,22.312650680541992,3.786659002304077,5.181123733520508
2024-03-12,6.910102844238281,13.432741165161133,14.554944038391113,11.59667682647705,10.460298538208008,5.38231086730957,10.393355369567871,22.49858856201172,3.840754508972168,5.181123733520508
2024-03-13,7.026076793670654,13.513176918029785,14.707952499389648,11.700220108032227,10.562213897705078,5.392026424407959,10.426193237304688,22.059099197387695,3.8948495388031006,5.209282398223877
2024-03-14,6.929431915283203,13.553394317626953,15.549500465393066,11.907302856445312,10.534418106079102,5.430887699127197,10.47545051574707,23.343765258789062,3.903865337371826,5.228054523468018
2024-03-15,7.142050266265869,13.529264450073242,15.85551643371582,11.81238842010498,10.840167045593262,5.226865291595459,10.360516548156738,22.802852630615234,3.899357318878174,5.218667984008789
2024-03-19,6.929431915283203,13.046649932861328,15.683381080627441,11.639819145202637,10.654865264892578,5.314303398132324,10.311259269714355,22.27884292602539,3.8046908378601074,5.106035232543945
2024-03-20,6.861780643463135,13.33621883392334,15.779013633728027,11.657075881958008,10.654865264892578,5.324018955230713,10.47545051574707,22.53239631652832,3.827230453491211,5.115420818328857
2024-03-21,6.871445655822754,13.255782127380371,15.93202018737793,11.950445175170898,11.025468826293945,5.362880229949951,10.459031105041504,23.056406021118164,3.786659002304077,5.190510272979736
2024-03-22,6.794129371643066,13.263825416564941,15.93202018737793,11.890046119689941,10.979144096374512,5.751494884490967,10.442612648010254,23.24234390258789,3.813706636428833,5.246826648712158
2024-03-26,6.861780643463135,13.070781707763672,16.008525848388672,11.622562408447266,10.701190948486328,5.819501876831055,10.360516548156738,23.343765258789062,3.8678016662597656,5.1717376708984375
2024-03-27,6.890773773193359,13.078824043273926,16.065902709960938,11.674332618713379,10.617804527282715,5.780640602111816,10.278420448303223,23.022598266601562,3.845262050628662,5.2562127113342285
2024-03-28,6.910102844238281,13.416653633117676,16.142406463623047,11.795132637023926,10.775312423706055,5.8000712394714355,10.294839859008789,23.343765258789062,3.8317387104034424,5.1717376708984375
2024-04-02,6.861780643463135,13.11904239654541,15.779013633728027,11.91593074798584,10.478829383850098,5.625195026397705,9.851521492004395,23.326862335205078,3.768627405166626,4.955857276916504
2024-04-03,6.871445655822754,12.966214179992676,15.759885787963867,11.821017265319824,10.423236846923828,5.5183258056640625,10.040342330932617,22.81975746154785,3.619865894317627,4.908926963806152
2024-04-04,6.910102844238281,13.0225191116333,15.759885787963867,11.786503791809082,10.562213897705078,5.53775691986084,10.237373352050781,22.650720596313477,3.696500539779663,4.871382713317871
2024-04-05,7.026076793670654,13.01447582244873,15.683381080627441,12.045357704162598,10.515889167785645,5.440603256225586,10.262001037597656,22.887371063232422,3.723548412322998,4.880768775939941
2024-04-08,7.122721195220947,12.958170890808105,15.759885787963867,11.993586540222168,11.016204833984375,5.528041362762451,10.327677726745605,22.73523712158203,3.8046908378601074,5.002788066864014
2024-04-09,7.122721195220947,13.0225191116333,15.817264556884766,12.010843276977539,11.034734725952148,5.53775691986084,10.344098091125488,22.481687545776367,3.8046908378601074,5.0872626304626465
2024-04-10,7.132385730743408,13.0225191116333,16.065902709960938,12.364611625671387,11.118120193481445,5.421172618865967,10.376935958862305,22.481687545776367,3.795675039291382,5.106035232543945
2024-04-11,7.016412734985352,13.054693222045898,15.97027587890625,12.468153953552246,11.136651039123535,5.440603256225586,10.270212173461914,22.71833610534668,3.809199094772339,5.068490982055664
2024-04-12,6.81345796585083,13.110997200012207,15.874643325805664,12.390497207641602,10.775312423706055,5.50861120223999,9.982874870300293,22.32955551147461,3.6604373455047607,4.899540901184082
2024-04-15,6.803793907165527,13.046649932861328,15.683381080627441,12.30421257019043,10.488092422485352,5.440603256225586,9.711957931518555,22.19432830810547,3.7145323753356934,4.908926963806152
2024-04-16,6.610504150390625,12.942083358764648,14.784456253051758,12.07987117767334,10.108223915100098,5.275441646575928,9.293268203735352,21.8055419921875,3.588310480117798,4.871382713317871
2024-04-17,6.7458062171936035,12.942083358764648,14.860960006713867,12.0194730758667,10.126754760742188,5.38231086730957,9.408204078674316,22.059099197387695,3.561262845993042,4.955857276916504
2024-04-18,6.707149028778076,12.99034595489502,15.358238220214844,12.062614440917969,10.108223915100098,5.421172618865967,9.662700653076172,22.07600212097168,3.5973265171051025,5.002788066864014
2024-04-19,7.055070400238037,13.215564727783203,15.530373573303223,11.91593074798584,10.237936019897461,5.528041362762451,9.670909881591797,21.8055419921875,3.678468704223633,5.246826648712158
2024-04-22,7.161379814147949,13.384479522705078,15.664255142211914,12.166156768798828,10.395442008972168,5.586333751678467,10.089600563049316,22.27884292602539,3.768627405166626,5.2562127113342285
2024-04-23,7.190372943878174,13.392521858215332,15.874643325805664,12.442268371582031,10.580744743347168,5.634910583496094,10.122438430786133,22.43097686767578,3.7596120834350586,5.415775775909424
2024-04-24,7.316011428833008,13.33621883392334,15.721633911132812,12.3214693069458,10.525153160095215,5.586333751678467,10.097809791564941,23.056406021118164,3.7641196250915527,5.378231525421143
2024-04-25,7.267688751220703,13.094911575317383,15.549500465393066,12.269698143005371,10.469563484191895,5.566903114318848,10.064970970153809,22.481687545776367,3.7280564308166504,5.209282398223877
2024-04-26,7.316011428833008,13.207520484924316,15.779013633728027,12.37324047088623,10.636334419250488,5.586333751678467,9.966456413269043,22.49858856201172,3.6694533824920654,5.321915149688721
2024-04-29,7.586616516113281,13.241376876831055,16.046777725219727,12.433639526367188,10.506623268127441,5.53775691986084,10.147067070007324,22.988792419433594,3.7010087966918945,5.443934917449951
2024-04-30,7.67359733581543,13.040876388549805,16.046777725219727,12.3214693069458,10.413971900939941,5.557187557220459,10.344098091125488,22.954984664916992,3.7325642108917236,5.443934917449951
2024-05-02,7.731583595275879,12.948981285095215,15.85551643371582,12.131643295288086,10.339852333068848,5.634910583496094,10.38514518737793,23.005693435668945,3.7641196250915527,5.481479167938232
2024-05-08,8.069841384887695,13.00745964050293,15.85551643371582,12.338726043701172,10.506623268127441,5.615479946136475,10.500080108642578,23.022598266601562,3.768627405166626,5.678586959838867
2024-05-09,8.118163108825684,12.974043846130371,16.008525848388672,12.511296272277832,10.886492729187012,5.5960493087768555,10.532917976379395,22.887371063232422,3.7055165767669678,5.725517749786377
2024-05-10,7.973195552825928,12.873793601989746,16.142406463623047,12.450897216796875,10.830901145935059,5.6834869384765625,10.80383586883545,23.24234390258789,3.768627405166626,5.659814834594727
2024-05-13,7.982860088348389,12.882147789001465,15.893769264221191,12.157527923583984,10.691926002502441,5.732064247131348,10.918769836425781,23.24234390258789,3.786659002304077,5.622270107269287
2024-05-14,8.118163108825684,12.948981285095215,15.683381080627441,12.0885009765625,10.562213897705078,5.790356636047363,10.959817886352539,23.29305648803711,3.7551040649414062,5.584725856781006
2024-05-15,8.408097267150879,12.982397079467773,15.912895202636719,12.166156768798828,10.821637153625488,5.819501876831055,10.918769836425781,23.529705047607422,3.74157977104187,5.697359085083008
2024-05-16,8.437089920043945,12.982397079467773,16.027652740478516,12.269698143005371,10.793841361999512,5.8486480712890625,10.770997047424316,23.580413818359375,3.696500539779663,5.75367546081543
2024-05-17,8.437089920043945,12.78189754486084,15.683381080627441,12.209299087524414,10.969879150390625,5.858364105224609,10.754578590393066,23.411380767822266,3.7325642108917236,5.819377899169922
2024-05-20,8.25346565246582,12.823668479919434,15.779013633728027,12.286954879760742,11.099590301513672,5.858364105224609,11.069375991821289,23.529705047607422,3.7145323753356934,5.922624588012695
2024-05-21,8.524070739746094,12.681647300720215,15.779013633728027,12.261070251464844,11.025468826293945,5.858364105224609,11.043249130249023,22.75214195251465,3.786659002304077,6.100961208343506
2024-05-22,8.35977554321289,12.431022644042969,15.568625450134277,11.907302856445312,10.858696937561035,5.770925521850586,10.799391746520996,23.512802124023438,3.696500539779663,5.932011604309082
2024-05-23,8.698031425476074,12.489501953125,15.989397048950195,11.890046119689941,10.766045570373535,5.722348690032959,10.825519561767578,24.13823127746582,3.7596120834350586,6.176049709320068
2024-05-24,8.51440715789795,12.598104476928711,15.93202018737793,11.864160537719727,10.747515678405762,5.780640602111816,10.764554023742676,23.664934158325195,3.678468704223633,6.166663646697998
2024-05-27,8.147156715393066,12.547980308532715,15.874643325805664,12.217927932739258,10.747515678405762,5.858364105224609,10.538116455078125,24.036808013916016,3.6424055099487305,6.044644355773926
2024-05-28,8.176149368286133,12.347479820251465,15.759885787963867,12.174784660339355,10.691926002502441,5.809787273406982,10.363931655883789,23.732547760009766,3.6604373455047607,5.800605773925781
2024-05-29,8.195477485656738,12.372543334960938,15.740758895874023,11.864160537719727,10.349117279052734,5.770925521850586,10.1287841796875,22.701431274414062,3.606342315673828,5.650428295135498
2024-05-30,8.379104614257812,12.297354698181152,15.989397048950195,11.829646110534668,10.460298538208008,5.722348690032959,10.242003440856934,22.566204071044922,3.633389949798584,5.800605773925781
2024-05-31,8.698031425476074,12.238875389099121,16.027652740478516,11.59667682647705,10.395442008972168,5.732064247131348,10.302967071533203,22.02528953552246,3.606342315673828,5.997714042663574
2024-06-03,8.698031425476074,12.431022644042969,16.008525848388672,11.64844799041748,10.478829383850098,5.770925521850586,10.329094886779785,22.346458435058594,3.633389949798584,6.007100582122803
2024-06-04,8.736689567565918,12.146979331970215,15.779013633728027,11.59667682647705,10.237936019897461,5.6834869384765625,10.067819595336914,21.906965255737305,3.5973265171051025,5.960169792175293
2024-06-05,8.717361450195312,12.639876365661621,16.08502960205078,11.760618209838867,10.302791595458984,5.8000712394714355,10.18974781036377,22.02528953552246,3.5702786445617676,5.903852939605713
2024-06-06,8.85266399383545,12.531272888183594,15.93202018737793,11.907302856445312,10.330586433410645,5.722348690032959,10.20716667175293,22.566204071044922,3.619865894317627,5.885080814361572
2024-06-07,8.978302001953125,12.44773006439209,15.912895202636719,11.87278938293457,10.256465911865234,5.741779327392578,10.302967071533203,22.07600212097168,3.6243739128112793,5.847536563873291
2024-06-10,8.891321182250977,12.464438438415527,16.008525848388672,11.91593074798584,10.284260749816895,5.722348690032959,10.18974781036377,21.72102928161621,3.6108503341674805,5.8381500244140625
2024-06-11,9.132932662963867,12.289000511169434,15.779013633728027,11.846902847290039,10.284260749816895,5.605764389038086,10.085237503051758,21.771738052368164,3.633389949798584,5.75367546081543
2024-06-12,8.910650253295898,12.280645370483398,15.989397048950195,11.838274955749512,10.293525695800781,5.576618194580078,10.172329902648926,21.43366813659668,3.6018340587615967,5.875694751739502
2024-06-13,8.746354103088379,12.464438438415527,15.759885787963867,11.803760528564453,10.163814544677734,5.576618194580078,10.05040168762207,21.230825424194336,3.633389949798584,5.819377899169922
2024-06-14,8.611051559448242,12.389250755310059,15.702508926391602,11.691590309143066,9.82100772857666,5.440603256225586,9.841381072998047,20.622299194335938,3.516183614730835,5.631656646728516
2024-06-17,8.669038772583008,12.364188194274902,15.587750434875488,11.639819145202637,9.848801612854004,5.469749450683594,9.684616088867188,20.622299194335938,3.471104383468628,5.594111919403076
2024-06-18,8.891321182250977,12.322416305541992,15.683381080627441,11.64844799041748,10.154550552368164,5.53775691986084,9.902345657348633,20.858949661254883,3.5567548274993896,5.565953731536865
2024-06-19,8.929978370666504,12.297354698181152,15.912895202636719,11.613934516906738,10.136019706726074,5.50861120223999,9.797835350036621,21.61960792541504,3.471104383468628,5.490865230560303
2024-06-20,8.900985717773438,12.197105407714844,16.142406463623047,11.64844799041748,10.349117279052734,5.5183258056640625,9.762998580932617,20.89275550842285,3.426024913787842,5.509636878967285
2024-06-21,9.1039400100708,12.163687705993652,16.238037109375,11.786503791809082,10.395442008972168,5.353165149688721,9.823963165283203,20.53778076171875,3.547739028930664,5.509636878967285
2024-06-25,9.474335670471191,12.299689292907715,15.836390495300293,11.898673057556152,10.358382225036621,5.392026424407959,9.597524642944336,21.264633178710938,3.543231248855591,5.5383830070495605
2024-06-26,9.454840660095215,12.66519546508789,15.97027587890625,11.846902847290039,10.191610336303711,5.38231086730957,9.597524642944336,21.365337371826172,3.6083297729492188,5.557547092437744
2024-06-27,9.542566299438477,12.571694374084473,15.817264556884766,11.760618209838867,10.108223915100098,5.38231086730957,9.815254211425781,20.917236328125,3.533931255340576,5.528800964355469
2024-06-28,9.34762191772461,12.444192886352539,15.817264556884766,11.59667682647705,10.413971900939941,5.324018955230713,10.172329902648926,21.006858825683594,3.6083297729492188,5.452145099639893
2024-07-01,9.591302871704102,12.529192924499512,15.779013633728027,11.657075881958008,10.376912117004395,5.343449592590332,10.059110641479492,20.84554100036621,3.6176297664642334,5.643784523010254
2024-07-02,9.552314758300781,12.469693183898926,15.683381080627441,11.700220108032227,10.358382225036621,5.256011486053467,9.806544303894043,20.666301727294922,3.599029779434204,5.49047327041626
2024-07-03,9.649785995483398,12.580194473266602,15.874643325805664,11.907302856445312,10.488092422485352,5.265726566314697,10.032983779907227,20.612529754638672,3.626929521560669,5.682112693786621
2024-07-04,9.60105037689209,12.707696914672852,15.95114803314209,12.272940635681152,10.562213897705078,5.38231086730957,10.363931655883789,20.630455017089844,3.715277671813965,5.7970967292785645
2024-07-05,9.708270072937012,12.784197807312012,15.95114803314209,12.345778465270996,10.441767692565918,5.479464530944824,10.215875625610352,20.666301727294922,3.7292277812957764,5.940825939178467
2024-07-08,9.552314758300781,12.750197410583496,16.104156494140625,12.58249568939209,10.562213897705078,5.5183258056640625,10.18974781036377,20.988933563232422,3.6641287803649902,5.940825939178467
2024-07-09,9.562061309814453,13.090201377868652,16.44842529296875,12.728169441223145,10.849431991577148,5.53775691986084,10.294258117675781,20.73799705505371,3.7199275493621826,6.017481803894043
2024-07-10,9.523072242736816,12.928699493408203,16.83094596862793,12.810110092163086,10.803107261657715,5.53775691986084,10.407477378845215,20.433290481567383,3.715277671813965,5.931244373321533
2024-07-11,9.60105037689209,13.243204116821289,16.735315322875977,12.782795906066895,11.043998718261719,5.605764389038086,10.607789039611816,20.576683044433594,3.64552903175354,5.883334159851074
2024-07-12,9.688775062561035,13.345206260681152,16.773569107055664,12.837423324584961,10.886492729187012,5.605764389038086,10.538116455078125,20.271976470947266,3.6780784130096436,5.835424423217773
2024-07-15,9.649785995483398,13.260205268859863,16.81182098388672,12.928468704223633,10.766045570373535,5.654341220855713,10.468442916870117,20.773847579956055,3.7013280391693115,5.864170074462891
2024-07-16,9.640040397644043,13.260205268859863,17.04133415222168,12.782795906066895,10.488092422485352,5.634910583496094,10.520697593688965,20.433290481567383,3.650179147720337,5.720439910888672
2024-07-17,9.552314758300781,13.430207252502441,17.11783790588379,12.837423324584961,10.423236846923828,5.615479946136475,10.28554916381836,20.218202590942383,3.6176297664642334,5.653366565704346
2024-07-18,9.523072242736816,13.38770580291748,17.175214767456055,12.910261154174805,10.571478843688965,5.634910583496094,10.311676979064941,20.343671798706055,3.710627794265747,5.653366565704346
2024-07-19,9.367115020751953,13.438708305358887,17.232593536376953,12.882946014404297,10.691926002502441,5.634910583496094,10.294258117675781,20.612529754638672,3.673428535461426,5.6246209144592285
2024-07-22,9.454840660095215,13.608710289001465,17.309101104736328,13.2471284866333,10.890801429748535,5.713996887207031,10.355223655700684,21.132326126098633,3.7896759510040283,5.730022430419922
2024-07-23,9.425600051879883,13.625710487365723,17.156089782714844,13.23802375793457,11.080205917358398,5.713996887207031,10.18974781036377,21.239870071411133,3.7850265502929688,5.720439910888672
2024-07-24,9.357369422912598,13.56620979309082,16.90744972229004,12.955781936645508,10.919211387634277,5.694225311279297,10.059110641479492,20.827619552612305,3.775726556777954,5.6246209144592285
2024-07-25,9.376863479614258,13.489707946777344,16.869199752807617,13.40190601348877,10.890801429748535,5.694225311279297,9.963309288024902,20.73799705505371,3.7059779167175293,5.672530651092529
2024-07-26,9.289137840270996,13.583209991455078,17.003082275390625,13.483847618103027,11.013915061950684,5.723882675170898,10.059110641479492,20.89931297302246,3.6548290252685547,5.720439910888672
2024-07-29,9.357369422912598,13.634210586547852,17.098711013793945,13.64772891998291,11.108616828918457,5.713996887207031,10.120075225830078,21.150249481201172,3.6362292766571045,5.7012763023376465
2024-07-30,9.396358489990234,13.549208641052246,17.11783790588379,13.86623764038086,10.928682327270508,5.595366954803467,10.05040168762207,20.827619552612305,3.650179147720337,5.662948131561279
2024-07-31,9.415852546691895,13.693711280822754,17.11783790588379,13.81161117553711,11.146498680114746,5.743654251098633,10.015564918518066,21.078554153442383,3.650179147720337,5.63420295715332
2024-08-01,9.679028511047363,13.557708740234375,17.003082275390625,13.88444709777832,10.890801429748535,5.704111099243164,9.893635749816895,21.078554153442383,3.6362292766571045,5.662948131561279
2024-08-02,9.211159706115723,13.345206260681152,16.544055938720703,13.456533432006836,10.587753295898438,5.5261664390563965,9.614941596984863,20.182357788085938,3.5432310104370117,5.48089075088501
2024-08-05,8.83101749420166,12.597193717956543,15.358238220214844,12.773691177368164,9.90589427947998,5.1801629066467285,8.796278953552246,18.73051643371582,3.2828361988067627,5.020956039428711
2024-08-06,8.96747875213623,12.80119800567627,15.530373573303223,13.474742889404297,10.43622875213623,5.249363899230957,9.00529956817627,19.537094116210938,3.3525848388671875,5.078448295593262
2024-08-07,9.259896278381348,13.107202529907227,16.180660247802734,13.383697509765625,10.568812370300293,5.358108043670654,9.484305381774902,20.433290481567383,3.431633234024048,5.2509236335754395
2024-08-08,9.259896278381348,13.268704414367676,16.333667755126953,13.17429256439209,10.417287826538086,5.387764930725098,9.301411628723145,19.680484771728516,3.468832492828369,5.193431854248047
2024-08-09,9.279391288757324,13.23470401763916,16.39104461669922,13.119664192199707,10.578282356262207,5.338335990905762,9.275283813476562,19.322006225585938,3.4223334789276123,5.2030134201049805
2024-08-12,9.2306547164917,13.200703620910645,16.429298400878906,13.22891902923584,10.881330490112305,5.407536506652832,9.34495735168457,19.555017471313477,3.533931255340576,5.222177505493164
2024-08-13,9.435346603393555,13.36220645904541,16.44842529296875,13.2471284866333,11.023385047912598,5.407536506652832,9.231738090515137,18.838062286376953,3.5525307655334473,5.317997455596924
2024-08-14,9.630291938781738,13.574710845947266,16.716190338134766,13.347278594970703,11.013915061950684,5.437194347381592,9.292701721191406,19.07107162475586,3.533931255340576,5.385071277618408
2024-08-16,9.562061309814453,13.685211181640625,16.75444221496582,13.538474082946777,10.90974235534668,5.466851711273193,9.318829536437988,18.99937629699707,3.533931255340576,5.365907192230225
2024-08-19,9.552314758300781,13.676711082458496,16.735315322875977,13.838924407958984,11.004444122314453,5.397651195526123,9.318829536437988,19.25031089782715,3.5292813777923584,5.461726665496826
2024-08-20,9.805743217468262,13.685211181640625,16.792694091796875,13.86623764038086,10.919211387634277,5.437194347381592,9.37979507446289,19.17861557006836,3.4874320030212402,5.48089075088501
2024-08-21,9.805743217468262,13.685211181640625,16.83094596862793,13.829819679260254,11.051795959472656,5.506394863128662,9.632360458374023,18.945602416992188,3.4874320030212402,5.519218921661377
2024-08-22,9.679028511047363,13.761713027954102,16.90744972229004,13.602205276489258,10.95709228515625,5.585481643676758,9.623651504516602,19.44747543334961,3.4827821254730225,5.691694736480713
2024-08-23,9.669281005859375,13.72771167755127,16.888324737548828,13.310859680175781,10.985504150390625,5.447080135345459,9.562686920166016,18.945602416992188,3.5432310104370117,5.7491865158081055
2024-08-26,9.688775062561035,13.7022123336792,16.90744972229004,13.64772891998291,11.118086814880371,5.456965923309326,9.571395874023438,19.4116268157959,3.515331506729126,5.643784523010254
2024-08-27,9.367115020751953,13.685211181640625,16.926578521728516,13.511160850524902,10.90974235534668,5.496509075164795,9.51914119720459,19.537094116210938,3.496731996536255,5.509636878967285
2024-08-28,9.513324737548828,13.438708305358887,16.878076553344727,13.319965362548828,10.824509620666504,5.456965923309326,9.580105781555176,19.37578010559082,3.622279644012451,5.519218921661377
2024-08-29,9.454840660095215,13.56620979309082,16.819875717163086,13.538474082946777,10.985504150390625,5.456965923309326,9.51914119720459,19.17861557006836,3.626929521560669,5.557547092437744
2024-08-30,9.454840660095215,13.294205665588379,16.994476318359375,13.347278594970703,11.004444122314453,5.536052227020264,9.510431289672852,19.44747543334961,3.752476692199707,5.557547092437744
2024-09-02,9.532819747924805,13.72771167755127,17.07207679748535,13.729670524597168,11.118086814880371,5.5261664390563965,9.719451904296875,19.4116268157959,3.7059779167175293,5.595874786376953
2024-09-03,9.376863479614258,13.685211181640625,17.07207679748535,13.565788269042969,11.080205917358398,5.595366954803467,9.841381072998047,19.805953979492188,3.7013280391693115,5.557547092437744
2024-09-04,9.454840660095215,13.676711082458496,16.800474166870117,13.738775253295898,10.852919578552246,5.555823802947998,9.832671165466309,19.6267147064209,3.6641287803649902,5.471308708190918
2024-09-05,9.454840660095215,13.600210189819336,16.936275482177734,13.793401718139648,11.013915061950684,5.575595378875732,10.032983779907227,19.87765121459961,3.6641287803649902,5.528800964355469
2024-09-06,9.318380355834961,13.583209991455078,16.897476196289062,13.64772891998291,11.070734977722168,5.585481643676758,9.963309288024902,19.967267990112305,3.6176297664642334,5.471308708190918
2024-09-09,9.357369422912598,13.583209991455078,16.781076431274414,13.65683364868164,11.023385047912598,5.585481643676758,9.87621784210205,19.6267147064209,3.626929521560669,5.423399448394775
2024-09-10,9.34762191772461,13.472707748413086,16.6840763092041,13.420114517211914,10.890801429748535,5.585481643676758,9.667197227478027,19.393701553344727,3.64552903175354,5.404234886169434
2024-09-11,9.162423133850098,13.251705169677734,16.52887725830078,13.483847618103027,10.843449592590332,5.565709590911865,9.597524642944336,19.232385635375977,3.5478811264038086,5.317997455596924
2024-09-12,9.152676582336426,13.28570556640625,16.470672607421875,13.529369354248047,10.559341430664062,5.585481643676758,9.36237621307373,19.17861557006836,3.5897300243377686,5.289251327514648
2024-09-13,9.318380355834961,13.600210189819336,16.6840763092041,13.629520416259766,10.796098709106445,5.575595378875732,9.318829536437988,19.4116268157959,3.7199275493621826,5.308415412902832
2024-09-16,9.38661003112793,13.557708740234375,16.761676788330078,13.693251609802246,10.682455062866211,5.575595378875732,9.240447044372559,19.37578010559082,3.710627794265747,5.317997455596924
2024-09-17,9.581555366516113,13.472707748413086,16.858675003051758,13.747879981994629,10.739276885986328,5.496509075164795,9.32753849029541,19.35785484313965,3.6966781616210938,5.337161540985107
2024-09-18,9.640040397644043,13.51520824432373,16.819875717163086,13.793401718139648,10.672986030578613,5.506394863128662,9.318829536437988,19.08899688720703,3.7199275493621826,5.289251327514648
2024-09-19,9.688775062561035,13.447206497192383,16.761676788330078,14.021016120910645,11.004444122314453,5.575595378875732,9.318829536437988,19.1965389251709,3.7431771755218506,5.365907192230225
2024-09-20,9.649785995483398,13.489707946777344,16.703475952148438,14.112061500549316,11.080205917358398,5.723882675170898,9.336248397827148,18.69466781616211,3.692028284072876,5.385071277618408
2024-09-23,9.523072242736816,13.489707946777344,16.994476318359375,14.203107833862305,11.392724990844727,5.694225311279297,9.283992767333984,18.748441696166992,3.7478272914886475,5.48089075088501
2024-09-24,9.669281005859375,13.540709495544434,17.1884765625,14.157584190368652,11.563189506530762,5.704111099243164,9.301411628723145,18.73051643371582,3.7199275493621826,5.586292743682861
2024-09-25,9.73751163482666,13.56620979309082,17.052677154541016,14.46713924407959,11.638951301574707,5.68433952331543,9.231738090515137,18.99937629699707,3.7199275493621826,5.691694736480713
2024-09-26,9.766754150390625,13.600210189819336,17.07207679748535,14.567289352416992,11.7241849899292,5.65468168258667,9.580105781555176,19.33993148803711,3.715277671813965,5.653366565704346
2024-09-27,9.805743217468262,13.583209991455078,17.09147834777832,14.640125274658203,11.59160041809082,5.664567947387695,9.667197227478027,19.08899688720703,3.6780784130096436,5.557547092437744
2024-09-30,9.747259140014648,13.56620979309082,17.130277633666992,14.102956771850586,11.40219497680664,5.674453258514404,9.51914119720459,19.05314826965332,3.5897300243377686,5.576711177825928
2024-10-01,9.73751163482666,13.523709297180176,17.169078826904297,14.330571174621582,11.345373153686523,5.605253219604492,9.553977966308594,19.017297744750977,3.6176297664642334,5.500054836273193
2024-10-02,9.542566299438477,13.328206062316895,16.91687774658203,14.011911392211914,11.118086814880371,5.585481643676758,9.205610275268555,18.73051643371582,3.5525307655334473,5.365907192230225
2024-10-03,9.34762191772461,13.353705406188965,16.858675003051758,14.130270957946777,11.042325019836426,5.585481643676758,9.257865905761719,18.69466781616211,3.5106818675994873,5.346743106842041
2024-10-04,9.610796928405762,13.651209831237793,16.936275482177734,14.366989135742188,11.080205917358398,5.595366954803467,9.223029136657715,19.03522491455078,3.5711305141448975,5.442563056945801
2024-10-07,9.503578186035156,13.574710845947266,16.645275115966797,14.321466445922852,10.890801429748535,5.4767374992370605,9.074972152709961,18.927682876586914,3.6083297729492188,5.337161540985107
2024-10-08,9.308632850646973,13.447206497192383,16.858675003051758,14.339674949645996,10.90027141571045,5.486623287200928,8.953042984008789,18.963529586791992,3.533931255340576,5.317997455596924
2024-10-09,9.259896278381348,13.51520824432373,17.149677276611328,14.421616554260254,10.938153266906738,5.4767374992370605,8.92691707611084,18.60504913330078,3.5292813777923584,5.413816928863525
2024-10-10,8.977225303649902,13.438708305358887,17.052677154541016,14.184897422790527,10.80556869506836,5.4767374992370605,8.796278953552246,18.551279067993164,3.5060317516326904,5.375489711761475
2024-10-11,9.123435020446777,13.413207054138184,17.169078826904297,14.46713924407959,11.023385047912598,5.516280651092529,8.735313415527344,18.622974395751953,3.492082118988037,5.3946533203125
2024-10-14,8.87000560760498,13.370705604553223,17.013877868652344,14.476243019104004,10.796098709106445,5.5261664390563965,8.900789260864258,18.44373321533203,3.5664806365966797,5.346743106842041
2024-10-15,8.88949966430664,13.38770580291748,16.97507667541504,14.385198593139648,11.25067138671875,5.536052227020264,9.101099967956543,18.425809860229492,3.5757806301116943,5.404234886169434
2024-10-16,8.772533416748047,13.583209991455078,17.052677154541016,14.52176570892334,11.354844093322754,5.555823802947998,9.022717475891113,18.69466781616211,3.5478811264038086,5.365907192230225
2024-10-17,8.743291854858398,13.464207649230957,17.130277633666992,14.558184623718262,11.440075874328613,5.545938014984131,9.0836820602417,18.89183235168457,3.533931255340576,5.432981491088867
2024-10-18,8.762785911560059,13.557708740234375,17.1884765625,14.676545143127441,11.506367683410645,5.555823802947998,9.188191413879395,18.963529586791992,3.5711305141448975,5.5383830070495605
2024-10-21,8.675060272216797,13.600210189819336,17.1884765625,14.621915817260742,11.572660446166992,5.565709590911865,9.153355598449707,18.89183235168457,3.5478811264038086,5.547965049743652
2024-10-22,8.40213680267334,13.455707550048828,16.91687774658203,14.312362670898438,11.099146842956543,5.565709590911865,8.97046184539795,18.515430450439453,3.515331506729126,5.337161540985107
2024-10-23,8.40213680267334,13.39620590209961,16.839277267456055,14.321466445922852,11.080205917358398,5.555823802947998,9.00529956817627,18.354114532470703,3.5013821125030518,5.279669761657715
2024-10-24,8.655566215515137,13.370705604553223,16.97507667541504,14.476243019104004,11.25067138671875,5.575595378875732,9.0575532913208,18.228647232055664,3.3944339752197266,5.241341590881348
2024-10-25,8.333906173706055,13.319705963134766,16.955677032470703,14.248629570007324,11.118086814880371,5.595366954803467,8.839823722839355,17.879133224487305,3.4176836013793945,5.15510368347168
2024-10-29,8.548346519470215,13.413207054138184,16.936275482177734,14.412511825561523,11.279082298278809,5.615138530731201,8.822406768798828,18.085256576538086,3.5013821125030518,5.097611904144287
2024-10-30,8.353400230407715,13.192203521728516,16.955677032470703,14.339674949645996,11.174908638000488,5.575595378875732,8.648222923278809,17.341413497924805,3.3758342266082764,4.97304630279541
2024-10-31,8.480114936828613,13.328206062316895,16.781076431274414,13.81161117553711,11.411664962768555,5.723882675170898,8.678705215454102,17.601308822631836,3.42698335647583,4.934718608856201
2024-11-01,8.73354434967041,13.336706161499023,16.645275115966797,14.112061500549316,11.25067138671875,5.68433952331543,8.62209415435791,17.475841522216797,3.5106818675994873,5.049702167510986
2024-11-04,8.548346519470215,13.480664253234863,16.54827308654785,13.911761283874512,11.392724990844727,5.704111099243164,8.495811462402344,17.49376678466797,3.473482370376587,5.0401201248168945
2024-11-05,8.489862442016602,13.507184028625488,16.625873565673828,14.084748268127441,11.411664962768555,5.713996887207031,8.535002708435059,17.547536849975586,3.4595327377319336,5.030538082122803
2024-11-06,8.480114936828613,13.348068237304688,16.878076553344727,13.929970741271973,11.288551330566406,5.723882675170898,8.526293754577637,17.511690139770508,3.3944339752197266,5.059284210205078
2024-11-07,8.28516960144043,13.348068237304688,16.955677032470703,13.802506446838379,11.411664962768555,5.743654251098633,8.535002708435059,17.655080795288086,3.4595327377319336,4.953882217407227
2024-11-08,8.40213680267334,13.31270980834961,16.936275482177734,13.620415687561035,11.553719520568848,5.733768463134766,8.57419490814209,17.726778030395508,3.4409329891204834,4.96346378326416
2024-11-11,8.606830596923828,13.374587059020996,16.91687774658203,13.793401718139648,11.638951301574707,5.773311614990234,8.726605415344238,17.906015396118164,3.445582866668701,5.06886625289917
2024-11-12,8.460620880126953,13.348068237304688,16.878076553344727,13.793401718139648,11.553719520568848,5.7535400390625,8.62209415435791,17.780548095703125,3.561830520629883,5.145521640777588
2024-11-13,8.431379318237305,13.25967025756836,16.839277267456055,13.86623764038086,11.648422241210938,5.723882675170898,8.535002708435059,17.52065086364746,3.5060317516326904,5.078448295593262
2024-11-14,8.519104957580566,13.339228630065918,16.91687774658203,13.447429656982422,11.69577407836914,5.733768463134766,8.5785493850708,17.744699478149414,3.4827821254730225,5.135940074920654
2024-11-15,8.28516960144043,13.383427619934082,16.97507667541504,13.556684494018555,11.411664962768555,5.6349101066589355,8.439201354980469,17.547536849975586,3.454882860183716,5.097611904144287
2024-11-18,8.1292142868042,13.241990089416504,16.819875717163086,13.64772891998291,11.4306058883667,5.713996887207031,8.299854278564453,17.475841522216797,3.3293352127075195,4.886808395385742
2024-11-19,7.944015979766846,13.127073287963867,16.56767463684082,13.292652130126953,10.862390518188477,5.674453258514404,8.034225463867188,17.206981658935547,3.20843768119812,4.747869968414307
2024-11-20,8.207192420959473,13.286189079284668,16.645275115966797,13.583996772766113,10.947622299194336,5.704111099243164,8.212762832641602,17.251792907714844,3.3246853351593018,4.790988445281982
2024-11-21,8.03174114227295,13.524863243103027,17.052677154541016,13.665938377380371,11.127557754516602,5.68433952331543,8.225826263427734,17.31452751159668,3.320035457611084,4.953882217407227
2024-11-22,8.187697410583496,13.966853141784668,17.363079071044922,13.848030090332031,11.032855033874512,5.68433952331543,8.343400955200195,17.206981658935547,3.301435947418213,4.97304630279541
2024-11-25,8.382643699645996,13.754698753356934,17.65407943725586,13.775192260742188,11.089676856994629,5.713996887207031,8.500165939331055,17.341413497924805,3.3572347164154053,4.992210388183594
2024-11-26,8.226686477661133,13.949172019958496,17.809282302856445,13.63862419128418,10.938153266906738,5.674453258514404,8.413073539733887,17.359336853027344,3.3572347164154053,5.049702167510986
2024-11-27,8.382643699645996,13.958012580871582,17.94508171081543,13.602205276489258,11.099146842956543,5.723882675170898,8.495811462402344,17.162172317504883,3.3339850902557373,5.020956039428711
2024-11-28,8.460620880126953,13.843095779418945,18.022682189941406,13.684146881103516,10.96656322479248,5.743654251098633,8.413073539733887,17.59234619140625,3.3246853351593018,5.020956039428711
2024-11-29,8.480114936828613,13.710498809814453,18.06148338317871,13.602205276489258,10.843449592590332,5.773311614990234,8.256308555603027,17.574424743652344,3.3665342330932617,4.953882217407227
2024-12-02,8.665313720703125,13.710498809814453,18.255481719970703,13.675043106079102,11.146498680114746,5.82274055480957,8.447911262512207,18.013561248779297,3.3758342266082764,5.107193946838379
2024-12-03,8.626324653625488,13.533703804016113,18.216684341430664,13.802506446838379,11.013915061950684,5.862283706665039,8.600321769714355,17.91497802734375,3.3758342266082764,5.088029861450195
2024-12-04,8.860259056091309,13.683979034423828,18.352481842041016,13.593101501464844,10.919211387634277,5.891941547393799,8.62209415435791,18.33618927001953,3.3944339752197266,5.145521640777588
2024-12-05,8.918741226196289,13.966853141784668,18.274883270263672,13.793401718139648,11.137028694152832,5.832626819610596,8.865952491760254,18.479581832885742,3.431633234024048,5.193431854248047
2024-12-06,8.938236236572266,14.046411514282227,18.158479690551758,13.702356338500977,11.24120044708252,5.832626819610596,8.752732276916504,18.049406051635742,3.4781322479248047,5.183849811553955
2024-12-09,8.772533416748047,14.090609550476074,18.10028076171875,13.602205276489258,11.298022270202637,5.763425827026367,8.865952491760254,18.28241729736328,3.4827821254730225,5.298833847045898
2024-12-10,8.850510597229004,14.072930335998535,17.848079681396484,13.492951393127441,11.440075874328613,5.68433952331543,8.717896461486816,18.33618927001953,3.519981622695923,5.270087242126465
2024-12-11,8.850510597229004,14.06408977508545,18.022682189941406,13.502056121826172,11.212790489196777,5.773311614990234,8.709186553955078,18.210723876953125,3.5292813777923584,5.222177505493164
2024-12-12,8.938236236572266,14.161328315734863,17.906278610229492,13.538474082946777,11.33590316772461,5.713996887207031,8.796278953552246,18.372037887573242,3.4874320030212402,5.241341590881348
2024-12-13,9.084444999694824,14.143648147583008,17.983882904052734,13.502056121826172,11.30749225616455,5.832626819610596,8.97046184539795,18.389965057373047,3.5106818675994873,5.337161540985107
2024-12-16,9.084444999694824,13.949172019958496,17.867481231689453,13.593101501464844,11.288551330566406,5.763425827026367,9.014008522033691,18.425809860229492,3.515331506729126,5.289251327514648
2024-12-17,8.996719360351562,13.613260269165039,17.82868003845215,13.392801284790039,11.127557754516602,5.802968978881836,8.97046184539795,18.192798614501953,3.5106818675994873,5.308415412902832
2024-12-18,9.016215324401855,13.913813591003418,17.82868003845215,13.265337944030762,11.127557754516602,5.82274055480957,8.97046184539795,18.44373321533203,3.533931255340576,5.270087242126465
2024-12-19,8.88949966430664,13.904973030090332,17.867481231689453,13.438324928283691,11.051795959472656,5.733768463134766,8.918207168579102,18.28241729736328,3.5060317516326904,5.222177505493164
2024-12-20,8.879753112792969,13.869614601135254,17.65407943725586,13.520265579223633,10.985504150390625,5.733768463134766,8.770150184631348,18.425809860229492,3.4409329891204834,5.049702167510986
2024-12-23,9.064950942993164,13.701659202575684,17.867481231689453,13.40190601348877,11.24120044708252,5.793083190917969,8.778860092163086,18.34284210205078,3.473482370376587,5.107193946838379
2024-12-27,9.016215324401855,13.843095779418945,17.92568016052246,13.383697509765625,11.269611358642578,5.763425827026367,8.796278953552246,18.670394897460938,3.515331506729126,5.097611904144287
2024-12-30,9.152676582336426,13.790057182312012,17.770479202270508,13.2471284866333,11.487427711486816,5.763425827026367,8.717896461486816,18.415632247924805,3.4827821254730225,5.145521640777588
2024-12-31,9.201412200927734,13.878454208374023,17.92568016052246,13.547578811645508,11.68630313873291,5.842512130737305,8.81369686126709,18.77957534790039,3.450232744216919,5.212595462799072
2025-01-02,9.211159706115723,13.949172019958496,17.92568016052246,13.40190601348877,11.979880332946777,5.8721699714660645,8.87466049194336,19.289100646972656,3.561830520629883,5.528800964355469
2025-01-03,9.308632850646973,13.913813591003418,17.94508171081543,13.365488052368164,11.828356742858887,5.891941547393799,9.031426429748535,19.25270652770996,3.580430269241333,5.6246209144592285
2025-01-07,9.581555366516113,14.134807586669922,17.964481353759766,13.365488052368164,11.96094036102295,5.882055282592773,9.231738090515137,19.38008689880371,3.58508038520813,5.615038871765137
2025-01-08,9.698522567749023,13.966853141784668,18.003280639648438,13.456533432006836,12.06511402130127,5.85239839553833,9.109808921813965,19.343692779541016,3.6315793991088867,5.63420295715332
2025-01-09,9.747259140014648,13.878454208374023,18.022682189941406,13.747879981994629,11.998821258544922,5.85239839553833,9.040136337280273,19.289100646972656,3.7199275493621826,5.6246209144592285
2025-01-10,9.786248207092285,13.754698753356934,17.92568016052246,13.502056121826172,11.847297668457031,5.832626819610596,9.031426429748535,19.38008689880371,3.6780784130096436,5.557547092437744
2025-01-13,9.659533500671387,13.790057182312012,17.906278610229492,13.429219245910645,11.610541343688965,5.85239839553833,8.918207168579102,19.179916381835938,3.7199275493621826,5.452145099639893
2025-01-14,9.562061309814453,14.090609550476074,17.848079681396484,13.274442672729492,11.638951301574707,5.8721699714660645,8.909497261047363,19.107126235961914,3.6827282905578613,5.471308708190918
2025-01-15,9.679028511047363,14.143648147583008,17.809282302856445,13.356383323669434,11.875707626342773,5.901826858520508,8.918207168579102,19.234506607055664,3.6641287803649902,5.547965049743652
2025-01-16,9.445094108581543,14.072930335998535,17.809282302856445,13.338173866271973,11.837827682495117,5.891941547393799,8.787569999694824,19.107126235961914,3.6827282905578613,5.500054836273193
2025-01-17,9.454840660095215,14.205526351928711,17.848079681396484,13.538474082946777,11.847297668457031,5.901826858520508,8.81369686126709,19.725833892822266,3.673428535461426,5.567128658294678
2025-01-20,9.474335670471191,14.276244163513184,17.848079681396484,13.547578811645508,12.036703109741211,5.862283706665039,8.778860092163086,19.562057495117188,3.692028284072876,5.509636878967285
2025-01-21,9.337874412536621,14.125967979431152,17.964481353759766,13.611310958862305,12.1314058303833,5.8721699714660645,9.283992767333984,19.562057495117188,3.6966781616210938,5.442563056945801
2025-01-22,9.503578186035156,14.276244163513184,18.158479690551758,13.502056121826172,12.02723217010498,5.882055282592773,9.571395874023438,19.343692779541016,3.7013280391693115,5.48089075088501
2025-01-23,9.552314758300781,14.302763938903809,18.158479690551758,13.310859680175781,12.178756713867188,5.842512130737305,9.318829536437988,19.161718368530273,3.7292277812957764,5.509636878967285
2025-01-24,9.640040397644043,14.541438102722168,18.139083862304688,13.292652130126953,12.263989448547363,5.882055282592773,9.449467658996582,19.4528751373291,3.6827282905578613,5.615038871765137
2025-01-27,9.367115020751953,14.541438102722168,17.94508171081543,13.256234169006348,12.226107597351074,5.832626819610596,9.336248397827148,19.1981143951416,3.6966781616210938,5.547965049743652
2025-01-28,9.337874412536621,14.735913276672363,17.886882781982422,13.565788269042969,12.462864875793457,5.8721699714660645,9.458176612854004,19.416481018066406,3.845475435256958,5.653366565704346
2025-01-29,9.152676582336426,14.850830078125,17.906278610229492,13.529369354248047,12.481805801391602,5.8721699714660645,9.388503074645996,19.416481018066406,3.794326066970825,5.806678295135498
2025-01-30,9.357369422912598,14.612157821655273,17.906278610229492,13.547578811645508,12.567037582397461,5.85239839553833,9.466885566711426,19.63484764099121,3.8129258155822754,5.864170074462891
2025-01-31,9.269643783569336,14.638675689697266,18.11968231201172,13.292652130126953,12.4912748336792,6.0303425788879395,9.466885566711426,19.434677124023438,3.817575693130493,5.758768558502197
2025-02-03,8.928489685058594,14.479558944702148,17.65407943725586,13.23802375793457,12.178756713867188,5.8721699714660645,9.022717475891113,18.68859100341797,3.733877420425415,5.365907192230225
2025-02-04,8.977225303649902,14.691715240478516,17.53767967224121,13.210710525512695,12.30186939239502,5.921598434448242,9.048845291137695,18.797775268554688,3.840825319290161,5.413816928863525
2025-02-05,9.016215324401855,14.497239112854004,17.692880630493164,13.055932998657227,12.21663761138916,5.911713123321533,8.953042984008789,18.925155639648438,3.8780245780944824,5.365907192230225
2025-02-06,9.025961875915527,14.841991424560547,17.94508171081543,13.201606750488281,12.642799377441406,6.060000419616699,9.0575532913208,19.034337997436523,3.90592360496521,5.509636878967285
2025-02-07,9.13318157196045,14.921547889709473,18.10028076171875,13.219815254211426,12.699621200561523,6.060000419616699,9.144646644592285,19.034337997436523,3.952423095703125,5.49047327041626
2025-02-10,8.94798469543457,14.824312210083008,18.177881240844727,13.019514083862305,12.737502098083496,6.020456790924072,9.144646644592285,19.05253791809082,3.9896223545074463,5.3946533203125
2025-02-11,9.025961875915527,14.824312210083008,18.139083862304688,12.946678161621094,12.870085716247559,5.951256275177002,9.0575532913208,19.543861389160156,3.9896223545074463,5.461726665496826
2025-02-12,9.113687515258789,14.965747833251953,18.255481719970703,13.128768920898438,12.794323921203613,6.010571002960205,9.0575532913208,19.889610290527344,3.994272232055664,5.471308708190918
2025-02-13,9.308632850646973,15.07182502746582,18.41068458557129,13.40190601348877,12.974258422851562,6.010571002960205,9.34495735168457,20.198963165283203,3.9896223545074463,5.557547092437744
2025-02-14,9.220907211303711,14.89503002166748,18.488283157348633,13.720564842224121,13.068962097167969,6.050114154815674,9.36237621307373,20.599302291870117,3.998922348022461,5.615038871765137
2025-02-17,9.328126907348633,15.045305252075195,18.46888542175293,13.547578811645508,12.974258422851562,6.060000419616699,9.40592098236084,20.599302291870117,4.036121368408203,5.653366565704346
2025-02-18,9.318380355834961,15.045305252075195,18.44948387145996,13.838924407958984,12.926907539367676,6.079771995544434,9.606232643127441,20.635698318481445,4.026821613311768,5.605456352233887
2025-02-19,9.220907211303711,14.983428001403809,18.294282913208008,13.565788269042969,12.728032112121582,6.0303425788879395,9.710742950439453,20.326343536376953,3.952423095703125,5.567128658294678
2025-02-20,9.2306547164917,15.372377395629883,18.33308219909668,13.711461067199707,12.709091186523438,5.971027851104736,9.780416488647461,20.308147430419922,4.0314717292785645,5.595874786376953
2025-02-21,9.259896278381348,15.151382446289062,18.33308219909668,13.65683364868164,12.623859405517578,5.990799427032471,9.928472518920898,20.380935668945312,3.9803225994110107,5.586292743682861
2025-02-24,9.201412200927734,14.91270923614502,18.216684341430664,13.565788269042969,12.30186939239502,6.010571002960205,9.684616088867188,20.253555297851562,3.8966243267059326,5.519218921661377
2025-02-25,8.879753112792969,14.691715240478516,17.92568016052246,13.438324928283691,12.358692169189453,5.882055282592773,9.553977966308594,20.016990661621094,3.8129258155822754,5.413816928863525
2025-02-26,8.801774978637695,15.027626991271973,17.731679916381836,13.201606750488281,12.102993965148926,5.862283706665039,9.475595474243164,19.92600440979004,3.82222580909729,5.375489711761475
2025-02-27,8.772533416748047,15.098343849182129,17.94508171081543,13.420114517211914,12.245048522949219,5.7535400390625,9.42333984375,19.81682014465332,3.82222580909729,5.346743106842041
2025-02-28,8.743291854858398,15.116023063659668,17.789880752563477,13.675043106079102,12.519685745239258,5.713996887207031,9.37979507446289,19.74403190612793,3.8129258155822754,5.442563056945801
2025-03-04,8.723796844482422,15.116023063659668,17.65407943725586,13.65683364868164,12.178756713867188,5.793083190917969,9.34495735168457,19.234506607055664,3.775726556777954,5.346743106842041
2025-03-05,9.162423133850098,15.054145812988281,18.177881240844727,13.957283973693848,12.330281257629395,5.842512130737305,9.606232643127441,19.525663375854492,3.7896759510040283,5.547965049743652
2025-03-06,9.152676582336426,15.054145812988281,18.236082077026367,13.939075469970703,12.31134033203125,5.832626819610596,9.562686920166016,19.25270652770996,3.8547749519348145,5.500054836273193
2025-03-07,9.201412200927734,15.107184410095215,17.983882904052734,13.602205276489258,12.31134033203125,5.842512130737305,9.51914119720459,19.489269256591797,3.845475435256958,5.500054836273193
2025-03-10,9.123435020446777,15.08950424194336,18.022682189941406,13.747879981994629,12.226107597351074,5.8721699714660645,9.597524642944336,19.471073150634766,3.8082756996154785,5.442563056945801
2025-03-11,9.1039400100708,14.939227104187012,17.751079559326172,13.756983757019043,12.226107597351074,5.793083190917969,9.51914119720459,19.653045654296875,3.794326066970825,5.365907192230225
2025-03-12,9.016215324401855,15.301657676696777,18.042081832885742,13.939075469970703,12.576507568359375,5.951256275177002,9.780416488647461,19.92600440979004,3.7896759510040283,5.5383830070495605
2025-03-13,9.1039400100708,15.310500144958496,18.216684341430664,13.87534236907959,12.671210289001465,5.8721699714660645,9.902345657348633,19.92600440979004,3.733877420425415,5.442563056945801
2025-03-14,9.035710334777832,15.469614028930664,18.236082077026367,14.112061500549316,12.85114574432373,5.911713123321533,10.242003440856934,20.36273765563965,3.780376434326172,5.509636878967285
2025-03-17,9.142929077148438,15.443095207214355,18.197282791137695,13.920866012573242,13.021610260009766,5.941370487213135,10.337804794311523,20.326343536376953,3.8129258155822754,5.653366565704346
2025-03-18,9.181918144226074,15.469614028930664,18.080881118774414,13.929970741271973,13.012139320373535,5.921598434448242,10.311676979064941,19.980594635009766,3.7664270401000977,5.777932643890381
2025-03-19,9.064950942993164,15.151382446289062,18.197282791137695,13.611310958862305,13.059491157531738,5.990799427032471,10.607789039611816,19.980594635009766,3.817575693130493,5.921661853790283
2025-03-20,9.152676582336426,15.558013916015625,18.527084350585938,13.620415687561035,13.068962097167969,5.990799427032471,10.555534362792969,19.907806396484375,3.8129258155822754,5.883334159851074
2025-03-21,9.016215324401855,16.12375831604004,18.158479690551758,13.629520416259766,13.03108024597168,5.971027851104736,10.56424331665039,19.76222801208496,3.7664270401000977,5.873752117156982
2025-03-24,9.142929077148438,16.265195846557617,18.46888542175293,13.87534236907959,13.438301086425781,6.000685214996338,10.651334762573242,20.41733169555664,3.8082756996154785,5.892916202545166
2025-03-26,9.162423133850098,16.353591918945312,19.0120849609375,13.975493431091309,13.637177467346191,5.9809136390686035,10.825519561767578,20.74488067626953,3.817575693130493,5.892916202545166
2025-03-27,9.1039400100708,16.58342742919922,19.03148651123047,14.130270957946777,13.400420188903809,5.941370487213135,10.764554023742676,20.7266845703125,3.8129258155822754,5.81626033782959
2025-03-28,9.337874412536621,16.592267990112305,19.264286041259766,13.88444709777832,13.31518840789795,5.931484699249268,10.694881439208984,20.817668914794922,3.952423095703125,5.9024977684021
2025-03-31,9.064950942993164,16.203317642211914,18.62408447265625,13.65683364868164,13.078431129455566,5.891941547393799,10.442314147949219,20.089780807495117,3.775726556777954,5.643784523010254
2025-04-01,8.977225303649902,16.4243106842041,18.876283645629883,13.920866012573242,13.154193878173828,5.891941547393799,10.520697593688965,20.308147430419922,3.7896759510040283,5.63420295715332
2025-04-02,8.977225303649902,16.51270866394043,19.050886154174805,14.212211608886719,13.106842041015625,5.85239839553833,10.268131256103516,20.2353572845459,3.82222580909729,5.557547092437744
2025-04-03,8.772533416748047,16.176795959472656,18.779285430908203,14.48534870147705,12.879556655883789,5.763425827026367,9.884926795959473,19.434677124023438,3.82222580909729,5.452145099639893
2025-04-04,8.236433982849121,15.36353588104248,17.751079559326172,13.929970741271973,12.614388465881348,5.65468168258667,9.545268058776855,18.197263717651367,3.7850265502929688,5.145521640777588
2025-04-07,7.622356414794922,14.585637092590332,16.519176483154297,12.819214820861816,11.127557754516602,5.377879619598389,9.109808921813965,17.36018943786621,3.431633234024048,4.608931064605713
2025-04-08,8.002500534057617,15.628730773925781,17.343677520751953,13.438324928283691,11.96094036102295,5.625024795532227,9.719451904296875,18.324644088745117,3.5711305141448975,4.810152530670166
2025-04-09,7.680840492248535,15.708288192749023,16.722875595092773,13.538474082946777,11.68630313873291,5.506394863128662,9.736870765686035,17.87881088256836,3.3944339752197266,4.513111114501953
2025-04-10,7.983005046844482,16.176795959472656,17.460079193115234,13.766088485717773,12.169286727905273,5.625024795532227,10.015564918518066,18.361040115356445,3.603679895401001,4.752660751342773
2025-04-11,7.797807216644287,16.27403450012207,17.460079193115234,14.011911392211914,12.31134033203125,5.704111099243164,9.928472518920898,18.37923812866211,3.7199275493621826,4.790988445281982
2025-04-14,8.051236152648926,16.601106643676758,17.896581649780273,14.021016120910645,12.4912748336792,5.6349101066589355,10.085237503051758,18.615800857543945,3.6408791542053223,4.915554046630859
2025-04-15,8.255928993225098,16.71602439880371,18.177881240844727,14.376093864440918,12.40604305267334,5.723882675170898,10.102656364440918,18.561208724975586,3.7013280391693115,5.164685249328613
2025-04-16,8.480114936828613,16.733701705932617,18.032381057739258,14.403407096862793,12.292398452758789,5.723882675170898,10.032983779907227,18.561208724975586,3.6827282905578613,5.145521640777588
2025-04-17,8.216939926147461,16.539228439331055,17.94508171081543,14.275943756103516,12.31134033203125,5.723882675170898,10.032983779907227,18.270051956176758,3.6315793991088867,5.078448295593262
2025-04-22,8.333906173706055,16.56574821472168,17.993579864501953,14.52176570892334,12.31134033203125,5.733768463134766,10.137494087219238,18.306447982788086,3.6641287803649902,5.145521640777588
2025-04-23,8.772533416748047,16.671825408935547,18.0905818939209,14.631020545959473,12.642799377441406,5.8721699714660645,10.451024055480957,18.88875961303711,3.7431771755218506,5.308415412902832
2025-04-24,8.665313720703125,16.751384735107422,17.935380935668945,14.93147087097168,12.75644302368164,5.862283706665039,10.451024055480957,19.107126235961914,3.733877420425415,5.289251327514648
2025-04-25,8.792028427124023,16.786741256713867,18.012981414794922,15.159085273742676,12.832204818725586,5.882055282592773,10.276840209960938,19.434677124023438,3.715277671813965,5.317997455596924
2025-04-28,8.587335586547852,16.84861946105957,17.983882904052734,15.131772994995117,12.822734832763672,5.8721699714660645,10.311676979064941,19.543861389160156,3.7199275493621826,5.356325149536133
2025-04-29,8.558093070983887,17.264089584350586,17.94508171081543,15.195504188537598,12.803794860839844,5.842512130737305,10.20716667175293,19.780426025390625,3.738527297973633,5.375489711761475
2025-04-30,8.519104957580566,17.299449920654297,17.731679916381836,15.222816467285156,12.472334861755371,5.743654251098633,10.276840209960938,19.38008689880371,3.7059779167175293,5.222177505493164
2025-05-02,8.73354434967041,17.891714096069336,17.731679916381836,15.322966575622559,12.870085716247559,5.664567947387695,10.485860824584961,19.653045654296875,3.692028284072876,5.308415412902832
2025-05-05,8.801774978637695,17.6795597076416,17.789880752563477,15.295653343200684,12.926907539367676,5.68433952331543,10.799391746520996,19.707637786865234,3.6966781616210938,5.289251327514648
2025-05-06,8.75303840637207,17.6795597076416,17.731679916381836,15.35938549041748,12.75644302368164,5.68433952331543,10.694881439208984,19.434677124023438,3.6083297729492188,5.2509236335754395
2025-05-07,8.772533416748047,17.6795597076416,17.751079559326172,15.432223320007324,12.765912055969238,5.644796371459961,11.043249130249023,19.835018157958984,3.580430269241333,5.241341590881348
2025-05-08,8.577588081359863,17.86372184753418,18.33308219909668,15.386698722839355,12.728032112121582,5.6349101066589355,11.06066608428955,19.725833892822266,3.6594789028167725,5.231759548187256
2025-05-09,8.743291854858398,18.17679786682129,18.323383331298828,15.295653343200684,12.955318450927734,5.704111099243164,10.938738822937012,20.016990661621094,3.673428535461426,5.365907192230225
2025-05-12,8.98697280883789,18.01105308532715,18.38158416748047,15.641627311706543,13.211014747619629,5.743654251098633,11.130340576171875,20.49011993408203,3.7431771755218506,5.461726665496826
2025-05-13,9.152676582336426,18.508291244506836,18.352481842041016,15.796404838562012,13.154193878173828,5.763425827026367,11.165177345275879,20.599302291870117,3.82222580909729,5.48089075088501
2025-05-14,8.96747875213623,18.600370407104492,18.672584533691406,15.568790435791016,13.1920747756958,5.802968978881836,11.287105560302734,20.653894424438477,3.840825319290161,5.595874786376953
2025-05-15,8.928489685058594,18.600370407104492,18.430082321166992,15.414012908935547,12.983728408813477,5.802968978881836,11.26968765258789,20.54471206665039,3.803626298904419,5.586292743682861
2025-05-16,8.996719360351562,18.52670669555664,18.459184646606445,15.313863754272461,13.135252952575684,5.802968978881836,11.339361190795898,20.562910079956055,3.8129258155822754,5.6246209144592285
2025-05-19,8.957730293273926,18.47145652770996,18.721084594726562,15.459535598754883,13.03108024597168,5.812854766845703,11.321942329406738,20.74488067626953,3.757126808166504,5.557547092437744
2025-05-20,9.084444999694824,18.78453254699707,18.779285430908203,15.368489265441895,13.04055118560791,5.713996887207031,11.474248886108398,20.781274795532227,3.738527297973633,5.547965049743652
2025-05-21,9.084444999694824,19.023942947387695,18.818084716796875,15.204608917236328,12.60491943359375,5.82274055480957,11.418549537658691,20.85406494140625,3.757126808166504,5.557547092437744
2025-05-22,9.13318157196045,18.69245147705078,18.847185134887695,15.30475902557373,12.690150260925293,5.723882675170898,11.641349792480469,20.999643325805664,3.7199275493621826,5.509636878967285
2025-05-23,8.908995628356934,18.508291244506836,18.430082321166992,15.377593994140625,12.453393936157227,5.664567947387695,11.325715065002441,20.999643325805664,3.626929521560669,5.317997455596924
2025-05-26,9.259896278381348,18.69245147705078,18.672584533691406,15.687150001525879,12.642799377441406,5.773311614990234,11.697051048278809,21.436376571655273,3.668778657913208,5.528800964355469
2025-05-27,9.571808815002441,18.600370407104492,18.759883880615234,15.65983772277832,12.538625717163086,5.773311614990234,11.678483963012695,21.436376571655273,3.687378406524658,5.595874786376953
2025-05-28,9.435346603393555,18.802947998046875,19.0120849609375,15.759984970092773,12.870085716247559,5.763425827026367,11.734184265136719,21.308996200561523,3.626929521560669,5.528800964355469
2025-05-29,9.503578186035156,18.16758918762207,18.905385971069336,15.832822799682617,12.822734832763672,5.793083190917969,11.864151000976562,21.36358642578125,3.673428535461426,5.567128658294678
2025-05-30,9.523072242736816,17.44015121459961,18.59498405456543,15.468640327453613,12.718562126159668,5.812854766845703,11.938417434692383,21.381784439086914,3.692028284072876,5.500054836273193
2025-06-02,9.279391288757324,17.44015121459961,18.517383575439453,15.77819538116455,12.576507568359375,5.743654251098633,11.882718086242676,21.16341781616211,3.710627794265747,5.365907192230225
2025-06-03,9.25014877319336,17.495397567749023,18.71138572692871,15.932971954345703,12.728032112121582,5.832626819610596,12.124086380004883,21.4727725982666,3.7431771755218506,5.337161540985107
2025-06-04,9.357369422912598,17.45856475830078,18.575584411621094,16.060436248779297,12.832204818725586,5.85239839553833,12.17978572845459,21.83671760559082,3.6827282905578613,5.365907192230225
2025-06-05,9.289137840270996,17.329652786254883,18.76958465576172,16.11506462097168,12.709091186523438,5.812854766845703,12.14265251159668,21.96409797668457,3.668778657913208,5.404234886169434
2025-06-06,9.25014877319336,17.403316497802734,18.80838394165039,15.851032257080078,12.728032112121582,5.85239839553833,11.97555160522461,22.51001739501953,3.6827282905578613,5.404234886169434
2025-06-10,9.40610408782959,17.95580291748047,18.973285675048828,15.650732040405273,12.964788436889648,5.85239839553833,12.068385124206543,22.764780044555664,3.6966781616210938,5.404234886169434
2025-06-11,9.415852546691895,18.333335876464844,19.30308723449707,15.477745056152344,13.050021171569824,5.832626819610596,11.97555160522461,22.746580123901367,3.7013280391693115,5.461726665496826
2025-06-12,9.211159706115723,18.241252899169922,19.27398681640625,15.295653343200684,13.163663864135742,5.733768463134766,11.882718086242676,22.63739776611328,3.6827282905578613,5.442563056945801
2025-06-13,9.025961875915527,17.624311447143555,19.196388244628906,15.404908180236816,13.050021171569824,5.723882675170898,11.511383056640625,22.63739776611328,3.6408791542053223,5.413816928863525
2025-06-16,9.016215324401855,17.68876838684082,19.341888427734375,15.332071304321289,12.926907539367676,5.65468168258667,11.288581848144531,22.601003646850586,3.580430269241333,5.452145099639893
2025-06-17,8.94798469543457,17.47698211669922,19.109086990356445,15.241025924682617,12.690150260925293,5.664567947387695,11.047213554382324,22.655595779418945,3.5664806365966797,5.413816928863525
2025-06-18,8.75303840637207,17.311235427856445,18.866586685180664,14.913261413574219,12.529155731201172,5.664567947387695,10.601612091064453,22.51001739501953,3.5246312618255615,5.279669761657715
2025-06-19,8.694554328918457,17.11786460876465,18.62408447265625,14.46713924407959,12.387103080749512,5.6349101066589355,10.397377967834473,22.291648864746094,3.5246312618255615,5.116775989532471
2025-06-20,8.899248123168945,17.24677848815918,18.56588363647461,14.740276336669922,12.4912748336792,5.565709590911865,10.564478874206543,22.2552547454834,3.42698335647583,5.183849811553955
2025-06-23,8.96747875213623,17.44015121459961,18.701684951782227,14.603708267211914,12.434453964233398,5.605253219604492,10.490212440490723,22.473623275756836,3.5106818675994873,5.212595462799072
2025-06-24,9.18523120880127,17.661144256591797,18.91508674621582,14.76758861541748,12.822734832763672,5.664567947387695,11.010080337524414,22.710186004638672,3.5525307655334473,5.489021301269531
2025-06-25,9.106048583984375,17.95580291748047,19.3544979095459,14.75848388671875,12.85114574432373,5.664567947387695,11.362849235534668,23.057832717895508,3.5897300243377686,5.4495320320129395
2025-06-26,9.56135082244873,17.90976333618164,19.58243179321289,14.858634948730469,13.002668380737305,5.723882675170898,11.288581848144531,22.73387908935547,3.6408791542053223,5.607489109039307
2025-06-27,9.61083984375,17.937387466430664,19.899555206298828,14.75848388671875,13.163663864135742,5.723882675170898,11.307148933410645,22.771991729736328,3.742417573928833,5.607489109039307
2025-06-30,9.660329818725586,17.725601196289062,19.859914779663086,14.69475269317627,13.125782012939453,5.723882675170898,11.325715065002441,22.543317794799805,3.790769338607788,5.58774471282959
2025-07-01,9.73951244354248,17.946596145629883,19.820274353027344,14.749381065368652,13.116312980651855,5.7535400390625,11.288581848144531,22.73387908935547,3.8197803497314453,5.676595687866211
2025-07-02,9.769206047058105,18.305709838867188,19.959014892578125,14.93147087097168,13.097372055053711,5.733768463134766,11.474248886108398,23.324617385864258,3.8487911224365234,6.0320000648498535
2025-07-03,9.838491439819336,18.038677215576172,19.959014892578125,15.047329902648926,13.163663864135742,5.68433952331543,11.455682754516602,23.629514694213867,3.839120864868164,6.150468349456787
2025-07-04,9.85828685760498,18.103132247924805,19.919376373291016,15.085472106933594,13.353069305419922,5.694225311279297,11.585649490356445,23.82007598876953,3.7714285850524902,6.150468349456787
2025-07-07,9.848389625549316,18.241252899169922,20.19685935974121,14.894759178161621,13.589826583862305,5.733768463134766,11.604216575622559,23.82007598876953,3.7375824451446533,6.180085182189941
2025-07-08,10.372976303100586,18.057092666625977,20.25632095336914,14.971044540405273,13.703469276428223,5.783197402954102,11.864151000976562,24.010637283325195,3.790769338607788,6.239319324493408
2025-07-09,10.551138877868652,17.946596145629883,20.434703826904297,14.971044540405273,13.911813735961914,5.802968978881836,11.845584869384766,23.82007598876953,3.805274724960327,6.328170299530029
2025-07-10,10.650117874145508,18.112340927124023,20.732006072998047,14.799402236938477,13.911813735961914,5.743654251098633,11.882718086242676,23.724794387817383,3.9938461780548096,6.486127853393555
2025-07-11,10.590729713439941,18.13075828552246,20.81128692626953,14.58008098602295,13.807641983032227,5.812854766845703,11.956984519958496,23.667627334594727,4.022857189178467,6.367659568786621
2025-07-14,10.590729713439941,18.232046127319336,20.712186813354492,14.684972763061523,13.684528350830078,5.733768463134766,11.771317481994629,23.53423500061035,4.061538219451904,6.199830055236816
2025-07-15,10.590729713439941,17.95580291748047,20.751827239990234,14.351223945617676,13.741350173950195,5.793083190917969,11.789883613586426,24.010637283325195,4.274285793304443,6.338042736053467
2025-07-16,10.452160835266113,17.790056228637695,20.89056968688965,14.532402038574219,13.675057411193848,5.743654251098633,11.734184265136719,24.60137367248535,4.3032965660095215,6.219574928283691
2025-07-17,10.392772674560547,17.790056228637695,21.306795120239258,14.761259078979492,13.883403778076172,5.763425827026367,11.771317481994629,24.525150299072266,4.390329837799072,6.338042736053467
2025-07-18,10.452160835266113,17.6795597076416,21.326616287231445,14.799402236938477,13.836051940917969,6.060000419616699,11.827017784118652,24.658540725708008,4.3032965660095215,6.2491912841796875
2025-07-21,10.491751670837402,17.51381492614746,21.08877182006836,14.599152565002441,13.797104835510254,6.060000419616699,11.97555160522461,24.563262939453125,4.332307815551758,6.160340309143066
2025-07-22,10.333385467529297,17.311235427856445,20.910388946533203,14.522866249084473,13.767894744873047,5.960000038146973,11.845584869384766,24.14402961730957,4.283956050872803,6.170212745666504
2025-07-23,10.491751670837402,17.651935577392578,21.009490966796875,14.713581085205078,13.836051940917969,6.699999809265137,11.808450698852539,24.239309310913086,4.332307815551758,6.229446887969971
2025-07-24,10.491751670837402,17.587480545043945,20.77164649963379,14.541937828063965,13.826314926147461,7.010000228881836,11.752750396728516,24.182140350341797,4.274285793304443,6.219574928283691
2025-07-25,10.353180885314941,17.348068237304688,20.573444366455078,14.608687400817871,13.797104835510254,7.269999980926514,11.715617179870605,23.934412002563477,4.254945278167725,6.2689361572265625
2025-07-28,10.293793678283691,17.29281997680664,20.533803939819336,14.675437927246094,13.641315460205078,7.53000020980835,11.641349792480469,23.667627334594727,4.254945278167725,6.012255668640137
2025-07-29,10.471955299377441,17.45856475830078,20.61308479309082,14.999650955200195,13.68026351928711,7.639999866485596,11.622783660888672,23.991580963134766,4.254945278167725,6.0517449378967285
2025-07-30,10.412569046020508,17.633520126342773,21.207693099975586,14.913830757141113,13.709473609924316,7.489999771118164,11.604216575622559,24.08686065673828,4.283956050872803,6.081361770629883
2025-07-31,10.155223846435547,18.103132247924805,21.465356826782227,15.161758422851562,13.875,7.329999923706055,11.715617179870605,23.991580963134766,4.308131694793701,5.992510795593262
2025-08-01,10.09583568572998,17.83609962463379,20.87074851989746,14.837545394897461,13.456315040588379,7.099999904632568,11.492815971374512,23.59140396118164,4.274285793304443,5.883914947509766
2025-08-04,10.392772674560547,17.95580291748047,21.346435546875,14.990116119384766,13.719210624694824,7.139999866485596,11.585649490356445,23.55328941345215,4.41934061050415,5.982638359069824
2025-08-05,10.254201889038086,18.406999588012695,21.841943740844727,15.2761869430542,13.943157196044922,7.230000019073486,11.771317481994629,24.08686065673828,4.549890041351318,6.081361770629883
2025-08-06,10.412569046020508,18.416208267211914,21.941041946411133,15.14268684387207,14.011316299438477,7.260000228881836,12.235486030578613,24.525150299072266,4.559560775756836,6.140595436096191
2025-08-07,10.531343460083008,18.324127197265625,22.396909713745117,15.075937271118164,14.19631576538086,7.260000228881836,12.328319549560547,24.544206619262695,4.714285850524902,6.189957618713379
2025-08-08,10.531343460083008,18.278087615966797,22.416730880737305,15.19990062713623,14.118420600891113,7.269999980926514,12.291186332702637,24.048748016357422,4.685274600982666,6.160340309143066
2025-08-11,10.867870330810547,18.416208267211914,22.49601173400879,15.39061450958252,14.264472961425781,7.269999980926514,13.275223731994629,24.60137367248535,4.738461494445801,6.367659568786621
2025-08-12,10.768892288208008,18.43462562561035,22.317628860473633,15.438294410705566,14.19631576538086,7.260000228881836,13.293790817260742,25.15399932861328,4.762637615203857,6.387403964996338
2025-08-13,11.184602737426758,18.508291244506836,22.733854293823242,15.447830200195312,14.215789794921875,7.400000095367432,13.293790817260742,25.649457931518555,4.796483516693115,6.683574676513672
2025-08-14,11.046032905578613,18.241252899169922,22.793315887451172,15.247579574584961,14.361842155456543,7.349999904632568,13.460891723632812,25.74473762512207,4.786812782287598,6.555233955383301
2025-08-18,10.986645698547363,18.029468536376953,22.357269287109375,15.314329147338867,14.17684268951416,7.239999771118164,13.460891723632812,25.15399932861328,4.719120979309082,6.397276878356934
2025-08-19,11.125215530395508,17.882139205932617,22.159067153930664,15.55272102355957,14.128157615661621,7.159999847412109,13.368057250976562,25.211166381835938,4.786812782287598,6.515744686126709
2025-08-20,11.065828323364258,18.406999588012695,22.892417907714844,15.590865135192871,14.137894630432129,7.260000228881836,13.553725242614746,25.211166381835938,4.781978130340576,6.446638584136963
2025-08-21,11.046032905578613,18.149173736572266,22.6942138671875,15.562257766723633,14.25473690032959,7.230000019073486,13.460891723632812,25.19211196899414,4.781978130340576,6.456510543823242
2025-08-22,11.125215530395508,18.186006546020508,22.9122371673584,15.533651351928711,14.264472961425781,7.269999980926514,13.553725242614746,25.15399932861328,4.738461494445801,6.565106391906738
2025-08-25,10.966849327087402,17.77164077758789,23.189720153808594,15.447830200195312,14.303420066833496,7.230000019073486,13.906493186950684,24.96343994140625,4.767472267150879,6.663829803466797
2025-08-26,10.887666702270508,17.633520126342773,22.813135147094727,15.323864936828613,14.030789375305176,7.300000190734863,13.94362735748291,24.772878646850586,4.719120979309082,6.574978828430176
2025-08-27,10.808484077453613,17.68876838684082,22.63475227355957,15.533651351928711,14.021052360534668,7.309999942779541,13.757959365844727,24.772878646850586,4.786812782287598,6.515744686126709
2025-08-28,10.650117874145508,17.744016647338867,22.17888641357422,15.304793357849121,13.923684120178223,7.269999980926514,13.423757553100586,24.429868698120117,4.85450553894043,6.446638584136963
2025-08-29,10.788687705993652,17.651935577392578,22.198707580566406,15.161758422851562,13.904210090637207,7.25,13.312357902526855,23.991580963134766,4.7771430015563965,6.436766147613525
2025-09-01,10.768892288208008,17.82689094543457,22.000505447387695,15.295259475708008,13.748420715332031,7.230000019073486,13.070989608764648,24.220252990722656,4.781978130340576,6.515744686126709
2025-09-02,10.353180885314941,17.578271865844727,21.782480239868164,15.104544639587402,13.456315040588379,7.059999942779541,12.699654579162598,23.57234764099121,4.496703624725342,6.298553466796875
2025-09-03,10.610526084899902,17.69797706604004,22.000505447387695,15.314329147338867,13.767894744873047,7.150000095367432,12.922455787658691,23.762908935546875,4.554725170135498,6.397276878356934
2025-09-04,10.452160835266113,17.716392517089844,21.941041946411133,15.42875862121582,13.582894325256348,7.150000095367432,12.755354881286621,23.324617385864258,4.5015387535095215,6.308425426483154
2025-09-05,10.551138877868652,17.283613204956055,21.76266098022461,15.533651351928711,13.777630805969238,7.03000020980835,12.588254928588867,23.153112411499023,4.4676923751831055,6.259064197540283
2025-09-08,10.590729713439941,17.37569236755371,21.86176109313965,15.42875862121582,13.875,7.019999980926514,12.811055183410645,23.438955307006836,4.487032890319824,6.2491912841796875
2025-09-09,10.749095916748047,17.403316497802734,21.86176109313965,15.447830200195312,13.738683700561523,7.090000152587891,12.941021919250488,23.172168731689453,4.482198238372803,6.308425426483154
2025-09-10,10.749095916748047,17.55064582824707,22.258167266845703,15.686222076416016,13.68026351928711,7.070000171661377,12.922455787658691,23.629514694213867,4.3032965660095215,6.298553466796875
2025-09-11,10.828278541564941,17.68876838684082,22.4761905670166,15.82925796508789,13.709473609924316,7.090000152587891,13.163824081420898,24.105915069580078,4.409670352935791,6.515744686126709
2025-09-12,11.145011901855469,17.808473587036133,22.654573440551758,16.143936157226562,13.972368240356445,7.099999904632568,13.182390213012695,24.487037658691406,4.41934061050415,6.683574676513672
2025-09-15,11.323172569274902,18.00184440612793,22.813135147094727,16.03904151916504,14.011316299438477,7.150000095367432,13.126689910888672,24.63948631286621,4.370988845825195,6.772425651550293
2025-09-16,11.224194526672363,18.112340927124023,22.753673553466797,16.02950668334961,13.806841850280762,7.130000114440918,13.089556694030762,24.525150299072266,4.390329837799072,6.792170524597168
2025-09-17,11.164807319641113,17.937387466430664,22.714035034179688,15.95322036743164,13.63157844543457,7.090000152587891,12.718221664428711,24.544206619262695,4.332307815551758,6.811914920806885
2025-09-18,11.659701347351074,18.232046127319336,22.674392700195312,16.096256256103516,13.758157730102539,7.079999923706055,12.681087493896484,24.39175796508789,4.3032965660095215,6.871149063110352
2025-09-19,11.857658386230469,18.563539505004883,22.872596740722656,15.886470794677734,13.699736595153809,7.090000152587891,12.885322570800781,24.94438362121582,4.351648330688477,7.029106140136719
2025-09-22,11.917045593261719,18.342544555664062,22.674392700195312,15.924614906311035,13.865262985229492,7.090000152587891,12.718221664428711,24.487037658691406,4.3032965660095215,7.058723449707031
2025-09-23,12.25357437133789,18.600370407104492,22.654573440551758,15.905543327331543,13.962631225585938,7.079999923706055,12.681087493896484,24.734766006469727,4.2404398918151855,7.098212718963623
2025-09-24,12.25357437133789,18.600370407104492,22.654573440551758,15.714828491210938,13.894474029541016,7.079999923706055,12.681087493896484,25.19211196899414,4.2065935134887695,7.15744686126709
2025-09-25,12.11500358581543,18.47145652770996,22.099605560302734,15.629007339477539,13.68026351928711,6.849999904632568,12.625388145446777,24.94438362121582,4.250109672546387,7.177191734313965
2025-09-26,12.25357437133789,18.2965030670166,22.317628860473633,15.447830200195312,13.709473609924316,6.679999828338623,12.699654579162598,24.677597045898438,4.221098899841309,7.3450212478637695
2025-09-29,11.89725112915039,18.370168685913086,22.614933013916016,15.409686088562012,13.534210205078125,6.570000171661377,12.643954277038574,24.677597045898438,4.221098899841309,7.453617095947266
2025-09-30,12.075411796569824,18.2965030670166,22.139245986938477,15.37154483795166,13.651052474975586,6.550000190734863,12.421154022216797,24.448925018310547,4.1582417488098145,7.354893684387207
2025-10-01,12.41193962097168,18.13996696472168,22.396909713745117,15.476435661315918,14.021052360534668,6.599999904632568,12.365452766418457,24.41081428527832,4.1582417488098145,7.3450212478637695
2025-10-02,12.76826286315918,18.637203216552734,22.21852684020996,15.218972206115723,13.865262985229492,6.639999866485596,12.402586936950684,24.258363723754883,4.225934028625488,7.591829776763916
2025-10-03,12.84744644165039,18.508291244506836,22.396909713745117,15.1903657913208,13.758157730102539,6.550000190734863,12.55112075805664,24.772878646850586,4.1920881271362305,7.700425624847412
2025-10-06,12.926630020141602,18.324127197265625,21.901403427124023,15.009186744689941,13.690000534057617,6.400000095367432,12.38401985168457,24.810991287231445,4.153406620025635,7.868255138397217
2025-10-07,12.926630020141602,18.52670669555664,22.27798843383789,15.114080429077148,13.719210624694824,6.5,12.291186332702637,24.96343994140625,4.114725589752197,7.897872447967529
2025-10-08,13.02560806274414,18.360960006713867,22.317628860473633,15.161758422851562,13.826314926147461,6.380000114440918,12.254053115844727,24.525150299072266,4.143736362457275,7.996596336364746
2025-10-09,13.342340469360352,18.43462562561035,22.733854293823242,15.02825927734375,14.157367706298828,6.400000095367432,12.30975341796875,25.020606994628906,4.19692325592041,7.957107067108154
2025-10-10,13.480910301208496,18.52670669555664,22.773494720458984,15.304793357849121,14.400789260864258,6.480000019073486,12.643954277038574,24.8681583404541,4.148571491241455,8.045957565307617
2025-10-13,13.183974266052246,18.47145652770996,23.150081634521484,15.123615264892578,14.118420600891113,6.349999904632568,12.439720153808594,24.467981338500977,4.056703567504883,7.888000011444092
2025-10-14,12.887038230895996,17.182321548461914,23.189720153808594,15.056865692138672,14.079473495483398,6.360000133514404,12.34688663482666,23.991580963134766,3.9938461780548096,7.8386383056640625
2025-10-15,13.005812644958496,17.1270751953125,23.20954132080078,14.98058032989502,13.923684120178223,6.420000076293945,12.718221664428711,23.762908935546875,4.056703567504883,7.789276599884033
2025-10-16,13.183974266052246,16.27992820739746,22.892417907714844,14.999650955200195,14.050263404846191,6.349999904632568,12.421154022216797,23.343673706054688,4.051867961883545,7.690553188323975
2025-10-17,13.045404434204102,16.54696273803711,22.595111846923828,14.894759178161621,13.865262985229492,6.300000190734863,12.291186332702637,23.629514694213867,4.216263771057129,7.542468070983887
2025-10-20,12.966221809387207,16.629837036132812,22.595111846923828,15.114080429077148,14.098946571350098,6.400000095367432,12.38401985168457,23.324617385864258,4.109889984130859,7.641191482543945
2025-10-21,12.966221809387207,16.703500747680664,22.515830993652344,14.780330657958984,14.19631576538086,6.440000057220459,12.495420455932617,23.53423500061035,4.134066104888916,7.996596336364746
2025-10-22,13.302748680114746,16.961328506469727,22.63475227355957,15.075937271118164,14.235262870788574,6.699999809265137,12.55112075805664,23.53423500061035,4.114725589752197,7.986723899841309
2025-10-23,13.718460083007812,16.758750915527344,23.011337280273438,15.218972206115723,14.33263111114502,7.0,12.476853370666504,24.296476364135742,4.022857189178467,8.134808540344238
2025-10-24,13.639276504516602,16.850830078125,22.892417907714844,15.257115364074707,14.313157081604004,7.0,12.254053115844727,23.953468322753906,3.9938461780548096,8.055830001831055
2025-10-27,13.857029914855957,16.942913055419922,22.793315887451172,15.2761869430542,14.478683471679688,7.03000020980835,12.14265251159668,24.296476364135742,4.013186931610107,8.07557487487793
2025-10-29,14.054987907409668,16.998159408569336,23.189720153808594,15.533651351928711,14.683157920837402,7.079999923706055,12.495420455932617,25.344560623168945,4.0421977043151855,8.184170722961426
2025-10-30,14.233149528503418,16.67587661743164,22.872596740722656,15.638543128967285,14.799999237060547,6.940000057220459,12.291186332702637,24.772878646850586,3.98901104927063,8.292765617370605
2025-10-31,14.252944946289062,16.528549194335938,22.971698760986328,15.55272102355957,14.69289493560791,6.940000057220459,12.235486030578613,24.791934967041016,3.969670295715332,8.381616592407227
2025-11-03,14.332127571105957,16.73693084716797,22.832956314086914,15.524115562438965,15.28684139251709,6.869999885559082,12.439720153808594,25.344560623168945,3.9648351669311523,8.648170471191406
2025-11-04,14.351923942565918,16.680099487304688,22.813135147094727,15.781578063964844,15.452367782592773,6.809999942779541,12.569687843322754,25.001550674438477,3.9309890270233154,8.687660217285156
2025-11-05,14.648860931396484,16.594852447509766,22.85277557373047,15.571793556213379,15.53026294708252,6.690000057220459,12.476853370666504,25.26833724975586,3.8971431255340576,8.72714900970459
2025-11-06,15.123958587646484,16.414884567260742,22.793315887451172,15.485971450805664,15.53026294708252,6.769999980926514,12.569687843322754,25.020606994628906,3.810109853744507,9.171403884887695
2025-11-07,14.80722713470459,16.329635620117188,22.813135147094727,15.562257766723633,15.705525398254395,6.739999771118164,12.439720153808594,25.47795295715332,3.7810990810394287,9.072680473327637
2025-11-10,14.747838973999023,16.339109420776367,22.9122371673584,15.638543128967285,16.007368087768555,6.800000190734863,12.439720153808594,25.82096290588379,3.7714285850524902,9.368850708007812
2025-11-11,15.04477596282959,16.594852447509766,23.24917984008789,15.857863426208496,15.968420028686523,6.840000152587891,12.402586936950684,25.84001922607422,3.8197803497314453,9.37872314453125
2025-11-12,15.123958587646484,16.831649780273438,23.863609313964844,16.12486457824707,16.075525283813477,6.96999979019165,12.978155136108398,26.29736328125,3.887472629547119,9.665020942687988
2025-11-13,15.064571380615234,16.57590675354004,24.002351760864258,15.638543128967285,16.357892990112305,6.909999847412109,12.941021919250488,26.60226058959961,3.906813144683838,9.615659713745117
2025-11-14,15.005184173583984,16.42435646057129,23.78432846069336,15.848329544067383,16.34815788269043,7.099999904632568,12.792488098144531,26.62131690979004,3.8294506072998047,9.724255561828613
2025-11-17,15.500078201293945,16.339109420776367,23.744688034057617,16.03904151916504,16.4747371673584,7.019999980926514,12.699654579162598,26.697540283203125,3.853626251220703,9.951318740844727
2025-11-18,14.98538875579834,16.19702911376953,23.189720153808594,15.962757110595703,16.260526657104492,6.929999828338623,12.254053115844727,26.58320426940918,3.790769338607788,9.773616790771484
2025-11-19,14.549881935119629,16.291749954223633,23.823970794677734,15.924614906311035,16.513683319091797,7.0,12.495420455932617,27.250165939331055,3.8004395961761475,9.852595329284668
2025-11-20,14.98538875579834,16.291749954223633,24.022172927856445,16.296506881713867,16.640262603759766,7.0,12.606821060180664,27.345447540283203,3.8681318759918213,9.951318740844727
2025-11-21,15.10416316986084,16.291749954223633,23.942890167236328,16.32511329650879,16.766841888427734,7.0,12.532553672790527,27.250165939331055,3.858461618423462,10.10927677154541
2025-11-24,15.242733001708984,16.367525100708008,24.002351760864258,16.468149185180664,16.552631378173828,6.900000095367432,12.903888702392578,27.345447540283203,4.013186931610107,10.267233848571777
2025-11-25,14.92600154876709,16.528547286987305,24.081632614135742,16.592113494873047,17.039472579956055,6.940000057220459,13.368057250976562,27.15488624572754,4.037363052368164,9.971064567565918
2025-11-26,14.747838973999023,16.680099487304688,24.279836654663086,16.563507080078125,17.42894744873047,7.039999961853027,13.368057250976562,27.63128662109375,3.9454944133758545,9.822978973388672
2025-11-27,14.827021598815918,16.76534652709961,24.65641975402832,16.52536392211914,17.166051864624023,7.159999847412109,13.330924034118652,27.13582992553711,3.9261538982391357,9.674894332885742
2025-11-28,14.629064559936523,16.689571380615234,24.61678123474121,16.31557846069336,16.94210433959961,7.360000133514404,13.312357902526855,27.05960464477539,3.901977777481079,9.773616790771484
2025-12-01,14.728043556213379,16.916898727416992,24.418577194213867,16.506290435791016,16.883684158325195,7.409999847412109,12.996723175048828,28.336360931396484,3.906813144683838,9.773616790771484
2025-12-02,14.767635345458984,17.068449020385742,24.834802627563477,16.687469482421875,17.3023681640625,7.449999809265137,13.089556694030762,28.050521850585938,3.984175682067871,10.326468467712402
2025-12-03,14.886409759521484,16.97372817993164,24.596960067749023,16.601648330688477,17.33157730102539,7.349999904632568,13.033856391906738,28.374473571777344,4.061538219451904,10.622638702392578
2025-12-04,15.34171199798584,17.23894500732422,24.77534294128418,16.553970336914062,17.17578887939453,7.409999847412109,12.996723175048828,28.20296859741211,4.109889984130859,10.681872367858887
2025-12-05,15.4802827835083,17.598876953125,25.132108688354492,16.601648330688477,17.195262908935547,7.400000095367432,13.330924034118652,28.545976638793945,4.051867961883545,10.741106986999512
2025-12-08,15.856402397155762,17.381023406982422,25.270849227905273,16.52536392211914,17.42894744873047,7.429999828338623,13.145256996154785,29.04143524169922,4.047032833099365,11.076766014099121
2025-12-09,15.559465408325195,17.523101806640625,25.1717472076416,16.401399612426758,17.5068416595459,7.429999828338623,13.089556694030762,28.9652099609375,4.022857189178467,11.096510887145996
2025-12-10,15.638648986816406,17.523101806640625,24.953725814819336,16.382328033447266,17.41921043395996,7.429999828338623,13.089556694030762,28.94615364074707,4.022857189178467,11.313702583312988
2025-12-11,15.678239822387695,17.47574234008789,24.834802627563477,16.401399612426758,17.292631149291992,7.460000038146973,12.996723175048828,29.536893844604492,4.032527446746826,11.17548942565918
2025-12-12,15.69803524017334,17.523101806640625,24.91408348083496,16.382328033447266,17.33157730102539,7.75,13.033856391906738,29.51783561706543,4.114725589752197,11.629616737365723
2025-12-15,15.539669036865234,17.608348846435547,24.973546981811523,16.267898559570312,17.42894744873047,7.769999980926514,13.089556694030762,29.06049156188965,4.143736362457275,11.609872817993164
2025-12-16,15.658443450927734,17.418909072875977,24.854623794555664,16.163007736206055,17.536052703857422,7.75,13.126689910888672,28.75559425354004,4.114725589752197,11.846808433532715
2025-12-17,15.638648986816406,17.04950523376465,24.676240921020508,16.01043701171875,17.49710464477539,7.739999771118164,13.015290260314941,28.77465057373047,4.119560718536377,11.846808433532715
2025-12-18,15.34171199798584,17.371551513671875,24.418577194213867,16.0485782623291,17.360788345336914,7.75,13.163824081420898,29.27010726928711,4.109889984130859,11.767829895019531
2025-12-19,15.7178316116333,17.466270446777344,24.61678123474121,15.943684577941895,17.38026237487793,7.820000171661377,13.312357902526855,29.27010726928711,4.124395370483398,11.846808433532715
2025-12-22,15.302120208740234,17.54204559326172,24.87444496154785,16.086721420288086,17.57499885559082,7.769999980926514,13.405190467834473,29.994237899780273,4.1920881271362305,11.82706356048584
2025-12-23,15.203141212463379,17.54204559326172,24.814983367919922,16.115327835083008,17.526315689086914,7.670000076293945,13.460891723632812,30.2428035736084,4.177582740783691,11.728341102600098
2025-12-29,15.005184173583984,17.598876953125,25.03300666809082,16.1343994140625,17.516578674316406,7.78000020980835,13.200957298278809,29.78019905090332,4.163076877593994,11.590127944946289
2025-12-30,14.886409759521484,17.78831672668457,25.1717472076416,16.163007736206055,17.594472885131836,7.789999961853027,13.405190467834473,29.664548873901367,4.1582417488098145,11.590127944946289
2025-12-31,14.846817970275879,18.091419219970703,25.19156837463379,16.077186584472656,17.721052169799805,7.860000133514404,13.238090515136719,30.2620792388916,4.114725589752197,11.748085021972656
2026-01-02,15.401100158691406,18.00617218017578,25.251028060913086,16.019969940185547,18.130001068115234,7.860000133514404,13.423757553100586,30.281354904174805,4.211428642272949,11.94553279876709
2026-01-05,15.5990571975708,17.88303565979004,25.1717472076416,15.962757110595703,17.769737243652344,7.789999961853027,13.60942554473877,29.895851135253906,4.138901233673096,11.846808433532715
2026-01-07,15.638648986816406,17.778844833374023,25.409591674804688,16.1343994140625,17.886579513549805,7.619999885559082,13.535158157348633,29.105567932128906,4.201757907867432,11.82706356048584
2026-01-08,15.856402397155762,17.428382873535156,25.6077938079834,16.201148986816406,18.11052703857422,7.599999904632568,13.405190467834473,28.12253189086914,4.138901233673096,11.807319641113281
2026-01-09,16.311704635620117,17.712541580200195,25.568153381347656,16.201148986816406,18.17868423461914,7.550000190734863,13.572291374206543,28.12253189086914,4.153406620025635,12.044255256652832
2026-01-12,16.153337478637695,17.381023406982422,25.528512954711914,16.096256256103516,17.954736709594727,7.46999979019165,13.275223731994629,28.527311325073242,4.090549468994141,11.94553279876709
2026-01-13,16.133541107177734,17.314720153808594,25.270849227905273,16.067649841308594,17.672367095947266,7.440000057220459,13.163824081420898,28.238182067871094,4.109889984130859,11.767829895019531
2026-01-14,16.212724685668945,17.2010555267334,27.292518615722656,15.79111385345459,17.721052169799805,7.440000057220459,13.238090515136719,28.527311325073242,4.076044082641602,11.609872817993164
2026-01-15,16.450275421142578,17.144224166870117,29.215084075927734,16.201148986816406,18.01315689086914,7.449999809265137,13.126689910888672,28.816438674926758,4.061538219451904,11.708595275878906
2026-01-16,16.826393127441406,16.92637062072754,29.65113067626953,16.01043701171875,18.02289390563965,7.449999809265137,13.070989608764648,28.6622371673584,4.071208953857422,12.103489875793457
2026-01-19,16.885780334472656,16.755874633789062,29.988075256347656,15.73390007019043,18.13973617553711,7.400000095367432,12.978155136108398,28.43093490600586,4.037363052368164,11.965276718139648
2026-01-20,17.123329162597656,16.82217788696289,30.007896423339844,15.543185234069824,18.032630920410156,7.300000190734863,12.866755485534668,28.816438674926758,3.955164909362793,11.846808433532715
2026-01-21,17.42026710510254,16.803234100341797,30.562862396240234,15.447830200195312,18.159210205078125,7.349999904632568,12.941021919250488,30.050052642822266,3.9599997997283936,11.90604305267334
2026-01-22,17.816181182861328,16.935840606689453,31.41513442993164,15.562257766723633,18.93815803527832,7.380000114440918,13.145256996154785,31.225841522216797,4.124395370483398,11.925786972045898
2026-01-23,17.618223190307617,16.76534652709961,31.83135986328125,15.638543128967285,18.792104721069336,7.349999904632568,13.572291374206543,31.726993560791016,4.066373348236084,11.767829895019531
2026-01-26,18.46944236755371,16.76534652709961,31.67279624938965,15.39061450958252,18.996578216552734,7.349999904632568,13.7208251953125,31.726993560791016,4.109889984130859,12.439149856567383
2026-01-27,18.33087158203125,16.23491668701172,32.307044982910156,15.066401481628418,18.81157875061035,7.28000020980835,13.81365966796875,32.2474250793457,4.129230976104736,12.87353229522705
2026-01-28,18.60801124572754,16.159141540527344,32.72327423095703,15.1903657913208,19.28868293762207,7.199999809265137,14.01789379119873,32.59437942504883,4.1582417488098145,13.130212783813477
2026-01-29,18.94454002380371,16.42435646057129,33.09986114501953,15.133151054382324,19.590526580810547,7.170000076293945,13.88792610168457,32.74858093261719,4.109889984130859,13.031489372253418
2026-01-30,19.201885223388672,16.102310180664062,32.9412956237793,15.037795066833496,19.434736251831055,7.199999809265137,13.88792610168457,32.729305267333984,4.264615058898926,12.8340425491333
2026-02-02,19.162294387817383,16.708513259887695,32.86201477050781,15.447830200195312,19.57105255126953,7.150000095367432,14.073594093322754,32.787132263183594,4.163076877593994,12.59710693359375
2026-02-03,18.964336395263672,16.73693084716797,33.892669677734375,15.400150299072266,19.551578521728516,7.139999866485596,14.147860527038574,33.615966796875,4.1727471351623535,12.794553756713867
2026-02-04,19.399843215942383,17.087392807006836,34.427818298339844,15.695756912231445,19.941051483154297,7.210000038146973,14.166427612304688,34.637550354003906,4.1582417488098145,13.228936195373535
2026-02-05,19.30086326599121,16.812705993652344,34.2296142578125,15.514579772949219,19.201051712036133,7.300000190734863,13.94362735748291,34.52190017700195,4.129230976104736,12.913021087646484
2026-02-06,18.964336395263672,16.623266220092773,35.10170364379883,15.590865135192871,19.3276309967041,7.329999923706055,13.925060272216797,34.98450469970703,4.1727471351623535,12.537872314453125
2026-02-09,18.8653564453125,16.149669647216797,35.06206512451172,15.629007339477539,19.035524368286133,7.349999904632568,13.81365966796875,35.04233169555664,4.177582740783691,12.656340599060059
2026-02-10,19.30086326599121,16.69904136657715,35.22062683105469,15.638543128967285,19.035524368286133,7.309999942779541,13.702259063720703,34.88813018798828,4.182417392730713,12.636595726013184
2026-02-11,19.59779930114746,16.348581314086914,36.50894546508789,15.876935005187988,19.278945922851562,7.159999847412109,13.498024940490723,34.695377349853516,4.148571491241455,12.636595726013184
2026-02-12,19.578004837036133,16.282278060913086,36.1125373840332,16.067649841308594,19.3665771484375,7.809999942779541,13.68369197845459,35.100154876708984,4.1582417488098145,12.755064010620117
2026-02-13,19.2216796875,15.732904434204102,34.84403991699219,16.201148986816406,18.53894805908203,7.650000095367432,13.60942554473877,34.23277282714844,4.080878734588623,12.577362060546875
2026-02-16,19.36025047302246,15.240363121032715,34.58638000488281,16.1343994140625,18.149473190307617,7.599999904632568,13.627992630004883,33.92436981201172,4.10505485534668,12.478638648986816
2026-02-17,19.30086326599121,15.060395240783691,33.734107971191406,16.191614151000977,18.02289390563965,7.940000057220459,13.182390213012695,33.53886413574219,4.061538219451904,12.300936698913574
2026-02-18,21.13197135925293,15.4392728805542,34.78458023071289,16.306041717529297,18.470788955688477,7.960000038146973,13.330924034118652,35.196533203125,4.1727471351623535,13.544851303100586
2026-02-19,20.53809928894043,15.249835014343262,34.48727798461914,16.23929214477539,17.77947425842285,7.900000095367432,12.848188400268555,34.695377349853516,4.138901233673096,13.485616683959961
2026-02-20,20.142183303833008,15.4392728805542,34.407997131347656,16.096256256103516,18.032630920410156,8.0,12.978155136108398,33.73161697387695,4.1582417488098145,13.781787872314453
2026-02-24,20.884525299072266,14.766765594482422,35.45846939086914,16.782827377319336,18.13973617553711,7.940000057220459,12.885322570800781,35.08088302612305,4.346813201904297,14.650553703308105
2026-02-25,20.884525299072266,14.596270561218262,35.379188537597656,17.15471839904785,18.227367401123047,7.980000019073486,13.052423477172852,34.907405853271484,4.438681602478027,14.887489318847656
2026-02-26,21.2309513092041,15.202474594116211,36.19182205200195,16.84004020690918,18.5,7.949999809265137,12.866755485534668,35.25436019897461,4.4338459968566895,15.144170761108398
2026-02-27,21.775333404541016,14.965676307678223,35.755775451660156,16.687469482421875,18.402631759643555,7.840000152587891,12.736788749694824,35.35073471069336,4.414505481719971,15.578553199768066
2026-03-02,21.181459426879883,14.378416061401367,34.94314193725586,16.496755599975586,17.760000228881836,7.849999904632568,11.845584869384766,35.81333923339844,4.264615058898926,15.00595760345459
2026-03-03,19.498821258544922,13.942706108093262,31.97010040283203,15.42875862121582,16.649999618530273,7.309999942779541,10.972947120666504,33.44248962402344,4.114725589752197,13.821276664733887
2026-03-04,20.587587356567383,14.15108871459961,33.7935676574707,15.657614707946777,17.282894134521484,8.550000190734863,11.399982452392578,33.13408660888672,4.230769157409668,14.413617134094238
2026-03-05,19.944225311279297,14.15108871459961,34.11069107055664,15.762508392333984,17.42894744873047,8.630000114440918,11.158615112304688,34.13639450073242,4.279120922088623,14.216170310974121
2026-03-06,19.06331443786621,13.753267288208008,34.17015075683594,15.896007537841797,16.844736099243164,8.449999809265137,10.75014591217041,35.37001037597656,4.2065935134887695,13.62382984161377
2026-03-09,17.796384811401367,14.018481254577637,33.436805725097656,15.819721221923828,16.69868278503418,8.4399995803833,10.58304500579834,36.430145263671875,4.114725589752197,12.991999626159668
2026-03-10,19.1029052734375,14.132144927978516,34.2296142578125,16.115327835083008,17.214736938476562,8.449999809265137,10.954380989074707,35.948265075683594,4.19692325592041,13.920001029968262
2026-03-11,18.80596923828125,14.170032501220703,34.68547821044922,16.687469482421875,16.94210433959961,8.550000190734863,11.511383056640625,36.179569244384766,4.2404398918151855,14.176680564880371
2026-03-12,18.41005516052246,13.952177047729492,34.64583969116211,16.23929214477539,16.94210433959961,8.640000343322754,11.177181243896484,36.14101791381836,4.259780406951904,13.90025520324707
2026-03-13,18.88515281677246,14.018481254577637,34.606197357177734,16.573040008544922,16.951841354370117,8.6899995803833,11.307148933410645,36.23739242553711,4.404835224151611,13.920001029968262
2026-03-16,18.01413917541504,13.762738227844238,34.13051223754883,16.687469482421875,17.389999389648438,8.710000038146973,11.567083358764648,36.62289810180664,4.41934061050415,13.880511283874512
2026-03-17,17.89536476135254,13.762738227844238,34.2890739440918,16.515827178955078,17.526315689086914,8.75,11.474248886108398,37.77941131591797,4.361319065093994,13.347404479980469
2026-03-18,18.01413917541504,13.743795394897461,33.85302734375,16.22975730895996,17.594472885131836,8.8100004196167,11.325715065002441,37.87578582763672,4.3371429443359375,12.97225570678711
2026-03-19,17.71720314025879,13.412276268005371,33.2584228515625,15.915079116821289,17.38026237487793,9.239999771118164,11.028647422790527,37.914337158203125,4.187252521514893,12.87353229522705
2026-03-20,17.321287155151367,13.69643497467041,33.41698455810547,15.714828491210938,17.798948287963867,9.149999618530273,11.140048027038574,37.702308654785156,4.235604286193848,12.735319137573242
2026-03-23,17.71720314025879,13.715378761291504,34.84403991699219,15.77204418182373,17.97420883178711,9.300000190734863,11.140048027038574,36.333770751953125,4.250109672546387,12.814297676086426
2026-03-24,18.1527099609375,13.336501121520996,33.654823303222656,15.73390007019043,17.389999389648438,9.390000343322754,11.065780639648438,36.56507110595703,4.1920881271362305,12.22195816040039
2026-03-26,18.78617286682129,13.175477981567383,33.436805725097656,15.781578063964844,17.0978946685791,9.100000381469727,10.991514205932617,35.851890563964844,4.2984619140625,12.14297866821289
2026-03-27,18.21209716796875,12.881848335266113,32.703453063964844,15.609936714172363,17.039472579956055,8.800000190734863,10.824413299560547,35.87116622924805,4.19692325592041,11.90604305267334
2026-03-30,17.539039611816406,12.597689628601074,32.26740646362305,15.73390007019043,17.127105712890625,9.029999732971191,10.67587947845459,36.121742248535156,4.283956050872803,11.609872817993164
2026-03-31,18.726787567138672,12.398778915405273,33.55572509765625,15.562257766723633,17.487367630004883,9.0,10.954380989074707,36.71927261352539,4.245274543762207,12.478638648986816
2026-04-01,19.47902488708496,13.450164794921875,35.04224395751953,16.458614349365234,18.01315689086914,9.319999694824219,11.381416320800781,36.912025451660156,4.385494232177734,12.8340425491333
2026-04-02,19.28106689453125,13.791154861450195,35.16116714477539,16.658863067626953,18.198158264160156,9.149999618530273,10.972947120666504,37.49028396606445,4.211428642272949,12.577362060546875
2026-04-07,18.796072006225586,14.34999942779541,35.577392578125,16.496755599975586,18.480525970458984,9.199999809265137,10.991514205932617,37.62520980834961,4.2065935134887695,12.5576171875
2026-04-08,19.488924026489258,15.050000190734863,38.054927825927734,16.954469680786133,19.123157501220703,9.399999618530273,11.89200210571289,37.49028396606445,4.443516254425049,13.485616683959961
2026-04-09,19.469127655029297,14.399999618530273,38.451332092285156,17.068897247314453,18.78236961364746,9.199999809265137,11.622783660888672,37.066226959228516,4.293626308441162,13.327659606933594
2026-04-14,20.01350975036621,13.600000381469727,39.68019104003906,17.259613037109375,19.06473731994629,9.130000114440918,11.97555160522461,36.62289810180664,4.458022117614746,14.018723487854004
2026-04-15,20.468812942504883,13.770000457763672,39.30360412597656,17.33589744567871,19.463947296142578,9.229999542236328,12.189069747924805,36.14101791381836,4.641758441925049,14.077958106994629
2026-04-16,20.350038528442383,13.805000305175781,40.69102478027344,17.354969024658203,18.636314392089844,9.369999885559082,12.300469398498535,36.430145263671875,4.641758441925049,14.077958106994629
2026-04-17,20.963706970214844,13.795000076293945,40.53246307373047,17.087968826293945,18.227367401123047,9.430000305175781,12.681087493896484,35.196533203125,4.796483516693115,14.611063957214355
2026-04-20,20.745952606201172,13.619999885559082,40.43335723876953,17.04029083251953,18.159210205078125,9.270000457763672,12.124086380004883,33.69306564331055,4.74813175201416,14.295148849487305
2026-04-21,20.666770935058594,13.600000381469727,40.334259033203125,17.45032501220703,18.18842124938965,9.449999809265137,12.114802360534668,34.50262451171875,4.757802486419678,14.334638595581055
2026-04-22,20.785545349121094,13.170000076293945,40.82976531982422,17.431255340576172,18.003419876098633,9.4399995803833,11.325715065002441,34.309871673583984,4.603076934814453,14.077958106994629
2026-04-23,20.330244064331055,13.149999618530273,40.9090461730957,17.31682586669922,18.13973617553711,10.0600004196167,11.464966773986816,34.17494583129883,4.617582321166992,13.841021537780762
2026-04-24,20.785545349121094,13.220000267028809,40.21533966064453,17.45032501220703,17.62368392944336,9.979999542236328,11.529950141906738,33.577415466308594,4.583735942840576,13.90025520324707
2026-04-27,21.498191833496094,13.324999809265137,40.05677032470703,17.459861755371094,17.81842041015625,10.199999809265137,11.697051048278809,33.750892639160156,4.641758441925049,14.472850799560547
2026-04-28,21.517988204956055,13.005000114440918,39.00630187988281,17.45032501220703,17.721052169799805,10.100000381469727,11.729999542236328,34.02074432373047,4.5160441398620605,14.393872261047363
2026-04-29,22.96307945251465,12.699999809265137,39.70001220703125,17.164255142211914,17.487367630004883,10.260000228881836,11.479999542236328,35.27363204956055,4.477362632751465,14.670297622680664
2026-04-30,23.596542358398438,12.100000381469727,40.492820739746094,17.32636260986328,17.536052703857422,10.279999732971191,11.149999618530273,36.62289810180664,4.390329837799072,14.512340545654297
2026-05-04,24.289396286010742,12.789999961853027,40.710845947265625,17.42171859741211,17.70157814025879,10.140000343322754,11.0,37.29753112792969,4.458022117614746,15.223149299621582
2026-05-05,24.34878158569336,12.984999656677246,41.166709899902344,17.545682907104492,17.721052169799805,10.15999984741211,11.069999694824219,37.278255462646484,4.593406677246094,15.400851249694824
2026-05-06,24.74469757080078,13.260000228881836,42.11808395385742,17.73639678955078,18.285789489746094,10.0,11.520000457763672,35.46638488769531,4.641758441925049,17.07914924621582
2026-05-07,24.84367561340332,12.835000038146973,42.81179428100586,17.45032501220703,18.353946685791016,9.949999809265137,11.5,35.89044189453125,4.641758441925049,17.671489715576172
2026-05-08,24.289396286010742,12.3149995803833,42.69287109375,17.288217544555664,18.597368240356445,9.869999885559082,11.3100004196167,34.88813018798828,4.603076934814453,17.316085815429688
2026-05-11,25.180204391479492,12.350000381469727,42.81179428100586,17.354969024658203,19.3665771484375,10.319999694824219,11.109999656677246,34.02074432373047,4.598241806030273,17.86893653869629
2026-05-12,24.92285919189453,12.050000190734863,42.3757438659668,17.402647018432617,19.21078872680664,10.180000305175781,11.359999656677246,35.65913772583008,4.603076934814453,17.967660903930664
2026-05-13,25.14061164855957,12.255000114440918,41.70185852050781,17.478933334350586,19.629472732543945,10.279999732971191,11.279999732971191,34.48334884643555,4.535384654998779,17.770212173461914
2026-05-14,25.833463668823242,12.135000228881836,41.682037353515625,17.64103889465332,19.785263061523438,10.520000457763672,11.260000228881836,34.117122650146484,4.559560775756836,18.87591552734375
2026-05-15,24.764493942260742,11.944999694824219,40.75048065185547,17.984325408935547,19.230262756347656,10.220000267028809,11.079999923706055,34.271324157714844,4.574066162109375,18.402042388916016
2026-05-18,24.526945114135742,11.765000343322754,40.631561279296875,17.879432678222656,19.68789291381836,10.300000190734863,10.84000015258789,33.615966796875,4.4483513832092285,18.066383361816406
2026-05-19,23.240219116210938,11.805000305175781,39.6207275390625,17.879432678222656,19.278945922851562,10.220000267028809,11.020000457763672,33.34611129760742,4.356483459472656,17.86893653869629
2026-05-20,23.161035537719727,11.779999732971191,39.660369873046875,17.774538040161133,19.395790100097656,10.199999809265137,11.229999542236328,34.56045150756836,4.3032965660095215,18.559999465942383
2026-05-21,23.45797348022461,12.175000190734863,39.71982955932617,17.831754684448242,20.797895431518555,10.279999732971191,11.319999694824219,34.02074432373047,4.182417392730713,18.777193069458008
2026-05-22,24.62592124938965,11.899999618530273,40.23515319824219,17.831754684448242,20.05789566040039,10.300000190734863,11.65999984741211,33.365386962890625,4.235604286193848,18.95489501953125
2026-05-25,24.84367561340332,12.180000305175781,42.514488220214844,17.669647216796875,20.642105102539062,10.34000015258789,12.050000190734863,33.86654281616211,4.216263771057129,19.349788665771484
2026-05-26,24.72490119934082,12.680000305175781,42.613590240478516,17.64103889465332,20.914735794067383,10.359999656677246,12.149999618530273,34.52190017700195,4.1582417488098145,19.892765045166016
2026-05-27,24.74469757080078,12.645000457763672,42.69287109375,17.63150405883789,20.447368621826172,10.34000015258789,12.319999694824219,35.389286041259766,4.221098899841309,19.942129135131836
2026-05-28,25.437549591064453,12.255000114440918,41.74149703979492,17.459861755371094,21.401578903198242,10.380000114440918,12.100000381469727,35.67841339111328,4.201757907867432,20.435745239257812
2026-05-29,24.72490119934082,12.595000267028809,42.3757438659668,17.345434188842773,20.992630004882812,10.380000114440918,12.390000343322754,35.639862060546875,4.259780406951904,20.583829879760742
2026-06-02,25.27918243408203,12.9399995803833,41.58293533325195,17.354969024658203,20.914735794067383,10.680000305175781,12.380000114440918,37.972164154052734,4.245274543762207,20.731914520263672
2026-06-03,24.70510482788086,13.170000076293945,41.444190979003906,17.354969024658203,20.68105125427246,10.579999923706055,12.319999694824219,38.1456413269043,4.187252521514893,20.63319206237793
2026-06-04,24.58633041381836,13.380000114440918,42.3162841796875,17.307289123535156,20.77842140197754,10.539999961853027,12.119999885559082,38.43476867675781,4.177582740783691,20.63319206237793
2026-06-05,24.70510482788086,13.510000228881836,42.474849700927734,17.278684616088867,20.992630004882812,10.579999923706055,12.130000114440918,38.492591857910156,4.3032965660095215,20.583829879760742
2026-06-08,24.289396286010742,13.015000343322754,42.57394790649414,17.354969024658203,21.070526123046875,10.539999961853027,11.899999618530273,38.3383903503418,4.293626308441162,19.942129135131836
2026-06-09,23.418380737304688,13.470000267028809,42.613590240478516,17.42171859741211,21.5573673248291,10.600000381469727,12.050000190734863,38.1456413269043,4.235604286193848,19.645957946777344
2026-06-10,23.81429672241211,13.425000190734863,42.910892486572266,17.92711067199707,21.81052589416504,10.5600004196167,11.890000343322754,38.357666015625,4.1920881271362305,19.25106430053711
2026-06-11,23.8538875579834,13.850000381469727,43.70370101928711,18.289466857910156,21.829999923706055,10.319999694824219,11.829999923706055,39.186500549316406,4.274285793304443,18.895658493041992
2026-06-12,23.3787899017334,13.930000305175781,44.27849197387695,18.365753173828125,22.063684463500977,10.319999694824219,12.170000076293945,38.43476867675781,4.351648330688477,18.895658493041992
2026-06-15,24.19041633605957,13.859999656677246,44.377593994140625,18.39436149597168,22.297367095947266,10.380000114440918,12.739999771118164,36.98912811279297,4.487032890319824,19.409021377563477
2026-06-16,24.289396286010742,13.9350004196167,44.19921112060547,18.451574325561523,22.35578727722168,10.319999694824219,12.75,37.124053955078125,4.574066162109375,18.974637985229492
2026-06-17,23.576745986938477,13.699999809265137,45.64609146118164,18.146432876586914,22.72579002380371,10.119999885559082,12.680000305175781,36.52652359008789,4.632087707519531,19.152339935302734
2026-06-18,24.36857795715332,13.890000343322754,45.28932571411133,18.203645706176758,22.27789306640625,10.5,12.65999984741211,36.14101791381836,4.641758441925049,18.95489501953125
2026-06-19,25.19999885559082,13.800000190734863,45.170406341552734,18.365753173828125,22.31684112548828,10.779999732971191,12.699999809265137,36.62289810180664,4.607912063598633,20.682554244995117
2026-06-22,26.200000762939453,13.630000114440918,46.08213806152344,18.051074981689453,22.511579513549805,10.720000267028809,12.720000267028809,37.39390563964844,4.699780464172363,21.571063995361328
2026-06-23,24.15999984741211,13.725000381469727,45.586631774902344,18.03200340270996,22.394737243652344,10.65999984741211,12.600000381469727,37.39390563964844,4.598241806030273,21.07744789123535
2026-06-24,24.15999984741211,13.765000343322754,45.36860656738281,18.22271728515625,22.394737243652344,10.579999923706055,12.640000343322754,37.20115280151367,4.506373405456543,20.8799991607666
2026-06-25,23.899999618530273,13.71500015258789,44.793819427490234,18.51832389831543,22.41421127319336,10.579999923706055,12.859999656677246,37.972164154052734,4.4483513832092285,19.600000381469727
2026-06-26,23.81999969482422,13.869999885559082,44.87310028076172,18.585073471069336,22.433685302734375,10.739999771118164,12.90999984741211,38.13999938964844,4.400000095367432,19.479999542236328
2026-06-29,23.299999237060547,13.84000015258789,45.13076400756836,18.527860641479492,22.394737243652344,10.720000267028809,12.760000228881836,39.400001525878906,4.409999847412109,19.440000534057617
2026-06-30,23.0,13.920000076293945,44.0,18.527860641479492,22.394737243652344,10.739999771118164,12.699999809265137,38.380001068115234,4.474999904632568,19.200000762939453
2026-07-01,22.299999237060547,14.114999771118164,45.36000061035156,18.780000686645508,22.336315155029297,10.859999656677246,12.829999923706055,39.959999084472656,4.46999979019165,18.739999771118164
2026-07-02,22.260000228881836,14.100000381469727,46.0,18.690000534057617,22.706315994262695,11.300000190734863,12.9399995803833,41.08000183105469,4.434999942779541,19.059999465942383
2026-07-03,23.100000381469727,14.225000381469727,46.220001220703125,19.5,23.076316833496094,11.4399995803833,12.960000038146973,41.400001525878906,4.570000171661377,19.0
2026-07-06,23.979999542236328,14.175000190734863,47.0,19.5,23.56315803527832,11.880000114440918,12.829999923706055,43.29999923706055,4.449999809265137,19.18000030517578
2026-07-07,23.399999618530273,14.15999984741211,46.91999816894531,19.5,23.465789794921875,11.979999542236328,12.800000190734863,42.58000183105469,4.429999828338623,18.920000076293945
2026-07-08,21.979999542236328,13.670000076293945,45.91999816894531,19.149999618530273,23.27105140686035,12.079999923706055,12.270000457763672,42.84000015258789,4.364999771118164,18.200000762939453
2026-07-09,21.6200008392334,13.350000381469727,44.79999923706055,19.049999237060547,22.99842071533203,12.539999961853027,12.449999809265137,44.599998474121094,4.315000057220459,17.84000015258789
2026-07-10,22.020000457763672,13.359999656677246,44.400001525878906,19.639999389648438,22.64789390563965,12.140000343322754,12.359999656677246,47.0,4.324999809265137,17.780000686645508
2026-07-13,21.760000228881836,13.520000457763672,44.86000061035156,19.5,22.394737243652344,12.600000381469727,12.210000038146973,47.58000183105469,4.28000020980835,18.18000030517578
2026-07-14,21.139999389648438,13.5,44.86000061035156,19.8799991607666,22.31684112548828,12.279999732971191,12.079999923706055,47.15999984741211,4.304999828338623,17.780000686645508
2026-07-15,20.6200008392334,13.220000267028809,45.79999923706055,19.829999923706055,22.49210548400879,12.5,11.930000305175781,48.880001068115234,4.21999979019165,18.0
2026-07-16,20.260000228881836,13.114999771118164,44.400001525878906,19.75,22.297367095947266,12.460000038146973,11.899999618530273,48.58000183105469,4.15500020980835,18.0
2026-07-17,19.81999969482422,13.0,42.79999923706055,19.799999237060547,22.19999885559082,12.0,11.699999809265137,47.0,4.039999961853027,17.1200008392334
2026-07-20,20.520000457763672,13.114999771118164,43.47999954223633,19.5,22.299999237060547,12.079999923706055,12.039999961853027,48.040000915527344,4.130000114440918,17.399999618530273
2026-07-21,20.799999237060547,13.274999618530273,43.65999984741211,19.489999771118164,22.899999618530273,11.920000076293945,11.960000038146973,48.5,4.130000114440918,17.239999771118164
2026-07-22,21.15999984741211,13.029999732971191,43.41999816894531,19.809999465942383,22.520000457763672,11.140000343322754,11.989999771118164,48.70000076293945,4.079999923706055,17.719999313354492
2026-07-23,21.479999542236328,12.850000381469727,42.439998626708984,19.510000228881836,22.219999313354492,10.9399995803833,11.619999885559082,49.81999969482422,4.099999904632568,17.399999618530273
2026-07-24,21.18000030517578,12.850000381469727,42.779998779296875,20.020000457763672,22.5,11.199999809265137,11.739999771118164,50.5,4.099999904632568,17.18000030517578
2026-07-27,21.1200008392334,12.984999656677246,42.79999923706055,19.809999465942383,22.3799991607666,11.279999732971191,12.020000457763672,49.880001068115234,4.139999866485596,17.600000381469727
2026-07-28,20.520000457763672,13.100000381469727,42.400001525878906,19.93000030517578,21.739999771118164,11.380000114440918,11.899999618530273,48.47999954223633,4.099999904632568,17.1200008392334
2026-07-29,20.780000686645508,13.300000190734863,42.36000061035156,19.850000381469727,22.020000457763672,11.380000114440918,11.989999771118164,50.70000076293945,4.09499979019165,17.299999237060547
2026-07-30,21.280000686645508,13.079999923706055,44.900001525878906,20.239999771118164,22.200000762939453,11.380000114440918,12.050000190734863,50.900001525878906,4.065000057220459,17.139999389648438
2026-08-03,21.8799991607666,13.609999656677246,45.08000183105469,20.399999618530273,22.6200008392334,11.460000038146973,12.4399995803833,52.29999923706055,4.079999923706055,18.399999618530273
2026-08-04,22.84000015258789,13.489999771118164,45.459999084472656,20.31999969482422,22.420000076293945,11.34000015258789,12.229999542236328,53.0,4.130000114440918,18.68000030517578
2026-08-05,22.459999084472656,13.444999694824219,46.619998931884766,19.84000015258789,22.579999923706055,11.239999771118164,12.5,52.599998474121094,4.139999866485596,18.780000686645508
2026-08-06,23.18000030517578,13.289999961853027,45.31999969482422,19.389999389648438,21.65999984741211,11.119999885559082,12.319999694824219,52.95000076293945,4.045000076293945,17.959999084472656
2026-08-07,23.0,13.489999771118164,44.540000915527344,19.780000686645508,21.940000534057617,10.979999542236328,12.369999885559082,53.0,4.110000133514404,18.059999465942383
2026-08-10,22.239999771118164,13.53499984741211,44.86000061035156,19.65999984741211,21.760000228881836,10.859999656677246,12.170000076293945,53.0,4.065000057220459,18.0
2026-08-11,22.200000762939453,13.520000457763672,44.97999954223633,19.549999237060547,22.100000381469727,11.5,12.270000457763672,53.150001525878906,4.070000171661377,17.979999542236328
2026-08-12,23.399999618530273,13.5,44.279998779296875,19.65999984741211,22.079999923706055,11.800000190734863,12.130000114440918,53.150001525878906,4.054999828338623,17.899999618530273
2026-08-13,23.299999237060547,13.4350004196167,44.29999923706055,19.65999984741211,22.079999923706055,11.819999694824219,12.109999656677246,53.20000076293945,4.059999942779541,17.979999542236328
